ID,Name,Set Name,era,Rarity,HP,Retreat Cost,n_attacks,max_damage,log_price,price_change_pct,card_age_yrs,price_feb,price_mar,kmeans_cluster,hclust_cluster
swsh1-1,Celebi V,Sword & Shield,modern,Rare Holo V,180.0,1,2,50,0.6575200029167941,0.12048192771084354,5.062286105407256,0.83,0.93,0,0
swsh1-2,Roselia,Sword & Shield,modern,Common,70.0,1,1,10,0.18232155679395465,0.0,5.062286105407256,0.2,0.2,0,2
swsh1-3,Roselia,Sword & Shield,modern,Common,70.0,1,2,20,0.18232155679395465,0.0,5.062286105407256,0.2,0.2,0,1
swsh1-4,Roserade,Sword & Shield,modern,Rare,120.0,1,2,90,0.3987761199573678,0.0,5.062286105407256,0.49,0.49,0,1
swsh1-5,Cottonee,Sword & Shield,modern,Common,60.0,1,1,10,0.18232155679395465,0.0,5.062286105407256,0.2,0.2,0,2
swsh1-6,Whimsicott,Sword & Shield,modern,Rare,100.0,1,2,50,1.220829921392359,0.01271186440677985,5.062286105407256,2.36,2.39,0,1
swsh1-7,Maractus,Sword & Shield,modern,Common,110.0,2,2,60,0.15700374880966478,0.0625,5.062286105407256,0.16,0.17,0,1
swsh1-8,Durant,Sword & Shield,modern,Rare,110.0,1,1,30,0.2776317365982795,-0.05882352941176472,5.062286105407256,0.34,0.32,0,2
swsh1-9,Dhelmise V,Sword & Shield,modern,Rare Holo V,220.0,2,2,200,0.4574248470388754,0.03571428571428559,5.062286105407256,0.56,0.58,2,0
swsh1-10,Grookey,Sword & Shield,modern,Common,60.0,1,1,10,0.16551443847757338,-0.052631578947368474,5.062286105407256,0.19,0.18,0,2
swsh1-11,Grookey,Sword & Shield,modern,Common,70.0,1,2,20,0.16551443847757338,0.0,5.062286105407256,0.18,0.18,0,1
swsh1-12,Thwackey,Sword & Shield,modern,Uncommon,100.0,2,2,60,0.4762341789963716,0.0,5.062286105407256,0.61,0.61,0,1
swsh1-13,Thwackey,Sword & Shield,modern,Uncommon,100.0,2,2,50,0.41871033485818504,0.061224489795918435,5.062286105407256,0.49,0.52,0,1
swsh1-14,Rillaboom,Sword & Shield,modern,Rare Holo,170.0,3,1,140,0.3001045924503381,0.0,5.062286105407256,0.35,0.35,2,0
swsh1-15,Rillaboom,Sword & Shield,modern,Rare,190.0,4,2,180,0.4382549309311553,0.0,5.062286105407256,0.55,0.55,2,0
swsh1-16,Blipbug,Sword & Shield,modern,Common,50.0,1,1,20,0.1397619423751587,0.0714285714285714,5.062286105407256,0.14,0.15,0,2
swsh1-17,Blipbug,Sword & Shield,modern,Common,40.0,1,1,0,0.13102826240640408,0.0,5.062286105407256,0.14,0.14,0,2
swsh1-18,Dottler,Sword & Shield,modern,Uncommon,70.0,2,2,30,0.2546422183735807,0.0,5.062286105407256,0.29,0.29,0,1
swsh1-19,Orbeetle,Sword & Shield,modern,Rare,130.0,1,1,90,0.33647223662121295,0.025641025641025772,5.062286105407256,0.39,0.4,0,2
swsh1-20,Gossifleur,Sword & Shield,modern,Common,50.0,1,2,10,0.23111172096338664,0.0,5.062286105407256,0.26,0.26,0,1
swsh1-21,Eldegoss,Sword & Shield,modern,Uncommon,80.0,1,2,30,0.3220834991691133,0.027027027027026973,5.062286105407256,0.37,0.38,0,1
swsh1-22,Vulpix,Sword & Shield,modern,Common,70.0,1,1,20,0.2546422183735807,0.07407407407407396,5.062286105407256,0.27,0.29,0,2
swsh1-23,Ninetales,Sword & Shield,modern,Rare,120.0,1,2,70,0.43178241642553783,-0.1428571428571428,5.062286105407256,0.63,0.54,0,1
swsh1-24,Torkoal V,Sword & Shield,modern,Rare Holo V,210.0,4,2,120,0.5538851132264376,0.04225352112676051,5.062286105407256,0.71,0.74,2,0
swsh1-25,Victini V,Sword & Shield,modern,Rare Holo V,190.0,2,2,30,0.49469624183610705,0.015873015873015817,5.062286105407256,0.63,0.64,0,0
swsh1-26,Heatmor,Sword & Shield,modern,Uncommon,110.0,1,2,50,0.262364264467491,0.034482758620689724,5.062286105407256,0.29,0.3,0,1
swsh1-27,Salandit,Sword & Shield,modern,Common,70.0,1,1,0,0.15700374880966478,0.0,5.062286105407256,0.17,0.17,0,2
swsh1-28,Salazzle,Sword & Shield,modern,Uncommon,120.0,1,2,120,0.3435897043900769,0.0,5.062286105407256,0.41,0.41,0,1
swsh1-29,Turtonator,Sword & Shield,modern,Rare,130.0,3,2,150,0.3784364357202451,0.09523809523809534,5.062286105407256,0.42,0.46,2,0
swsh1-30,Scorbunny,Sword & Shield,modern,Common,60.0,1,1,30,0.19062035960864973,0.04999999999999982,5.062286105407256,0.2,0.21,0,2
swsh1-31,Scorbunny,Sword & Shield,modern,Common,70.0,1,2,20,0.23111172096338664,0.040000000000000036,5.062286105407256,0.25,0.26,0,1
swsh1-32,Raboot,Sword & Shield,modern,Uncommon,90.0,1,2,70,0.35767444427181594,-0.022727272727272707,5.062286105407256,0.44,0.43,0,1
swsh1-33,Raboot,Sword & Shield,modern,Uncommon,90.0,1,2,50,0.4824261492442927,0.03333333333333344,5.062286105407256,0.6,0.62,0,1
swsh1-34,Cinderace,Sword & Shield,modern,Rare Holo,170.0,1,1,190,0.3646431135879093,0.023255813953488413,5.062286105407256,0.43,0.44,2,0
swsh1-35,Cinderace,Sword & Shield,modern,Rare Holo,170.0,1,2,160,0.41871033485818504,-0.018867924528301883,5.062286105407256,0.53,0.52,2,0
swsh1-36,Cinderace,Sword & Shield,modern,Rare,170.0,2,2,160,0.3220834991691133,0.027027027027026973,5.062286105407256,0.37,0.38,2,0
swsh1-37,Sizzlipede,Sword & Shield,modern,Common,70.0,1,2,50,0.19062035960864973,0.04999999999999982,5.062286105407256,0.2,0.21,0,1
swsh1-38,Sizzlipede,Sword & Shield,modern,Common,70.0,1,1,40,0.18232155679395465,0.0,5.062286105407256,0.2,0.2,0,2
swsh1-39,Centiskorch,Sword & Shield,modern,Rare,130.0,3,2,110,0.43178241642553783,0.0,5.062286105407256,0.54,0.54,2,0
swsh1-40,Shellder,Sword & Shield,modern,Common,70.0,1,1,20,0.15700374880966478,-0.05555555555555547,5.062286105407256,0.18,0.17,0,2
swsh1-41,Cloyster,Sword & Shield,modern,Rare,130.0,2,2,100,0.35767444427181594,-0.04444444444444451,5.062286105407256,0.45,0.43,0,1
swsh1-42,Krabby,Sword & Shield,modern,Common,80.0,2,2,30,0.1988508587451652,0.09999999999999987,5.062286105407256,0.2,0.22,0,1
swsh1-43,Krabby,Sword & Shield,modern,Common,80.0,2,1,120,0.1988508587451652,-0.0434782608695653,5.062286105407256,0.23,0.22,0,0
swsh1-44,Kingler,Sword & Shield,modern,Uncommon,130.0,2,2,90,0.35767444427181594,0.0,5.062286105407256,0.43,0.43,0,1
swsh1-45,Goldeen,Sword & Shield,modern,Common,70.0,1,1,10,0.18232155679395465,0.0,5.062286105407256,0.2,0.2,0,2
swsh1-46,Goldeen,Sword & Shield,modern,Common,70.0,1,2,20,0.18232155679395465,0.0,5.062286105407256,0.2,0.2,0,1
swsh1-47,Seaking,Sword & Shield,modern,Uncommon,110.0,2,2,50,0.3506568716131694,0.024390243902439046,5.062286105407256,0.41,0.42,0,1
swsh1-48,Lapras,Sword & Shield,modern,Rare,130.0,3,1,70,0.3920420877760237,0.04347826086956519,5.062286105407256,0.46,0.48,0,0
swsh1-49,Lapras V,Sword & Shield,modern,Rare Holo V,210.0,2,2,210,0.9669838461896731,0.0,5.062286105407256,1.63,1.63,2,0
swsh1-50,Lapras VMAX,Sword & Shield,modern,Rare Holo VMAX,320.0,3,1,90,1.423108334242607,0.01941747572815533,5.062286105407256,3.09,3.15,2,0
swsh1-51,Qwilfish,Sword & Shield,modern,Uncommon,90.0,1,1,10,0.2776317365982795,0.032258064516129004,5.062286105407256,0.31,0.32,0,2
swsh1-52,Mantine,Sword & Shield,modern,Uncommon,110.0,1,2,60,0.3293037471426004,0.026315789473684292,5.062286105407256,0.38,0.39,0,1
swsh1-53,Keldeo V,Sword & Shield,modern,Rare Holo V,210.0,2,2,50,0.5364933705145685,0.0,5.062286105407256,0.71,0.71,2,0
swsh1-54,Sobble,Sword & Shield,modern,Common,60.0,1,1,20,0.15700374880966478,0.0,5.062286105407256,0.17,0.17,0,2
swsh1-55,Sobble,Sword & Shield,modern,Common,70.0,1,2,20,0.19062035960864973,0.0,5.062286105407256,0.21,0.21,0,1
swsh1-56,Drizzile,Sword & Shield,modern,Uncommon,90.0,1,1,30,0.5364933705145685,0.05970149253731338,5.062286105407256,0.67,0.71,0,2
swsh1-57,Drizzile,Sword & Shield,modern,Uncommon,90.0,1,2,40,0.35767444427181594,0.0,5.062286105407256,0.43,0.43,0,1
swsh1-58,Inteleon,Sword & Shield,modern,Rare Holo,160.0,1,1,120,0.48858001481867097,0.016129032258064502,5.062286105407256,0.62,0.63,0,0
swsh1-59,Inteleon,Sword & Shield,modern,Rare,160.0,1,2,100,0.3784364357202451,0.0,5.062286105407256,0.46,0.46,0,1
swsh1-60,Chewtle,Sword & Shield,modern,Common,80.0,2,2,50,0.17395330712343804,0.0,5.062286105407256,0.19,0.19,0,1
swsh1-61,Drednaw,Sword & Shield,modern,Rare,130.0,3,2,130,0.3435897043900769,0.02499999999999991,5.062286105407256,0.4,0.41,2,0
swsh1-62,Cramorant,Sword & Shield,modern,Rare,110.0,1,2,50,0.3001045924503381,-0.02777777777777779,5.062286105407256,0.36,0.35,0,1
swsh1-63,Snom,Sword & Shield,modern,Common,50.0,1,1,10,0.2776317365982795,-0.030303030303030276,5.062286105407256,0.33,0.32,0,2
swsh1-64,Frosmoth,Sword & Shield,modern,Rare Holo,90.0,2,1,30,0.3293037471426004,0.0,5.062286105407256,0.39,0.39,0,2
swsh1-65,Pikachu,Sword & Shield,modern,Common,60.0,1,2,20,0.43178241642553783,0.018867924528301883,5.062286105407256,0.53,0.54,0,1
swsh1-66,Raichu,Sword & Shield,modern,Rare,130.0,1,2,120,0.3987761199573678,0.042553191489361764,5.062286105407256,0.47,0.49,0,1
swsh1-67,Chinchou,Sword & Shield,modern,Common,70.0,1,1,30,0.1484200051182733,-0.11111111111111105,5.062286105407256,0.18,0.16,0,2
swsh1-68,Chinchou,Sword & Shield,modern,Common,60.0,1,2,20,0.16551443847757338,0.0,5.062286105407256,0.18,0.18,0,1
swsh1-69,Lanturn,Sword & Shield,modern,Rare,120.0,2,2,90,0.31481073984003355,-0.07500000000000007,5.062286105407256,0.4,0.37,0,1
swsh1-70,Joltik,Sword & Shield,modern,Common,50.0,1,1,10,0.22314355131420976,0.04166666666666674,5.062286105407256,0.24,0.25,0,2
swsh1-71,Galvantula,Sword & Shield,modern,Uncommon,100.0,1,1,60,0.2851789422336624,0.0,5.062286105407256,0.33,0.33,0,2
swsh1-72,Tapu Koko V,Sword & Shield,modern,Rare Holo V,200.0,0,2,200,0.5306282510621704,-0.04109589041095896,5.062286105407256,0.73,0.7,2,1
swsh1-73,Yamper,Sword & Shield,modern,Common,70.0,1,2,10,0.20701416938432615,0.045454545454545414,5.062286105407256,0.22,0.23,0,1
swsh1-74,Yamper,Sword & Shield,modern,Common,70.0,1,2,20,0.18232155679395465,-0.04761904761904756,5.062286105407256,0.21,0.2,0,1
swsh1-75,Boltund,Sword & Shield,modern,Rare Holo,130.0,1,2,90,0.29266961396282,0.0,5.062286105407256,0.34,0.34,0,1
swsh1-76,Boltund,Sword & Shield,modern,Rare Holo,120.0,0,2,160,0.29266961396282,0.030303030303030276,5.062286105407256,0.33,0.34,0,1
swsh1-77,Pincurchin,Sword & Shield,modern,Common,80.0,2,1,30,0.16551443847757338,0.125,5.062286105407256,0.16,0.18,0,2
swsh1-78,Morpeko,Sword & Shield,modern,Rare,90.0,1,1,10,0.3784364357202451,-0.02127659574468077,5.062286105407256,0.47,0.46,0,2
swsh1-79,Morpeko V,Sword & Shield,modern,Rare Holo V,170.0,2,2,150,0.49469624183610705,0.0,5.062286105407256,0.64,0.64,2,0
swsh1-80,Morpeko VMAX,Sword & Shield,modern,Rare Holo VMAX,300.0,1,1,180,1.0750024230289759,0.10285714285714276,5.062286105407256,1.75,1.93,2,0
swsh1-81,Galarian Ponyta,Sword & Shield,modern,Common,70.0,1,1,10,0.29266961396282,0.0,5.062286105407256,0.34,0.34,0,2
swsh1-82,Galarian Rapidash,Sword & Shield,modern,Rare,100.0,1,1,30,0.7275486072772778,0.11458333333333348,5.062286105407256,0.96,1.07,0,2
swsh1-83,Gastly,Sword & Shield,modern,Common,60.0,1,1,20,0.2851789422336624,0.06451612903225823,5.062286105407256,0.31,0.33,0,2
swsh1-84,Haunter,Sword & Shield,modern,Uncommon,70.0,1,2,40,0.6043159668533294,0.1369863013698629,5.062286105407256,0.73,0.83,0,1
swsh1-85,Gengar,Sword & Shield,modern,Rare Holo,110.0,2,1,90,0.9001613499442714,0.2807017543859649,5.062286105407256,1.14,1.46,0,1
swsh1-86,Wobbuffet V,Sword & Shield,modern,Rare Holo V,220.0,3,2,70,0.6418538861723948,0.034482758620689724,5.062286105407256,0.87,0.9,2,0
swsh1-87,Munna,Sword & Shield,modern,Common,70.0,1,2,30,0.2546422183735807,0.0,5.062286105407256,0.29,0.29,0,1
swsh1-88,Musharna,Sword & Shield,modern,Rare,120.0,3,2,10,0.27002713721306015,0.0,5.062286105407256,0.31,0.31,0,1
swsh1-89,Sinistea,Sword & Shield,modern,Common,30.0,1,1,0,0.17395330712343804,0.0,5.062286105407256,0.19,0.19,0,2
swsh1-90,Polteageist,Sword & Shield,modern,Rare,60.0,1,2,50,0.33647223662121295,-0.024390243902438935,5.062286105407256,0.41,0.4,0,1
swsh1-91,Indeedee V,Sword & Shield,modern,Rare Holo V,180.0,2,1,10,0.5481214085096876,0.12307692307692308,5.062286105407256,0.65,0.73,0,0
swsh1-92,Diglett,Sword & Shield,modern,Common,60.0,1,1,10,0.16551443847757338,0.0,5.062286105407256,0.18,0.18,0,2
swsh1-93,Dugtrio,Sword & Shield,modern,Uncommon,90.0,1,1,60,0.31481073984003355,0.0,5.062286105407256,0.37,0.37,0,2
swsh1-94,Hitmonlee,Sword & Shield,modern,Uncommon,120.0,1,2,80,0.35767444427181594,0.0,5.062286105407256,0.43,0.43,0,1
swsh1-95,Hitmonchan,Sword & Shield,modern,Uncommon,120.0,1,2,60,0.4574248470388754,0.0,5.062286105407256,0.58,0.58,0,1
swsh1-96,Rhyhorn,Sword & Shield,modern,Common,100.0,3,2,30,0.20701416938432615,0.0,5.062286105407256,0.23,0.23,0,1
swsh1-97,Rhyhorn,Sword & Shield,modern,Common,90.0,2,2,70,0.19062035960864973,0.10526315789473673,5.062286105407256,0.19,0.21,0,1
swsh1-98,Rhydon,Sword & Shield,modern,Uncommon,120.0,4,2,100,0.3506568716131694,-0.023255813953488413,5.062286105407256,0.43,0.42,2,1
swsh1-99,Rhyperior,Sword & Shield,modern,Rare Holo,190.0,4,2,120,0.37156355643248307,0.04651162790697683,5.062286105407256,0.43,0.45,2,0
swsh1-100,Sudowoodo,Sword & Shield,modern,Uncommon,100.0,1,2,10,0.3852624007906449,0.0,5.062286105407256,0.47,0.47,0,1
swsh1-101,Baltoy,Sword & Shield,modern,Common,70.0,1,2,30,0.15700374880966478,0.0,5.062286105407256,0.17,0.17,0,1
swsh1-102,Baltoy,Sword & Shield,modern,Common,60.0,1,1,20,0.15700374880966478,0.0,5.062286105407256,0.17,0.17,0,2
swsh1-103,Claydol,Sword & Shield,modern,Rare,120.0,2,2,200,0.3435897043900769,0.0,5.062286105407256,0.41,0.41,2,0
swsh1-104,Regirock V,Sword & Shield,modern,Rare Holo V,220.0,3,2,190,0.6259384308664953,-0.011363636363636354,5.062286105407256,0.88,0.87,2,0
swsh1-105,Mudbray,Sword & Shield,modern,Common,80.0,2,2,30,0.20701416938432615,-0.11538461538461542,5.062286105407256,0.26,0.23,0,1
swsh1-106,Mudsdale,Sword & Shield,modern,Rare,150.0,3,1,120,0.29266961396282,-0.1282051282051282,5.062286105407256,0.39,0.34,2,0
swsh1-107,Silicobra,Sword & Shield,modern,Common,80.0,2,1,0,0.16551443847757338,-0.052631578947368474,5.062286105407256,0.19,0.18,0,2
swsh1-108,Silicobra,Sword & Shield,modern,Common,70.0,1,2,20,0.16551443847757338,0.0,5.062286105407256,0.18,0.18,0,1
swsh1-109,Sandaconda,Sword & Shield,modern,Rare,140.0,2,2,100,0.3074846997479606,0.0588235294117645,5.062286105407256,0.34,0.36,2,1
swsh1-110,Sandaconda,Sword & Shield,modern,Rare Holo,130.0,2,1,60,0.2851789422336624,0.03125,5.062286105407256,0.32,0.33,0,2
swsh1-111,Clobbopus,Sword & Shield,modern,Common,60.0,2,1,20,0.16551443847757338,0.0,5.062286105407256,0.18,0.18,0,2
swsh1-112,Clobbopus,Sword & Shield,modern,Common,80.0,2,1,50,0.18232155679395465,0.0,5.062286105407256,0.2,0.2,0,2
swsh1-113,Grapploct,Sword & Shield,modern,Rare,130.0,2,2,130,0.29266961396282,-0.02857142857142847,5.062286105407256,0.35,0.34,2,1
swsh1-114,Stonjourner,Sword & Shield,modern,Rare,120.0,2,1,70,0.2468600779315258,0.0,5.062286105407256,0.28,0.28,0,2
swsh1-115,Stonjourner V,Sword & Shield,modern,Rare Holo V,220.0,3,2,150,0.48858001481867097,0.125,5.062286105407256,0.56,0.63,2,0
swsh1-116,Stonjourner VMAX,Sword & Shield,modern,Rare Holo VMAX,330.0,3,2,200,0.8919980393051105,0.0588235294117645,5.062286105407256,1.36,1.44,2,0
swsh1-117,Galarian Zigzagoon,Sword & Shield,modern,Common,70.0,1,1,30,0.23901690047049992,0.03846153846153855,5.062286105407256,0.26,0.27,0,2
swsh1-118,Galarian Linoone,Sword & Shield,modern,Uncommon,100.0,2,2,70,0.4252677354043441,0.0,5.062286105407256,0.53,0.53,0,1
swsh1-119,Galarian Obstagoon,Sword & Shield,modern,Rare Holo,160.0,2,1,90,0.31481073984003355,0.0,5.062286105407256,0.37,0.37,0,0
swsh1-120,Sableye V,Sword & Shield,modern,Rare Holo V,170.0,2,2,10,0.6981347220709844,0.10989010989010994,5.062286105407256,0.91,1.01,0,0
swsh1-121,Skorupi,Sword & Shield,modern,Common,80.0,2,2,50,0.22314355131420976,-0.03846153846153855,5.062286105407256,0.26,0.25,0,1
swsh1-122,Drapion,Sword & Shield,modern,Rare,140.0,3,2,130,0.3920420877760237,0.02127659574468077,5.062286105407256,0.47,0.48,2,0
swsh1-123,Croagunk,Sword & Shield,modern,Common,70.0,1,2,30,0.19062035960864973,0.04999999999999982,5.062286105407256,0.2,0.21,0,1
swsh1-124,Toxicroak,Sword & Shield,modern,Rare Holo,110.0,1,1,70,0.6043159668533294,0.0,5.062286105407256,0.83,0.83,0,2
swsh1-125,Nickit,Sword & Shield,modern,Common,70.0,1,1,0,0.17395330712343804,0.11764705882352944,5.062286105407256,0.17,0.19,0,2
swsh1-126,Thievul,Sword & Shield,modern,Rare,100.0,1,2,90,0.3646431135879093,0.023255813953488413,5.062286105407256,0.43,0.44,0,1
swsh1-127,Galarian Meowth,Sword & Shield,modern,Common,70.0,1,2,30,0.17395330712343804,-0.050000000000000044,5.062286105407256,0.2,0.19,0,1
swsh1-128,Galarian Perrserker,Sword & Shield,modern,Rare Holo,120.0,2,1,70,0.31481073984003355,0.0,5.062286105407256,0.37,0.37,0,2
swsh1-129,Mawile,Sword & Shield,modern,Common,90.0,1,2,40,0.2546422183735807,-0.033333333333333326,5.062286105407256,0.3,0.29,0,1
swsh1-130,Ferroseed,Sword & Shield,modern,Common,70.0,2,1,10,0.19062035960864973,-0.045454545454545525,5.062286105407256,0.22,0.21,0,2
swsh1-131,Ferrothorn,Sword & Shield,modern,Uncommon,130.0,2,2,100,0.2776317365982795,0.0,5.062286105407256,0.32,0.32,0,1
swsh1-132,Galarian Stunfisk,Sword & Shield,modern,Uncommon,120.0,2,1,30,0.31481073984003355,-0.02631578947368418,5.062286105407256,0.38,0.37,0,2
swsh1-133,Pawniard,Sword & Shield,modern,Common,70.0,1,2,20,0.16551443847757338,0.0588235294117645,5.062286105407256,0.17,0.18,0,1
swsh1-134,Bisharp,Sword & Shield,modern,Uncommon,120.0,2,2,60,0.3646431135879093,0.023255813953488413,5.062286105407256,0.43,0.44,0,1
swsh1-135,Corviknight,Sword & Shield,modern,Rare,170.0,2,2,130,0.3506568716131694,0.024390243902439046,5.062286105407256,0.41,0.42,2,0
swsh1-136,Cufant,Sword & Shield,modern,Common,100.0,3,1,20,0.15700374880966478,0.0,5.062286105407256,0.17,0.17,0,2
swsh1-137,Copperajah,Sword & Shield,modern,Rare Holo,190.0,4,2,220,0.35767444427181594,0.0,5.062286105407256,0.43,0.43,2,0
swsh1-138,Zacian V,Sword & Shield,modern,Rare Holo V,220.0,2,1,230,0.5538851132264376,0.013698630136986356,5.062286105407256,0.73,0.74,2,0
swsh1-139,Zamazenta V,Sword & Shield,modern,Rare Holo V,230.0,2,1,130,0.5538851132264376,0.08823529411764697,5.062286105407256,0.68,0.74,2,0
swsh1-140,Snorlax,Sword & Shield,modern,Rare,150.0,4,2,130,0.6043159668533294,-0.02352941176470591,5.062286105407256,0.85,0.83,2,0
swsh1-141,Snorlax V,Sword & Shield,modern,Rare Holo V,220.0,4,2,170,1.5623463049002497,0.018918918918918948,5.062286105407256,3.7,3.77,2,0
swsh1-142,Snorlax VMAX,Sword & Shield,modern,Rare Holo VMAX,340.0,4,1,60,3.4716558453107167,0.0990133897110641,5.062286105407256,28.38,31.19,2,0
swsh1-143,Hoothoot,Sword & Shield,modern,Common,70.0,1,2,20,0.18232155679395465,0.05263157894736836,5.062286105407256,0.19,0.2,0,1
swsh1-144,Noctowl,Sword & Shield,modern,Rare,110.0,1,2,40,0.3001045924503381,0.02941176470588225,5.062286105407256,0.34,0.35,0,1
swsh1-145,Minccino,Sword & Shield,modern,Common,70.0,1,2,20,0.19062035960864973,0.0,5.062286105407256,0.21,0.21,0,1
swsh1-146,Minccino,Sword & Shield,modern,Common,60.0,1,1,30,0.20701416938432615,0.045454545454545414,5.062286105407256,0.22,0.23,0,2
swsh1-147,Cinccino,Sword & Shield,modern,Rare,90.0,1,1,40,0.5247285289349821,-0.04166666666666674,5.062286105407256,0.72,0.69,0,2
swsh1-148,Oranguru,Sword & Shield,modern,Rare Holo,120.0,2,1,70,0.31481073984003355,0.0,5.062286105407256,0.37,0.37,0,2
swsh1-149,Drampa,Sword & Shield,modern,Rare,130.0,2,1,80,0.3293037471426004,0.08333333333333348,5.062286105407256,0.36,0.39,0,2
swsh1-150,Rookidee,Sword & Shield,modern,Common,60.0,1,2,30,0.18232155679395465,0.05263157894736836,5.062286105407256,0.19,0.2,0,1
swsh1-151,Corvisquire,Sword & Shield,modern,Uncommon,80.0,1,2,50,0.3435897043900769,0.02499999999999991,5.062286105407256,0.4,0.41,0,1
swsh1-152,Wooloo,Sword & Shield,modern,Common,70.0,1,1,30,0.17395330712343804,0.0,5.062286105407256,0.19,0.19,0,2
swsh1-153,Wooloo,Sword & Shield,modern,Common,70.0,1,2,50,0.1988508587451652,0.09999999999999987,5.062286105407256,0.2,0.22,0,1
swsh1-154,Dubwool,Sword & Shield,modern,Uncommon,130.0,2,2,120,0.262364264467491,0.0,5.062286105407256,0.3,0.3,2,1
swsh1-155,Cramorant V,Sword & Shield,modern,Rare Holo V,200.0,1,2,0,0.412109650826833,0.020000000000000018,5.062286105407256,0.5,0.51,0,0
swsh1-187,Dhelmise V,Sword & Shield,modern,Rare Ultra,220.0,2,2,200,1.1939224684724346,0.013215859030836885,5.062286105407256,2.27,2.3,2,0
swsh1-188,Torkoal V,Sword & Shield,modern,Rare Ultra,210.0,4,2,120,1.3635373739972745,0.07380073800738018,5.062286105407256,2.71,2.91,2,0
swsh1-189,Lapras V,Sword & Shield,modern,Rare Ultra,210.0,2,2,210,1.589235205116581,0.09550561797752799,5.062286105407256,3.56,3.9,2,0
swsh1-190,Morpeko V,Sword & Shield,modern,Rare Ultra,170.0,2,2,150,1.4398351280479207,-0.02127659574468077,5.062286105407256,3.29,3.22,2,0
swsh1-191,Wobbuffet V,Sword & Shield,modern,Rare Ultra,220.0,3,2,70,1.332366019094335,0.13414634146341475,5.062286105407256,2.46,2.79,2,0
swsh1-192,Indeedee V,Sword & Shield,modern,Rare Ultra,180.0,2,1,10,0.9631743177730056,0.07284768211920545,5.062286105407256,1.51,1.62,0,0
swsh1-193,Stonjourner V,Sword & Shield,modern,Rare Ultra,220.0,3,2,150,1.000631880307906,0.01775147928994092,5.062286105407256,1.69,1.72,2,0
swsh1-194,Sableye V,Sword & Shield,modern,Rare Ultra,170.0,2,2,10,1.8050046959780757,0.05833333333333335,5.062286105407256,4.8,5.08,0,0
swsh1-195,Zacian V,Sword & Shield,modern,Rare Ultra,220.0,2,1,230,1.420695787837223,0.0228013029315961,5.062286105407256,3.07,3.14,2,0
swsh1-196,Zamazenta V,Sword & Shield,modern,Rare Ultra,230.0,2,1,130,1.423108334242607,0.1454545454545455,5.062286105407256,2.75,3.15,2,0
swsh1-197,Snorlax V,Sword & Shield,modern,Rare Ultra,220.0,4,2,170,2.6651427000909336,0.07389558232931726,5.062286105407256,12.45,13.37,2,0
swsh1-198,Cramorant V,Sword & Shield,modern,Rare Ultra,200.0,1,2,0,0.9360933591703349,0.019736842105263275,5.062286105407256,1.52,1.55,0,0
swsh1-203,Lapras VMAX,Sword & Shield,modern,Rare Rainbow,320.0,3,1,90,2.510411940196362,-0.03498293515358364,5.062286105407256,11.72,11.31,2,0
swsh1-204,Morpeko VMAX,Sword & Shield,modern,Rare Rainbow,300.0,1,1,180,2.0906287310704004,-0.019363762102351356,5.062286105407256,7.23,7.09,2,0
swsh1-205,Stonjourner VMAX,Sword & Shield,modern,Rare Rainbow,330.0,3,2,200,1.9600947840472698,0.01836393989983298,5.062286105407256,5.99,6.1,2,0
swsh1-206,Snorlax VMAX,Sword & Shield,modern,Rare Rainbow,340.0,4,1,60,3.927108642846187,0.019254403932814412,5.062286105407256,48.82,49.76,2,0
swsh1-211,Zacian V,Sword & Shield,modern,Rare Secret,220.0,2,1,230,2.73046379593911,0.0,5.062286105407256,14.34,14.34,2,0
swsh1-212,Zamazenta V,Sword & Shield,modern,Rare Secret,230.0,2,1,130,2.395164274287139,0.0,5.062286105407256,9.97,9.97,2,0
swsh10-1,Beedrill V,Astral Radiance,modern,Rare Holo V,210.0,1,2,40,0.5423242908253617,0.014084507042253502,2.7624914442162902,0.71,0.72,0,0
swsh10-2,Hisuian Voltorb,Astral Radiance,modern,Common,50.0,1,2,10,0.23901690047049992,0.0,2.7624914442162902,0.27,0.27,0,1
swsh10-3,Hisuian Electrode,Astral Radiance,modern,Uncommon,90.0,1,2,50,0.15700374880966478,-0.05555555555555547,2.7624914442162902,0.18,0.17,0,1
swsh10-4,Scyther,Astral Radiance,modern,Common,90.0,1,1,20,0.3001045924503381,-0.16666666666666674,2.7624914442162902,0.42,0.35,0,2
swsh10-5,Scyther,Astral Radiance,modern,Common,80.0,1,1,30,0.20701416938432615,-0.07999999999999996,2.7624914442162902,0.25,0.23,0,2
swsh10-6,Yanma,Astral Radiance,modern,Common,60.0,0,1,20,0.12221763272424921,0.0,2.7624914442162902,0.13,0.13,0,2
swsh10-7,Yanmega,Astral Radiance,modern,Uncommon,120.0,0,2,40,0.11332868530700317,-0.07692307692307698,2.7624914442162902,0.13,0.12,0,1
swsh10-8,Heracross,Astral Radiance,modern,Common,110.0,2,2,120,0.19062035960864973,0.0,2.7624914442162902,0.21,0.21,0,1
swsh10-9,Kricketot,Astral Radiance,modern,Common,60.0,1,1,10,0.1397619423751587,0.0,2.7624914442162902,0.15,0.15,0,2
swsh10-10,Kricketune,Astral Radiance,modern,Uncommon,90.0,1,1,50,0.1988508587451652,-0.0434782608695653,2.7624914442162902,0.23,0.22,0,2
swsh10-11,Combee,Astral Radiance,modern,Common,50.0,1,2,20,0.19062035960864973,0.0,2.7624914442162902,0.21,0.21,0,1
swsh10-12,Vespiquen,Astral Radiance,modern,Rare,120.0,1,2,90,0.12221763272424921,0.0,2.7624914442162902,0.13,0.13,0,1
swsh10-13,Leafeon,Astral Radiance,modern,Rare,110.0,2,2,120,0.3435897043900769,-0.04651162790697683,2.7624914442162902,0.43,0.41,0,1
swsh10-14,Shaymin,Astral Radiance,modern,Rare,70.0,1,2,30,0.2546422183735807,0.07407407407407396,2.7624914442162902,0.27,0.29,0,1
swsh10-15,Petilil,Astral Radiance,modern,Common,50.0,1,1,10,0.10436001532424277,-0.08333333333333326,2.7624914442162902,0.12,0.11,0,2
swsh10-16,Hisuian Lilligant,Astral Radiance,modern,Rare Holo,110.0,1,2,100,0.23111172096338664,-0.03703703703703709,2.7624914442162902,0.27,0.26,0,1
swsh10-17,Hisuian Lilligant V,Astral Radiance,modern,Rare Holo V,200.0,2,2,130,0.4700036292457356,-0.04761904761904767,2.7624914442162902,0.63,0.6,2,0
swsh10-18,Hisuian Lilligant VSTAR,Astral Radiance,modern,Rare Holo VSTAR,260.0,1,1,130,0.9932517730102833,0.04938271604938271,2.7624914442162902,1.62,1.7,2,0
swsh10-19,Rowlet,Astral Radiance,modern,Common,60.0,1,1,10,0.1484200051182733,0.0,2.7624914442162902,0.16,0.16,0,2
swsh10-20,Dartrix,Astral Radiance,modern,Uncommon,90.0,1,2,60,0.17395330712343804,0.0,2.7624914442162902,0.19,0.19,0,1
swsh10-21,Ponyta,Astral Radiance,modern,Common,60.0,1,1,20,0.16551443847757338,0.0,2.7624914442162902,0.18,0.18,0,2
swsh10-22,Rapidash,Astral Radiance,modern,Rare,100.0,1,2,50,0.2151113796169455,0.0,2.7624914442162902,0.24,0.24,0,1
swsh10-23,Cyndaquil,Astral Radiance,modern,Common,60.0,1,2,10,0.17395330712343804,0.0,2.7624914442162902,0.19,0.19,0,1
swsh10-24,Quilava,Astral Radiance,modern,Uncommon,90.0,1,2,40,0.2468600779315258,-0.0344827586206895,2.7624914442162902,0.29,0.28,0,1
swsh10-25,Heatran V,Astral Radiance,modern,Rare Holo V,220.0,3,2,90,0.48858001481867097,-0.07352941176470595,2.7624914442162902,0.68,0.63,2,0
swsh10-26,Heatran VMAX,Astral Radiance,modern,Rare Holo VMAX,330.0,4,1,180,0.9321640810304452,0.0,2.7624914442162902,1.54,1.54,2,0
swsh10-27,Radiant Heatran,Astral Radiance,modern,Radiant Rare,160.0,3,1,70,0.3220834991691133,-0.02564102564102566,2.7624914442162902,0.39,0.38,2,0
swsh10-28,Psyduck,Astral Radiance,modern,Common,60.0,1,2,20,0.2776317365982795,0.032258064516129004,2.7624914442162902,0.31,0.32,0,1
swsh10-29,Golduck,Astral Radiance,modern,Uncommon,100.0,1,2,50,0.1397619423751587,0.0,2.7624914442162902,0.15,0.15,0,1
swsh10-30,Starmie V,Astral Radiance,modern,Rare Holo V,190.0,0,2,50,0.5653138090500605,0.10144927536231885,2.7624914442162902,0.69,0.76,0,0
swsh10-31,Swinub,Astral Radiance,modern,Common,60.0,2,2,40,0.18232155679395465,0.0,2.7624914442162902,0.2,0.2,0,1
swsh10-32,Piloswine,Astral Radiance,modern,Uncommon,90.0,3,2,50,0.1988508587451652,0.09999999999999987,2.7624914442162902,0.2,0.22,0,1
swsh10-33,Mamoswine,Astral Radiance,modern,Rare,180.0,4,2,170,0.23901690047049992,0.08000000000000007,2.7624914442162902,0.25,0.27,2,0
swsh10-34,Mantine,Astral Radiance,modern,Common,110.0,1,2,100,0.19062035960864973,0.0,2.7624914442162902,0.21,0.21,0,1
swsh10-35,Barboach,Astral Radiance,modern,Common,60.0,1,1,40,0.12221763272424921,-0.1333333333333333,2.7624914442162902,0.15,0.13,0,2
swsh10-36,Whiscash,Astral Radiance,modern,Uncommon,120.0,3,2,120,0.19062035960864973,0.04999999999999982,2.7624914442162902,0.2,0.21,2,0
swsh10-37,Regice,Astral Radiance,modern,Rare,130.0,3,2,100,0.2151113796169455,0.09090909090909083,2.7624914442162902,0.22,0.24,2,1
swsh10-38,Glaceon,Astral Radiance,modern,Rare,110.0,1,2,120,0.33647223662121295,0.25,2.7624914442162902,0.32,0.4,0,1
swsh10-39,Origin Forme Palkia V,Astral Radiance,modern,Rare Holo V,220.0,2,2,200,0.6523251860396903,0.03370786516853941,2.7624914442162902,0.89,0.92,2,0
swsh10-40,Origin Forme Palkia VSTAR,Astral Radiance,modern,Rare Holo VSTAR,280.0,2,1,60,0.9282193027394289,0.08510638297872353,2.7624914442162902,1.41,1.53,2,0
swsh10-41,Oshawott,Astral Radiance,modern,Common,70.0,1,1,10,0.22314355131420976,0.08695652173913038,2.7624914442162902,0.23,0.25,0,2
swsh10-42,Dewott,Astral Radiance,modern,Uncommon,90.0,1,1,20,0.20701416938432615,0.0,2.7624914442162902,0.23,0.23,0,2
swsh10-43,Hisuian Basculin,Astral Radiance,modern,Common,50.0,1,2,10,0.23111172096338664,0.040000000000000036,2.7624914442162902,0.25,0.26,0,1
swsh10-44,Hisuian Basculegion,Astral Radiance,modern,Rare,120.0,2,2,80,0.20701416938432615,0.0,2.7624914442162902,0.23,0.23,0,1
swsh10-45,Keldeo,Astral Radiance,modern,Rare Holo,110.0,1,2,20,0.22314355131420976,0.04166666666666674,2.7624914442162902,0.24,0.25,0,1
swsh10-46,Radiant Greninja,Astral Radiance,modern,Radiant Rare,130.0,1,1,0,1.597365331199831,-0.10657596371882094,2.7624914442162902,4.41,3.94,0,2
swsh10-47,Bergmite,Astral Radiance,modern,Common,70.0,2,1,40,0.17395330712343804,0.0,2.7624914442162902,0.19,0.19,0,2
swsh10-48,Hisuian Avalugg,Astral Radiance,modern,Rare,140.0,3,1,100,0.19062035960864973,0.0,2.7624914442162902,0.21,0.21,2,0
swsh10-49,Galarian Mr. Rime V,Astral Radiance,modern,Rare Holo V,210.0,2,2,90,0.3920420877760237,-0.07692307692307698,2.7624914442162902,0.52,0.48,2,0
swsh10-50,Luxray V,Astral Radiance,modern,Rare Holo V,210.0,1,2,120,1.1568811967920856,0.4437086092715232,2.7624914442162902,1.51,2.18,2,0
swsh10-51,Regieleki,Astral Radiance,modern,Rare,130.0,3,2,0,0.20701416938432615,0.0,2.7624914442162902,0.23,0.23,0,1
swsh10-52,Hisuian Typhlosion,Astral Radiance,modern,Rare Holo,150.0,1,1,90,0.3220834991691133,0.11764705882352944,2.7624914442162902,0.34,0.38,0,2
swsh10-53,Hisuian Typhlosion V,Astral Radiance,modern,Rare Holo V,210.0,2,2,120,0.6523251860396903,0.05747126436781613,2.7624914442162902,0.87,0.92,2,0
swsh10-54,Hisuian Typhlosion VSTAR,Astral Radiance,modern,Rare Holo VSTAR,260.0,2,2,180,0.9400072584914712,-0.025000000000000022,2.7624914442162902,1.6,1.56,2,0
swsh10-55,Togepi,Astral Radiance,modern,Common,50.0,1,1,10,0.2546422183735807,-0.033333333333333326,2.7624914442162902,0.3,0.29,0,2
swsh10-56,Togetic,Astral Radiance,modern,Uncommon,80.0,1,1,30,0.16551443847757338,0.0,2.7624914442162902,0.18,0.18,0,2
swsh10-57,Togekiss,Astral Radiance,modern,Rare Holo,130.0,1,1,120,0.2468600779315258,0.03703703703703698,2.7624914442162902,0.27,0.28,0,2
swsh10-58,Misdreavus,Astral Radiance,modern,Common,60.0,1,1,10,0.16551443847757338,0.0588235294117645,2.7624914442162902,0.17,0.18,0,2
swsh10-59,Mismagius,Astral Radiance,modern,Rare,90.0,1,2,50,0.16551443847757338,-0.052631578947368474,2.7624914442162902,0.19,0.18,0,1
swsh10-60,Ralts,Astral Radiance,modern,Common,70.0,1,1,10,1.0543120297715298,0.0625,2.7624914442162902,1.76,1.87,0,2
swsh10-61,Kirlia,Astral Radiance,modern,Uncommon,90.0,1,1,30,0.19062035960864973,-0.08695652173913049,2.7624914442162902,0.23,0.21,0,2
swsh10-62,Gallade,Astral Radiance,modern,Rare Holo,160.0,2,1,160,0.31481073984003355,0.0277777777777779,2.7624914442162902,0.36,0.37,2,0
swsh10-63,Drifloon,Astral Radiance,modern,Common,60.0,1,1,10,0.15700374880966478,-0.05555555555555547,2.7624914442162902,0.18,0.17,0,2
swsh10-64,Drifblim,Astral Radiance,modern,Uncommon,110.0,1,1,50,0.13102826240640408,0.0,2.7624914442162902,0.14,0.14,0,2
swsh10-65,Uxie,Astral Radiance,modern,Uncommon,70.0,1,2,20,0.1484200051182733,0.1428571428571428,2.7624914442162902,0.14,0.16,0,1
swsh10-66,Mesprit,Astral Radiance,modern,Rare Holo,70.0,1,1,30,0.27002713721306015,0.06896551724137945,2.7624914442162902,0.29,0.31,0,2
swsh10-67,Azelf,Astral Radiance,modern,Uncommon,70.0,1,1,30,0.15700374880966478,0.2142857142857142,2.7624914442162902,0.14,0.17,0,2
swsh10-68,Diancie,Astral Radiance,modern,Rare Holo,90.0,1,1,20,0.27002713721306015,0.0,2.7624914442162902,0.31,0.31,0,2
swsh10-69,Wyrdeer,Astral Radiance,modern,Rare Holo,140.0,2,1,40,0.2776317365982795,0.032258064516129004,2.7624914442162902,0.31,0.32,0,2
swsh10-70,Hisuian Growlithe,Astral Radiance,modern,Common,80.0,2,2,30,0.2151113796169455,0.0,2.7624914442162902,0.24,0.24,0,1
swsh10-71,Hisuian Arcanine,Astral Radiance,modern,Rare,150.0,2,2,80,0.2151113796169455,0.09090909090909083,2.7624914442162902,0.22,0.24,0,1
swsh10-72,Machamp V,Astral Radiance,modern,Rare Holo V,220.0,3,2,140,0.7561219797213337,-0.09600000000000009,2.7624914442162902,1.25,1.13,2,0
swsh10-73,Machamp VMAX,Astral Radiance,modern,Rare Holo VMAX,330.0,3,2,240,1.6937790608678513,-0.011135857461024412,2.7624914442162902,4.49,4.44,2,0
swsh10-74,Sudowoodo,Astral Radiance,modern,Common,110.0,2,1,90,0.17395330712343804,0.1875,2.7624914442162902,0.16,0.19,0,2
swsh10-75,Regirock,Astral Radiance,modern,Rare,130.0,3,2,140,0.16551443847757338,0.0,2.7624914442162902,0.18,0.18,2,0
swsh10-76,Cranidos,Astral Radiance,modern,Uncommon,90.0,2,2,40,0.18232155679395465,0.05263157894736836,2.7624914442162902,0.19,0.2,0,1
swsh10-77,Rampardos,Astral Radiance,modern,Rare Holo,170.0,2,2,240,0.43178241642553783,0.018867924528301883,2.7624914442162902,0.53,0.54,2,0
swsh10-78,Lucario V,Astral Radiance,modern,Rare Holo V,210.0,2,2,120,0.5709795465857378,0.11594202898550732,2.7624914442162902,0.69,0.77,2,0
swsh10-79,Hippopotas,Astral Radiance,modern,Common,100.0,4,2,90,0.16551443847757338,-0.052631578947368474,2.7624914442162902,0.19,0.18,2,1
swsh10-80,Hippowdon,Astral Radiance,modern,Uncommon,150.0,4,2,180,0.1484200051182733,0.06666666666666665,2.7624914442162902,0.15,0.16,2,0
swsh10-81,Radiant Hawlucha,Astral Radiance,modern,Radiant Rare,90.0,1,1,50,0.3220834991691133,-0.02564102564102566,2.7624914442162902,0.39,0.38,0,2
swsh10-82,Hisuian Decidueye,Astral Radiance,modern,Rare Holo,160.0,2,2,30,0.23111172096338664,0.08333333333333348,2.7624914442162902,0.24,0.26,0,1
swsh10-83,Hisuian Decidueye V,Astral Radiance,modern,Rare Holo V,220.0,2,2,100,0.5187937934151675,0.15254237288135597,2.7624914442162902,0.59,0.68,2,0
swsh10-84,Hisuian Decidueye VSTAR,Astral Radiance,modern,Rare Holo VSTAR,270.0,2,1,160,0.7929925155296614,0.141509433962264,2.7624914442162902,1.06,1.21,2,0
swsh10-85,Kleavor,Astral Radiance,modern,Rare,140.0,2,2,150,0.2151113796169455,0.04347826086956519,2.7624914442162902,0.23,0.24,2,0
swsh10-86,Kleavor,Astral Radiance,modern,Rare Holo,140.0,2,2,120,0.22314355131420976,0.13636363636363646,2.7624914442162902,0.22,0.25,2,1
swsh10-87,Kleavor V,Astral Radiance,modern,Rare Holo V,210.0,2,2,150,0.3920420877760237,0.09090909090909083,2.7624914442162902,0.44,0.48,2,0
swsh10-88,Hisuian Qwilfish,Astral Radiance,modern,Common,80.0,1,2,30,0.15700374880966478,0.13333333333333353,2.7624914442162902,0.15,0.17,0,1
swsh10-89,Hisuian Qwilfish,Astral Radiance,modern,Common,80.0,2,1,10,0.15700374880966478,0.0625,2.7624914442162902,0.16,0.17,0,2
swsh10-90,Hisuian Overqwil,Astral Radiance,modern,Uncommon,130.0,2,2,50,0.19062035960864973,0.0,2.7624914442162902,0.21,0.21,0,1
swsh10-91,Hisuian Overqwil,Astral Radiance,modern,Rare,130.0,2,2,70,0.1988508587451652,0.09999999999999987,2.7624914442162902,0.2,0.22,0,1
swsh10-92,Hisuian Sneasel,Astral Radiance,modern,Common,70.0,1,2,30,0.19062035960864973,0.0,2.7624914442162902,0.21,0.21,0,1
swsh10-93,Hisuian Sneasler,Astral Radiance,modern,Rare Holo,120.0,1,1,60,0.2851789422336624,-0.13157894736842102,2.7624914442162902,0.38,0.33,0,2
swsh10-94,Hisuian Sneasler V,Astral Radiance,modern,Rare Holo V,190.0,0,2,80,0.5538851132264376,0.19354838709677424,2.7624914442162902,0.62,0.74,0,0
swsh10-95,Poochyena,Astral Radiance,modern,Common,60.0,1,2,30,0.1397619423751587,0.0,2.7624914442162902,0.15,0.15,0,1
swsh10-96,Mightyena,Astral Radiance,modern,Rare,110.0,2,1,160,0.1484200051182733,0.0,2.7624914442162902,0.16,0.16,0,0
swsh10-97,Absol,Astral Radiance,modern,Rare Holo,100.0,1,2,50,0.3506568716131694,0.07692307692307687,2.7624914442162902,0.39,0.42,0,1
swsh10-98,Darkrai V,Astral Radiance,modern,Rare Holo V,210.0,2,2,130,0.8671004876833833,0.15966386554621836,2.7624914442162902,1.19,1.38,2,0
swsh10-99,Darkrai VSTAR,Astral Radiance,modern,Rare Holo VSTAR,270.0,2,1,30,0.7929925155296614,-0.19333333333333336,2.7624914442162902,1.5,1.21,2,0
swsh10-100,Hisuian Samurott,Astral Radiance,modern,Rare Holo,170.0,2,1,60,0.2776317365982795,-0.05882352941176472,2.7624914442162902,0.34,0.32,0,0
swsh10-101,Hisuian Samurott V,Astral Radiance,modern,Rare Holo V,220.0,2,2,180,0.4762341789963716,-0.06153846153846154,2.7624914442162902,0.65,0.61,2,0
swsh10-102,Hisuian Samurott VSTAR,Astral Radiance,modern,Rare Holo VSTAR,270.0,2,1,110,0.9202827531436926,-0.02580645161290329,2.7624914442162902,1.55,1.51,2,0
swsh10-103,Nickit,Astral Radiance,modern,Common,60.0,1,1,10,0.19062035960864973,0.04999999999999982,2.7624914442162902,0.2,0.21,0,2
swsh10-104,Thievul,Astral Radiance,modern,Rare,100.0,1,1,110,0.19062035960864973,0.16666666666666674,2.7624914442162902,0.18,0.21,0,2
swsh10-105,Magnemite,Astral Radiance,modern,Common,60.0,1,2,30,0.19062035960864973,-0.045454545454545525,2.7624914442162902,0.22,0.21,0,1
swsh10-106,Magneton,Astral Radiance,modern,Uncommon,90.0,1,1,50,0.1397619423751587,0.0714285714285714,2.7624914442162902,0.14,0.15,0,2
swsh10-107,Magnezone,Astral Radiance,modern,Rare Holo,150.0,2,1,120,0.3220834991691133,0.08571428571428585,2.7624914442162902,0.35,0.38,0,0
swsh10-108,Registeel,Astral Radiance,modern,Rare,130.0,3,2,220,0.16551443847757338,-0.052631578947368474,2.7624914442162902,0.19,0.18,2,0
swsh10-109,Shieldon,Astral Radiance,modern,Uncommon,100.0,3,2,100,0.19062035960864973,-0.08695652173913049,2.7624914442162902,0.23,0.21,2,0
swsh10-110,Bastiodon,Astral Radiance,modern,Rare Holo,160.0,4,1,180,0.1988508587451652,0.04761904761904767,2.7624914442162902,0.21,0.22,2,0
swsh10-111,Bronzor,Astral Radiance,modern,Common,60.0,1,1,20,0.22314355131420976,0.04166666666666674,2.7624914442162902,0.24,0.25,0,2
swsh10-112,Bronzong,Astral Radiance,modern,Uncommon,130.0,3,1,100,0.1397619423751587,-0.0625,2.7624914442162902,0.16,0.15,2,0
swsh10-113,Origin Forme Dialga V,Astral Radiance,modern,Rare Holo V,220.0,2,2,180,1.2669476034873244,0.0,2.7624914442162902,2.55,2.55,2,0
swsh10-114,Origin Forme Dialga VSTAR,Astral Radiance,modern,Rare Holo VSTAR,280.0,3,2,220,1.8687205103641833,-0.23356643356643358,2.7624914442162902,7.15,5.48,2,0
swsh10-115,Pawniard,Astral Radiance,modern,Common,60.0,1,1,30,0.18232155679395465,0.0,2.7624914442162902,0.2,0.2,0,2
swsh10-116,Bisharp,Astral Radiance,modern,Uncommon,120.0,2,2,90,0.17395330712343804,0.0,2.7624914442162902,0.19,0.19,0,1
swsh10-117,Garchomp V,Astral Radiance,modern,Rare Holo V,200.0,0,2,120,0.598836501088704,0.02499999999999991,2.7624914442162902,0.8,0.82,0,0
swsh10-118,Regidrago,Astral Radiance,modern,Rare,130.0,3,1,160,0.23901690047049992,0.08000000000000007,2.7624914442162902,0.25,0.27,2,0
swsh10-119,Eevee,Astral Radiance,modern,Common,50.0,1,1,20,0.4382549309311553,-0.06779661016949146,2.7624914442162902,0.59,0.55,0,2
swsh10-120,Hoothoot,Astral Radiance,modern,Common,50.0,1,1,20,0.11332868530700317,0.09090909090909083,2.7624914442162902,0.11,0.12,0,2
swsh10-121,Noctowl,Astral Radiance,modern,Uncommon,100.0,1,2,120,0.13102826240640408,0.0769230769230771,2.7624914442162902,0.13,0.14,0,1
swsh10-122,Teddiursa,Astral Radiance,modern,Common,70.0,2,2,20,0.15700374880966478,0.0,2.7624914442162902,0.17,0.17,0,1
swsh10-123,Ursaring,Astral Radiance,modern,Uncommon,130.0,3,2,100,0.20701416938432615,0.045454545454545414,2.7624914442162902,0.22,0.23,2,1
swsh10-124,Ursaluna,Astral Radiance,modern,Rare,180.0,4,2,200,0.16551443847757338,-0.052631578947368474,2.7624914442162902,0.19,0.18,2,0
swsh10-125,Stantler,Astral Radiance,modern,Common,100.0,2,1,30,0.15700374880966478,0.0,2.7624914442162902,0.17,0.17,0,2
swsh10-126,Miltank,Astral Radiance,modern,Rare Holo,110.0,2,1,10,0.2151113796169455,-0.07692307692307698,2.7624914442162902,0.26,0.24,0,2
swsh10-127,Glameow,Astral Radiance,modern,Common,60.0,1,1,20,0.13102826240640408,0.0,2.7624914442162902,0.14,0.14,0,2
swsh10-128,Purugly,Astral Radiance,modern,Uncommon,110.0,2,2,100,0.17395330712343804,0.05555555555555558,2.7624914442162902,0.18,0.19,0,1
swsh10-129,Chatot,Astral Radiance,modern,Common,70.0,1,2,30,0.13102826240640408,0.0,2.7624914442162902,0.14,0.14,0,1
swsh10-130,Regigigas,Astral Radiance,modern,Rare Holo,150.0,4,1,150,0.35767444427181594,-0.18867924528301894,2.7624914442162902,0.53,0.43,2,0
swsh10-131,Rufflet,Astral Radiance,modern,Common,70.0,1,1,30,0.1397619423751587,0.0,2.7624914442162902,0.15,0.15,0,2
swsh10-132,Hisuian Braviary,Astral Radiance,modern,Rare,130.0,1,2,120,0.20701416938432615,0.045454545454545414,2.7624914442162902,0.22,0.23,0,1
swsh10-133,Oranguru V,Astral Radiance,modern,Rare Holo V,210.0,2,1,30,0.5766133643039938,0.1470588235294117,2.7624914442162902,0.68,0.78,0,0
swsh10-134,Wyrdeer V,Astral Radiance,modern,Rare Holo V,220.0,2,1,40,0.4700036292457356,0.0,2.7624914442162902,0.6,0.6,0,0
swsh10-160,Beedrill V,Astral Radiance,modern,Rare Ultra,210.0,1,2,40,1.3110318766193438,0.054474708171206254,2.7624914442162902,2.57,2.71,0,0
swsh10-161,Beedrill V,Astral Radiance,modern,Rare Ultra,210.0,1,2,40,3.716980884224811,0.021374045801526798,2.7624914442162902,39.3,40.14,2,0
swsh10-162,Hisuian Lilligant V,Astral Radiance,modern,Rare Ultra,200.0,2,2,130,1.0750024230289759,-0.03980099502487555,2.7624914442162902,2.01,1.93,2,0
swsh10-163,Hisuian Lilligant V,Astral Radiance,modern,Rare Ultra,200.0,2,2,130,2.895359299407204,0.03262839879154078,2.7624914442162902,16.55,17.09,2,0
swsh10-164,Virizion V,Astral Radiance,modern,Rare Ultra,200.0,1,1,200,0.9555114450274363,0.0738255033557047,2.7624914442162902,1.49,1.6,2,0
swsh10-165,Heatran V,Astral Radiance,modern,Rare Ultra,220.0,3,2,90,0.9895411936137477,-0.061111111111111116,2.7624914442162902,1.8,1.69,2,0
swsh10-166,Starmie V,Astral Radiance,modern,Rare Ultra,190.0,0,2,50,1.169381359556317,0.0,2.7624914442162902,2.22,2.22,0,0
swsh10-167,Origin Forme Palkia V,Astral Radiance,modern,Rare Ultra,220.0,2,2,200,4.252487263318897,0.04874356645473821,2.7624914442162902,66.06,69.28,2,0
swsh10-168,Luxray V,Astral Radiance,modern,Rare Ultra,210.0,1,2,120,1.5260563034950492,0.016949152542372836,2.7624914442162902,3.54,3.6,2,0
swsh10-169,Hisuian Typhlosion V,Astral Radiance,modern,Rare Ultra,210.0,2,2,120,1.572773928062509,0.12023460410557174,2.7624914442162902,3.41,3.82,2,0
swsh10-170,Jirachi V,Astral Radiance,modern,Rare Ultra,180.0,1,1,60,2.0515563381903004,-0.08870967741935487,2.7624914442162902,7.44,6.78,0,0
swsh10-171,Machamp V,Astral Radiance,modern,Rare Ultra,220.0,3,2,140,2.1552445050953364,0.04377564979480164,2.7624914442162902,7.31,7.63,2,0
swsh10-172,Machamp V,Astral Radiance,modern,Rare Ultra,220.0,3,2,140,5.092399595898895,0.029527809596538113,2.7624914442162902,157.14,161.78,2,0
swsh10-173,Hisuian Decidueye V,Astral Radiance,modern,Rare Ultra,220.0,2,2,100,0.9783261227936076,0.03105590062111796,2.7624914442162902,1.61,1.66,2,0
swsh10-174,Hisuian Sneasler V,Astral Radiance,modern,Rare Ultra,190.0,0,2,80,1.5303947050936475,0.016853932584269593,2.7624914442162902,3.56,3.62,0,0
swsh10-175,Hisuian Sneasler V,Astral Radiance,modern,Rare Ultra,190.0,0,2,80,3.3439213138424253,0.0029357798165137172,2.7624914442162902,27.25,27.33,2,0
swsh10-176,Hisuian Samurott V,Astral Radiance,modern,Rare Ultra,220.0,2,2,180,1.269760544863939,0.015873015873015817,2.7624914442162902,2.52,2.56,2,0
swsh10-177,Origin Forme Dialga V,Astral Radiance,modern,Rare Ultra,220.0,2,2,180,4.2656332579940335,-0.009312826301679289,2.7624914442162902,70.87,70.21,2,0
swsh10-178,Garchomp V,Astral Radiance,modern,Rare Ultra,200.0,0,2,120,1.776645831418007,0.0402542372881356,2.7624914442162902,4.72,4.91,2,0
swsh10-179,Oranguru V,Astral Radiance,modern,Rare Ultra,210.0,2,1,30,1.5085119938441398,0.04451038575667643,2.7624914442162902,3.37,3.52,0,0
swsh10-180,Wyrdeer V,Astral Radiance,modern,Rare Ultra,220.0,2,1,40,1.3376291891386096,0.029304029304029422,2.7624914442162902,2.73,2.81,2,0
swsh10-190,Hisuian Lilligant VSTAR,Astral Radiance,modern,Rare Rainbow,260.0,1,1,130,1.9685099809725544,0.004893964110929794,2.7624914442162902,6.13,6.16,2,0
swsh10-191,Heatran VMAX,Astral Radiance,modern,Rare Rainbow,330.0,4,1,180,2.0320878452963655,0.05238095238095242,2.7624914442162902,6.3,6.63,2,0
swsh10-192,Origin Forme Palkia VSTAR,Astral Radiance,modern,Rare Rainbow,280.0,2,1,60,2.514465452029545,-0.16837481698389467,2.7624914442162902,13.66,11.36,2,0
swsh10-193,Hisuian Typhlosion VSTAR,Astral Radiance,modern,Rare Rainbow,260.0,2,2,180,2.390595970316759,0.09010989010989023,2.7624914442162902,9.1,9.92,2,0
swsh10-194,Machamp VMAX,Astral Radiance,modern,Rare Rainbow,330.0,3,2,240,2.3561258599220753,0.009513742071881603,2.7624914442162902,9.46,9.55,2,0
swsh10-195,Hisuian Decidueye VSTAR,Astral Radiance,modern,Rare Rainbow,270.0,2,1,160,1.8961194845522977,0.029090909090909056,2.7624914442162902,5.5,5.66,2,0
swsh10-196,Kleavor VSTAR,Astral Radiance,modern,Rare Rainbow,270.0,2,2,120,2.064327903869788,0.03148425787106457,2.7624914442162902,6.67,6.88,2,0
swsh10-197,Hisuian Samurott VSTAR,Astral Radiance,modern,Rare Rainbow,270.0,2,1,110,2.206074192613202,0.022784810126582178,2.7624914442162902,7.9,8.08,2,0
swsh10-198,Origin Forme Dialga VSTAR,Astral Radiance,modern,Rare Rainbow,280.0,3,2,220,2.6905648867611904,-0.016463851109520422,2.7624914442162902,13.97,13.74,2,0
swsh10-208,Origin Forme Palkia VSTAR,Astral Radiance,modern,Rare Secret,280.0,2,1,60,2.3135250330323798,0.004410143329658167,2.7624914442162902,9.07,9.11,2,0
swsh10-209,Hisuian Samurott VSTAR,Astral Radiance,modern,Rare Secret,270.0,2,1,110,1.8809906029559975,0.07751937984496116,2.7624914442162902,5.16,5.56,2,0
swsh10-210,Origin Forme Dialga VSTAR,Astral Radiance,modern,Rare Secret,280.0,3,2,220,2.554121718809473,-0.02064409578860449,2.7624914442162902,12.11,11.86,2,0
swsh10tg-TG01,Abomasnow,Astral Radiance Trainer Gallery,modern,Trainer Gallery Rare Holo,140.0,3,1,90,0.883767540168595,-0.01388888888888895,2.7624914442162902,1.44,1.42,2,0
swsh10tg-TG02,Flapple,Astral Radiance Trainer Gallery,modern,Trainer Gallery Rare Holo,80.0,1,1,60,0.9477893989335261,0.025974025974025983,2.7624914442162902,1.54,1.58,0,2
swsh10tg-TG03,Kingdra,Astral Radiance Trainer Gallery,modern,Trainer Gallery Rare Holo,150.0,1,1,40,1.9416152247724325,-0.006655574043261225,2.7624914442162902,6.01,5.97,0,0
swsh10tg-TG04,Frosmoth,Astral Radiance Trainer Gallery,modern,Trainer Gallery Rare Holo,90.0,2,1,30,1.085189268335969,0.16666666666666674,2.7624914442162902,1.68,1.96,0,2
swsh10tg-TG05,Gardevoir,Astral Radiance Trainer Gallery,modern,Trainer Gallery Rare Holo,140.0,2,1,60,1.7698546338400052,0.12211981566820285,2.7624914442162902,4.34,4.87,0,2
swsh10tg-TG06,Wyrdeer,Astral Radiance Trainer Gallery,modern,Trainer Gallery Rare Holo,140.0,2,1,40,0.8458682675776092,-0.05673758865248213,2.7624914442162902,1.41,1.33,0,2
swsh10tg-TG07,Falinks,Astral Radiance Trainer Gallery,modern,Trainer Gallery Rare Holo,110.0,2,1,20,1.0612565021243408,-0.12903225806451613,2.7624914442162902,2.17,1.89,0,2
swsh10tg-TG08,Kleavor,Astral Radiance Trainer Gallery,modern,Trainer Gallery Rare Holo,140.0,2,2,120,0.883767540168595,-0.0273972602739726,2.7624914442162902,1.46,1.42,2,0
swsh10tg-TG09,Mightyena,Astral Radiance Trainer Gallery,modern,Trainer Gallery Rare Holo,110.0,2,1,160,1.0612565021243408,-0.1923076923076923,2.7624914442162902,2.34,1.89,2,0
swsh10tg-TG10,Galarian Obstagoon,Astral Radiance Trainer Gallery,modern,Trainer Gallery Rare Holo,160.0,2,1,90,0.883767540168595,0.0923076923076922,2.7624914442162902,1.3,1.42,0,0
swsh10tg-TG11,Bronzong,Astral Radiance Trainer Gallery,modern,Trainer Gallery Rare Holo,110.0,3,1,70,1.0543120297715298,-0.005319148936170137,2.7624914442162902,1.88,1.87,0,2
swsh10tg-TG12,Hoothoot,Astral Radiance Trainer Gallery,modern,Trainer Gallery Rare Holo,50.0,1,1,20,1.6486586255873816,0.15384615384615397,2.7624914442162902,3.64,4.2,0,2
swsh10tg-TG13,Starmie V,Astral Radiance Trainer Gallery,modern,Rare Holo V,190.0,0,2,50,4.622420539394619,0.008812337272181114,2.7624914442162902,99.86,100.74,2,0
swsh10tg-TG14,Ice Rider Calyrex V,Astral Radiance Trainer Gallery,modern,Rare Holo V,210.0,2,2,200,1.9139771019523042,0.039568345323741205,2.7624914442162902,5.56,5.78,2,0
swsh10tg-TG15,Ice Rider Calyrex VMAX,Astral Radiance Trainer Gallery,modern,Rare Holo VMAX,320.0,2,2,10,2.1447610078004784,0.13383458646616542,2.7624914442162902,6.65,7.54,2,0
swsh10tg-TG16,Galarian Articuno V,Astral Radiance Trainer Gallery,modern,Rare Holo V,210.0,2,1,110,2.485739636091892,0.03186504217432051,2.7624914442162902,10.67,11.01,2,0
swsh10tg-TG17,Shadow Rider Calyrex V,Astral Radiance Trainer Gallery,modern,Rare Holo V,210.0,2,2,10,2.127040520479115,-0.021192052980132492,2.7624914442162902,7.55,7.39,2,0
swsh10tg-TG18,Shadow Rider Calyrex VMAX,Astral Radiance Trainer Gallery,modern,Rare Holo VMAX,320.0,2,1,10,2.359910159613315,-0.021428571428571463,2.7624914442162902,9.8,9.59,2,0
swsh10tg-TG19,Galarian Zapdos V,Astral Radiance Trainer Gallery,modern,Rare Holo V,200.0,1,1,170,2.505525936990736,0.062322946175637384,2.7624914442162902,10.59,11.25,2,0
swsh10tg-TG20,Galarian Moltres V,Astral Radiance Trainer Gallery,modern,Rare Holo V,220.0,2,1,190,2.9407479652212314,0.010710259301014657,2.7624914442162902,17.74,17.93,2,0
swsh10tg-TG21,Zacian V,Astral Radiance Trainer Gallery,modern,Rare Holo V,220.0,2,1,230,3.0973859272804907,-0.10801687763713075,2.7624914442162902,23.7,21.14,2,0
swsh10tg-TG22,Zamazenta V,Astral Radiance Trainer Gallery,modern,Rare Holo V,230.0,2,1,130,1.7613002617433464,-0.21753246753246747,2.7624914442162902,6.16,4.82,2,0
swsh10tg-TG23,Garchomp V,Astral Radiance Trainer Gallery,modern,Rare Holo V,200.0,0,2,120,4.359269647551265,0.019007391763463444,2.7624914442162902,75.76,77.2,2,0
swsh10tg-TG29,Ice Rider Calyrex VMAX,Astral Radiance Trainer Gallery,modern,Rare Secret,320.0,2,2,10,1.3376291891386096,-0.09354838709677415,2.7624914442162902,3.1,2.81,2,0
swsh10tg-TG30,Shadow Rider Calyrex VMAX,Astral Radiance Trainer Gallery,modern,Rare Secret,320.0,2,1,10,1.410986973710262,-0.051987767584097844,2.7624914442162902,3.27,3.1,2,0
swsh11-1,Oddish,Lost Origin,modern,Common,50.0,1,1,30,0.13102826240640408,-0.06666666666666654,2.4750171115674195,0.15,0.14,0,2
swsh11-2,Gloom,Lost Origin,modern,Uncommon,80.0,2,1,30,0.3001045924503381,0.2068965517241379,2.4750171115674195,0.29,0.35,0,2
swsh11-3,Vileplume,Lost Origin,modern,Rare Holo,150.0,2,2,90,0.23111172096338664,0.040000000000000036,2.4750171115674195,0.25,0.26,0,1
swsh11-4,Paras,Lost Origin,modern,Common,70.0,1,1,20,0.16551443847757338,-0.10000000000000009,2.4750171115674195,0.2,0.18,0,2
swsh11-5,Parasect,Lost Origin,modern,Rare,120.0,2,1,50,0.13102826240640408,0.16666666666666674,2.4750171115674195,0.12,0.14,0,2
swsh11-6,Wurmple,Lost Origin,modern,Common,60.0,1,2,10,0.1397619423751587,0.25,2.4750171115674195,0.12,0.15,0,1
swsh11-7,Silcoon,Lost Origin,modern,Uncommon,80.0,3,2,30,0.1484200051182733,0.06666666666666665,2.4750171115674195,0.15,0.16,0,1
swsh11-8,Beautifly,Lost Origin,modern,Rare Holo,130.0,1,1,70,0.23901690047049992,-0.12903225806451601,2.4750171115674195,0.31,0.27,0,2
swsh11-9,Cascoon,Lost Origin,modern,Uncommon,80.0,3,2,20,0.11332868530700317,-0.07692307692307698,2.4750171115674195,0.13,0.12,0,1
swsh11-10,Dustox,Lost Origin,modern,Rare,140.0,1,2,110,0.13102826240640408,-0.17647058823529405,2.4750171115674195,0.17,0.14,0,1
swsh11-11,Seedot,Lost Origin,modern,Common,50.0,1,1,10,0.18232155679395465,0.0,2.4750171115674195,0.2,0.2,0,2
swsh11-12,Nuzleaf,Lost Origin,modern,Uncommon,80.0,2,1,30,0.10436001532424277,0.0,2.4750171115674195,0.11,0.11,0,2
swsh11-13,Shiftry,Lost Origin,modern,Rare Holo,160.0,2,2,210,0.15700374880966478,0.0,2.4750171115674195,0.17,0.17,2,0
swsh11-14,Roselia,Lost Origin,modern,Common,70.0,1,1,0,0.11332868530700317,0.0,2.4750171115674195,0.12,0.12,0,2
swsh11-15,Roserade,Lost Origin,modern,Uncommon,120.0,1,2,60,0.12221763272424921,-0.1875,2.4750171115674195,0.16,0.13,0,1
swsh11-16,Phantump,Lost Origin,modern,Common,70.0,2,1,10,0.18232155679395465,0.11111111111111116,2.4750171115674195,0.18,0.2,0,2
swsh11-17,Trevenant,Lost Origin,modern,Rare Holo,120.0,3,1,150,0.1484200051182733,-0.05882352941176472,2.4750171115674195,0.17,0.16,2,0
swsh11-18,Blipbug,Lost Origin,modern,Common,50.0,1,1,30,0.18232155679395465,0.11111111111111116,2.4750171115674195,0.18,0.2,0,2
swsh11-19,Dottler,Lost Origin,modern,Uncommon,80.0,2,1,30,0.10436001532424277,-0.08333333333333326,2.4750171115674195,0.12,0.11,0,2
swsh11-20,Orbeetle,Lost Origin,modern,Rare Holo,110.0,1,1,30,0.1484200051182733,-0.05882352941176472,2.4750171115674195,0.17,0.16,0,2
swsh11-21,Slugma,Lost Origin,modern,Common,70.0,2,2,50,0.19062035960864973,0.0,2.4750171115674195,0.21,0.21,0,1
swsh11-22,Magcargo,Lost Origin,modern,Rare,130.0,3,2,220,0.1988508587451652,0.04761904761904767,2.4750171115674195,0.21,0.22,2,0
swsh11-23,Torkoal,Lost Origin,modern,Uncommon,110.0,2,2,130,0.13102826240640408,0.16666666666666674,2.4750171115674195,0.12,0.14,2,1
swsh11-24,Litwick,Lost Origin,modern,Common,60.0,1,1,0,0.17395330712343804,0.11764705882352944,2.4750171115674195,0.17,0.19,0,2
swsh11-25,Lampent,Lost Origin,modern,Uncommon,80.0,1,1,20,0.12221763272424921,-0.1333333333333333,2.4750171115674195,0.15,0.13,0,2
swsh11-26,Chandelure,Lost Origin,modern,Rare Holo,150.0,2,1,90,0.1484200051182733,-0.05882352941176472,2.4750171115674195,0.17,0.16,0,2
swsh11-27,Delphox V,Lost Origin,modern,Rare Holo V,210.0,2,2,120,0.48858001481867097,0.125,2.4750171115674195,0.56,0.63,2,0
swsh11-28,Litleo,Lost Origin,modern,Common,70.0,2,1,0,0.17395330712343804,0.05555555555555558,2.4750171115674195,0.18,0.19,0,2
swsh11-29,Pyroar,Lost Origin,modern,Rare Holo,120.0,2,1,90,0.2151113796169455,-0.07692307692307698,2.4750171115674195,0.26,0.24,0,2
swsh11-30,Poliwag,Lost Origin,modern,Common,60.0,1,1,10,0.10436001532424277,0.09999999999999987,2.4750171115674195,0.1,0.11,0,2
swsh11-31,Poliwhirl,Lost Origin,modern,Uncommon,90.0,2,2,50,0.12221763272424921,0.0,2.4750171115674195,0.13,0.13,0,1
swsh11-32,Politoed,Lost Origin,modern,Rare,140.0,2,2,100,0.20701416938432615,-0.23333333333333328,2.4750171115674195,0.3,0.23,0,1
swsh11-33,Seel,Lost Origin,modern,Common,70.0,1,2,20,0.19062035960864973,0.0,2.4750171115674195,0.21,0.21,0,1
swsh11-34,Dewgong,Lost Origin,modern,Rare,120.0,2,2,40,0.19062035960864973,0.0,2.4750171115674195,0.21,0.21,0,1
swsh11-35,Horsea,Lost Origin,modern,Common,50.0,1,1,10,0.1397619423751587,0.0,2.4750171115674195,0.15,0.15,0,2
swsh11-36,Seadra,Lost Origin,modern,Uncommon,80.0,1,2,10,0.10436001532424277,-0.08333333333333326,2.4750171115674195,0.12,0.11,0,1
swsh11-37,Kingdra,Lost Origin,modern,Rare Holo,150.0,1,1,130,0.23901690047049992,0.2272727272727273,2.4750171115674195,0.22,0.27,0,0
swsh11-38,Luvdisc,Lost Origin,modern,Common,70.0,1,2,30,0.23901690047049992,-0.06896551724137923,2.4750171115674195,0.29,0.27,0,1
swsh11-39,Shellos,Lost Origin,modern,Common,70.0,2,2,30,0.13102826240640408,0.27272727272727293,2.4750171115674195,0.11,0.14,0,1
swsh11-40,Finneon,Lost Origin,modern,Common,50.0,1,1,10,0.18232155679395465,0.05263157894736836,2.4750171115674195,0.19,0.2,0,2
swsh11-41,Lumineon,Lost Origin,modern,Uncommon,90.0,1,2,120,0.09531017980432487,0.0,2.4750171115674195,0.1,0.1,0,1
swsh11-42,Snover,Lost Origin,modern,Common,80.0,3,2,60,0.11332868530700317,0.09090909090909083,2.4750171115674195,0.11,0.12,0,1
swsh11-43,Abomasnow,Lost Origin,modern,Uncommon,140.0,4,2,160,0.12221763272424921,0.08333333333333348,2.4750171115674195,0.12,0.13,2,0
swsh11-44,Hisuian Basculin,Lost Origin,modern,Common,50.0,1,1,40,0.1988508587451652,0.0,2.4750171115674195,0.22,0.22,0,2
swsh11-45,Hisuian Basculegion,Lost Origin,modern,Rare Holo,110.0,1,2,70,0.3784364357202451,0.045454545454545414,2.4750171115674195,0.44,0.46,0,1
swsh11-46,Ducklett,Lost Origin,modern,Common,60.0,1,1,20,0.19062035960864973,0.16666666666666674,2.4750171115674195,0.18,0.21,0,2
swsh11-47,Swanna,Lost Origin,modern,Uncommon,120.0,2,2,130,0.10436001532424277,-0.08333333333333326,2.4750171115674195,0.12,0.11,2,1
swsh11-48,Kyurem V,Lost Origin,modern,Rare Holo V,220.0,3,2,140,0.4382549309311553,-0.08333333333333326,2.4750171115674195,0.6,0.55,2,0
swsh11-49,Kyurem VMAX,Lost Origin,modern,Rare Holo VMAX,330.0,3,1,120,0.9969486348916096,-0.08556149732620333,2.4750171115674195,1.87,1.71,2,0
swsh11-50,Cramorant,Lost Origin,modern,Rare,110.0,1,1,110,0.2151113796169455,-0.07692307692307698,2.4750171115674195,0.26,0.24,0,2
swsh11-51,Glastrier,Lost Origin,modern,Rare Holo,130.0,2,2,130,0.23901690047049992,-0.12903225806451601,2.4750171115674195,0.31,0.27,2,1
swsh11-52,Pikachu,Lost Origin,modern,Common,60.0,1,1,50,0.9516578757114464,-0.1587301587301586,2.4750171115674195,1.89,1.59,0,2
swsh11-53,Raichu,Lost Origin,modern,Rare,120.0,1,2,100,0.3293037471426004,0.18181818181818188,2.4750171115674195,0.33,0.39,0,1
swsh11-54,Electrike,Lost Origin,modern,Common,60.0,1,2,20,0.11332868530700317,-0.07692307692307698,2.4750171115674195,0.13,0.12,0,1
swsh11-55,Manectric,Lost Origin,modern,Rare,120.0,1,2,80,0.15700374880966478,0.13333333333333353,2.4750171115674195,0.15,0.17,0,1
swsh11-56,Magnezone V,Lost Origin,modern,Rare Holo V,210.0,2,2,90,0.3506568716131694,-0.023255813953488413,2.4750171115674195,0.43,0.42,2,0
swsh11-57,Magnezone VSTAR,Lost Origin,modern,Rare Holo VSTAR,270.0,2,2,180,0.6043159668533294,0.18571428571428572,2.4750171115674195,0.7,0.83,2,0
swsh11-58,Rotom V,Lost Origin,modern,Rare Holo V,190.0,1,1,40,0.76080582903376,-0.15555555555555567,2.4750171115674195,1.35,1.14,0,0
swsh11-59,Tynamo,Lost Origin,modern,Common,30.0,1,2,10,0.18232155679395465,0.05263157894736836,2.4750171115674195,0.19,0.2,0,1
swsh11-60,Eelektrik,Lost Origin,modern,Uncommon,80.0,2,1,30,0.13102826240640408,-0.06666666666666654,2.4750171115674195,0.15,0.14,0,2
swsh11-61,Eelektross,Lost Origin,modern,Rare,160.0,3,2,160,0.19062035960864973,0.0,2.4750171115674195,0.21,0.21,2,0
swsh11-62,Clefairy,Lost Origin,modern,Common,60.0,2,1,20,0.2151113796169455,0.0,2.4750171115674195,0.24,0.24,0,2
swsh11-63,Clefable,Lost Origin,modern,Rare,100.0,2,1,90,0.18232155679395465,0.05263157894736836,2.4750171115674195,0.19,0.2,0,0
swsh11-64,Gastly,Lost Origin,modern,Common,40.0,0,1,0,0.2151113796169455,-0.11111111111111116,2.4750171115674195,0.27,0.24,0,2
swsh11-65,Haunter,Lost Origin,modern,Uncommon,70.0,1,1,0,0.17395330712343804,-0.050000000000000044,2.4750171115674195,0.2,0.19,0,2
swsh11-66,Gengar,Lost Origin,modern,Rare Holo,120.0,2,1,0,0.832909122935104,0.2621359223300972,2.4750171115674195,1.03,1.3,0,2
swsh11-67,Mr. Mime,Lost Origin,modern,Rare,90.0,2,2,90,0.2151113796169455,0.09090909090909083,2.4750171115674195,0.22,0.24,0,1
swsh11-68,Jynx,Lost Origin,modern,Common,100.0,1,2,80,0.12221763272424921,0.18181818181818188,2.4750171115674195,0.11,0.13,0,1
swsh11-69,Radiant Gardevoir,Lost Origin,modern,Radiant Rare,130.0,2,1,70,0.43178241642553783,0.10204081632653073,2.4750171115674195,0.49,0.54,0,2
swsh11-70,Sableye,Lost Origin,modern,Rare Holo,80.0,1,2,20,0.3646431135879093,0.09999999999999987,2.4750171115674195,0.4,0.44,0,1
swsh11-71,Mawile,Lost Origin,modern,Common,90.0,1,2,90,0.15700374880966478,0.0625,2.4750171115674195,0.16,0.17,0,1
swsh11-72,Shuppet,Lost Origin,modern,Common,60.0,1,1,30,0.11332868530700317,0.19999999999999996,2.4750171115674195,0.1,0.12,0,2
swsh11-73,Banette,Lost Origin,modern,Rare,100.0,1,1,50,0.18232155679395465,0.0,2.4750171115674195,0.2,0.2,0,2
swsh11-74,Cresselia,Lost Origin,modern,Rare Holo,120.0,1,2,110,0.3435897043900769,0.0,2.4750171115674195,0.41,0.41,0,1
swsh11-75,Hisuian Zorua,Lost Origin,modern,Common,60.0,1,2,10,0.23901690047049992,-0.0357142857142857,2.4750171115674195,0.28,0.27,0,1
swsh11-76,Hisuian Zoroark,Lost Origin,modern,Rare Holo,120.0,2,2,0,0.2546422183735807,-0.033333333333333326,2.4750171115674195,0.3,0.29,0,1
swsh11-77,Inkay,Lost Origin,modern,Common,60.0,1,1,30,0.08617769624105233,-0.25,2.4750171115674195,0.12,0.09,0,2
swsh11-78,Malamar,Lost Origin,modern,Rare,110.0,2,2,80,0.1484200051182733,0.0,2.4750171115674195,0.16,0.16,0,1
swsh11-79,Comfey,Lost Origin,modern,Rare,70.0,1,1,30,0.262364264467491,0.0,2.4750171115674195,0.3,0.3,0,2
swsh11-80,Mimikyu,Lost Origin,modern,Rare,70.0,1,2,10,0.23111172096338664,0.0,2.4750171115674195,0.26,0.26,0,1
swsh11-81,Spectrier,Lost Origin,modern,Rare Holo,120.0,1,2,120,0.262364264467491,-0.1428571428571428,2.4750171115674195,0.35,0.3,0,1
swsh11-82,Enamorus V,Lost Origin,modern,Rare Holo V,210.0,2,1,100,0.412109650826833,0.020000000000000018,2.4750171115674195,0.5,0.51,2,0
swsh11-83,Hisuian Growlithe,Lost Origin,modern,Common,70.0,2,1,0,0.22314355131420976,0.13636363636363646,2.4750171115674195,0.22,0.25,0,2
swsh11-84,Hisuian Arcanine,Lost Origin,modern,Rare Holo,130.0,2,2,100,0.1988508587451652,0.1578947368421053,2.4750171115674195,0.19,0.22,0,1
swsh11-85,Poliwrath,Lost Origin,modern,Rare,160.0,2,2,160,0.13102826240640408,0.0,2.4750171115674195,0.14,0.14,2,1
swsh11-86,Machop,Lost Origin,modern,Common,70.0,2,1,20,0.15700374880966478,0.0625,2.4750171115674195,0.16,0.17,0,2
swsh11-87,Machoke,Lost Origin,modern,Uncommon,100.0,2,2,50,0.16551443847757338,0.0588235294117645,2.4750171115674195,0.17,0.18,0,1
swsh11-88,Machamp,Lost Origin,modern,Rare Holo,150.0,2,1,100,0.41871033485818504,0.1063829787234043,2.4750171115674195,0.47,0.52,0,0
swsh11-89,Rhyhorn,Lost Origin,modern,Common,100.0,3,1,70,0.20701416938432615,0.1499999999999999,2.4750171115674195,0.2,0.23,0,2
swsh11-90,Rhydon,Lost Origin,modern,Uncommon,120.0,3,2,120,0.11332868530700317,0.09090909090909083,2.4750171115674195,0.11,0.12,2,0
swsh11-91,Rhyperior,Lost Origin,modern,Rare,190.0,4,2,180,0.15700374880966478,-0.10526315789473684,2.4750171115674195,0.19,0.17,2,0
swsh11-92,Aerodactyl V,Lost Origin,modern,Rare Holo V,210.0,1,2,120,0.4700036292457356,0.0714285714285714,2.4750171115674195,0.56,0.6,2,0
swsh11-93,Aerodactyl VSTAR,Lost Origin,modern,Rare Holo VSTAR,260.0,2,2,240,0.636576829071551,0.18666666666666676,2.4750171115674195,0.75,0.89,2,0
swsh11-94,Sudowoodo,Lost Origin,modern,Common,110.0,2,2,50,0.19062035960864973,0.3999999999999999,2.4750171115674195,0.15,0.21,0,1
swsh11-95,Gligar,Lost Origin,modern,Common,60.0,1,1,10,0.17395330712343804,0.11764705882352944,2.4750171115674195,0.17,0.19,0,2
swsh11-96,Gliscor,Lost Origin,modern,Rare,120.0,2,1,50,0.1397619423751587,0.0714285714285714,2.4750171115674195,0.14,0.15,0,2
swsh11-97,Makuhita,Lost Origin,modern,Common,80.0,3,1,20,0.11332868530700317,-0.14285714285714302,2.4750171115674195,0.14,0.12,0,2
swsh11-98,Hariyama,Lost Origin,modern,Uncommon,140.0,3,2,100,0.09531017980432487,0.11111111111111116,2.4750171115674195,0.09,0.1,2,1
swsh11-99,Meditite,Lost Origin,modern,Common,70.0,1,1,30,0.13102826240640408,-0.12499999999999989,2.4750171115674195,0.16,0.14,0,2
swsh11-100,Medicham,Lost Origin,modern,Uncommon,110.0,1,1,50,0.1397619423751587,-0.0625,2.4750171115674195,0.16,0.15,0,2
swsh11-101,Relicanth,Lost Origin,modern,Uncommon,90.0,1,2,80,0.13102826240640408,0.16666666666666674,2.4750171115674195,0.12,0.14,0,1
swsh11-102,Gastrodon,Lost Origin,modern,Uncommon,130.0,3,2,170,0.13102826240640408,0.0,2.4750171115674195,0.14,0.14,2,0
swsh11-103,Mienfoo,Lost Origin,modern,Common,60.0,1,2,30,0.11332868530700317,0.09090909090909083,2.4750171115674195,0.11,0.12,0,1
swsh11-104,Mienshao,Lost Origin,modern,Uncommon,90.0,1,2,70,0.10436001532424277,0.0,2.4750171115674195,0.11,0.11,0,1
swsh11-105,Landorus,Lost Origin,modern,Rare,120.0,1,2,130,0.16551443847757338,0.0,2.4750171115674195,0.18,0.18,0,1
swsh11-106,Binacle,Lost Origin,modern,Common,70.0,2,2,20,0.15700374880966478,0.0,2.4750171115674195,0.17,0.17,0,1
swsh11-107,Barbaracle,Lost Origin,modern,Rare Holo,130.0,3,1,100,0.2151113796169455,0.0,2.4750171115674195,0.24,0.24,2,0
swsh11-108,Carbink,Lost Origin,modern,Uncommon,90.0,1,2,80,0.18232155679395465,0.0,2.4750171115674195,0.2,0.2,0,1
swsh11-109,Rockruff,Lost Origin,modern,Common,60.0,1,2,30,0.1397619423751587,-0.0625,2.4750171115674195,0.16,0.15,0,1
swsh11-110,Falinks,Lost Origin,modern,Common,100.0,1,2,80,0.17395330712343804,0.0,2.4750171115674195,0.19,0.19,0,1
swsh11-111,Stonjourner,Lost Origin,modern,Rare,140.0,4,2,120,0.1484200051182733,-0.05882352941176472,2.4750171115674195,0.17,0.16,2,0
swsh11-112,Spinarak,Lost Origin,modern,Common,50.0,1,1,10,0.13102826240640408,-0.06666666666666654,2.4750171115674195,0.15,0.14,0,2
swsh11-113,Ariados,Lost Origin,modern,Rare,90.0,1,2,80,0.20701416938432615,-0.04166666666666663,2.4750171115674195,0.24,0.23,0,1
swsh11-114,Murkrow,Lost Origin,modern,Common,60.0,1,2,30,0.17395330712343804,0.11764705882352944,2.4750171115674195,0.17,0.19,0,1
swsh11-115,Honchkrow,Lost Origin,modern,Rare,120.0,1,2,160,0.10436001532424277,-0.08333333333333326,2.4750171115674195,0.12,0.11,0,1
swsh11-116,Seviper,Lost Origin,modern,Uncommon,110.0,2,1,60,0.17395330712343804,0.05555555555555558,2.4750171115674195,0.18,0.19,0,2
swsh11-117,Spiritomb,Lost Origin,modern,Rare,60.0,2,1,10,0.1988508587451652,-0.0434782608695653,2.4750171115674195,0.23,0.22,0,2
swsh11-118,Drapion V,Lost Origin,modern,Rare Holo V,210.0,2,1,190,0.3506568716131694,0.024390243902439046,2.4750171115674195,0.41,0.42,2,0
swsh11-119,Drapion VSTAR,Lost Origin,modern,Rare Holo VSTAR,270.0,3,1,250,0.5007752879124893,0.30000000000000004,2.4750171115674195,0.5,0.65,2,0
swsh11-120,Darkrai,Lost Origin,modern,Rare Holo,120.0,2,2,130,0.27002713721306015,0.10714285714285698,2.4750171115674195,0.28,0.31,2,1
swsh11-121,Inkay,Lost Origin,modern,Common,50.0,1,2,20,0.10436001532424277,0.22222222222222232,2.4750171115674195,0.09,0.11,0,1
swsh11-122,Hoopa,Lost Origin,modern,Rare,120.0,1,2,100,0.18232155679395465,0.0,2.4750171115674195,0.2,0.2,0,1
swsh11-123,Radiant Hisuian Sneasler,Lost Origin,modern,Radiant Rare,130.0,1,1,90,0.43178241642553783,0.03846153846153855,2.4750171115674195,0.52,0.54,0,2
swsh11-124,Radiant Steelix,Lost Origin,modern,Radiant Rare,170.0,4,2,60,0.41871033485818504,-0.054545454545454564,2.4750171115674195,0.55,0.52,2,1
swsh11-125,Bronzor,Lost Origin,modern,Common,70.0,2,1,10,0.18232155679395465,0.11111111111111116,2.4750171115674195,0.18,0.2,0,2
swsh11-126,Bronzong,Lost Origin,modern,Uncommon,130.0,3,2,40,0.16551443847757338,0.0588235294117645,2.4750171115674195,0.17,0.18,0,1
swsh11-127,Galarian Stunfisk,Lost Origin,modern,Uncommon,100.0,3,2,50,0.11332868530700317,0.0,2.4750171115674195,0.12,0.12,0,1
swsh11-128,Magearna,Lost Origin,modern,Rare,90.0,1,2,60,0.11332868530700317,0.09090909090909083,2.4750171115674195,0.11,0.12,0,1
swsh11-129,Galarian Perrserker V,Lost Origin,modern,Rare Holo V,200.0,2,2,20,0.3784364357202451,-0.1636363636363637,2.4750171115674195,0.55,0.46,0,0
swsh11-130,Giratina V,Lost Origin,modern,Rare Holo V,220.0,2,2,160,0.9202827531436926,0.1705426356589148,2.4750171115674195,1.29,1.51,2,0
swsh11-131,Giratina VSTAR,Lost Origin,modern,Rare Holo VSTAR,280.0,2,2,280,1.1969481893889715,0.09478672985782,2.4750171115674195,2.11,2.31,2,0
swsh11-132,Goomy,Lost Origin,modern,Common,60.0,2,2,30,0.1397619423751587,-0.16666666666666663,2.4750171115674195,0.18,0.15,0,1
swsh11-133,Hisuian Sliggoo,Lost Origin,modern,Uncommon,90.0,3,2,40,0.18232155679395465,0.0,2.4750171115674195,0.2,0.2,0,1
swsh11-134,Hisuian Goodra,Lost Origin,modern,Rare Holo,160.0,3,1,140,0.17395330712343804,0.0,2.4750171115674195,0.19,0.19,2,0
swsh11-135,Hisuian Goodra V,Lost Origin,modern,Rare Holo V,220.0,3,2,140,0.4574248470388754,0.28888888888888875,2.4750171115674195,0.45,0.58,2,0
swsh11-136,Hisuian Goodra VSTAR,Lost Origin,modern,Rare Holo VSTAR,270.0,3,1,200,0.6523251860396903,-0.07999999999999996,2.4750171115674195,1.0,0.92,2,0
swsh11-137,Pidgeot V,Lost Origin,modern,Rare Holo V,210.0,1,1,80,0.4574248470388754,0.34883720930232553,2.4750171115674195,0.43,0.58,0,0
swsh11-138,Lickitung,Lost Origin,modern,Common,110.0,4,1,30,0.23901690047049992,0.3500000000000001,2.4750171115674195,0.2,0.27,0,0
swsh11-139,Lickilicky,Lost Origin,modern,Uncommon,140.0,4,2,130,0.19062035960864973,0.04999999999999982,2.4750171115674195,0.2,0.21,2,0
swsh11-140,Porygon,Lost Origin,modern,Common,60.0,1,2,10,0.12221763272424921,0.08333333333333348,2.4750171115674195,0.12,0.13,0,1
swsh11-141,Porygon2,Lost Origin,modern,Uncommon,90.0,1,1,20,0.1484200051182733,-0.05882352941176472,2.4750171115674195,0.17,0.16,0,2
swsh11-142,Porygon-Z,Lost Origin,modern,Rare,150.0,2,2,130,0.1484200051182733,0.1428571428571428,2.4750171115674195,0.14,0.16,2,1
swsh11-143,Snorlax,Lost Origin,modern,Rare Holo,150.0,4,1,180,0.4762341789963716,0.08928571428571419,2.4750171115674195,0.56,0.61,2,0
swsh11-144,Aipom,Lost Origin,modern,Common,60.0,1,2,10,0.1484200051182733,-0.05882352941176472,2.4750171115674195,0.17,0.16,0,1
swsh11-145,Ambipom,Lost Origin,modern,Uncommon,90.0,1,2,50,0.09531017980432487,-0.09090909090909083,2.4750171115674195,0.11,0.1,0,1
swsh11-146,Hisuian Zoroark V,Lost Origin,modern,Rare Holo V,210.0,2,2,130,0.5709795465857378,0.04054054054054057,2.4750171115674195,0.74,0.77,2,0
swsh11-147,Hisuian Zoroark VSTAR,Lost Origin,modern,Rare Holo VSTAR,270.0,2,1,50,0.6471032420585384,-0.031914893617021156,2.4750171115674195,0.94,0.91,2,0
swsh11-148,Bouffalant,Lost Origin,modern,Rare,130.0,2,2,120,0.19062035960864973,0.04999999999999982,2.4750171115674195,0.2,0.21,2,1
swsh11-149,Komala,Lost Origin,modern,Uncommon,100.0,2,1,60,0.19062035960864973,0.10526315789473673,2.4750171115674195,0.19,0.21,0,2
swsh11-150,Skwovet,Lost Origin,modern,Common,60.0,1,1,20,0.10436001532424277,-0.08333333333333326,2.4750171115674195,0.12,0.11,0,2
swsh11-151,Greedent,Lost Origin,modern,Rare,130.0,3,2,60,0.13102826240640408,-0.12499999999999989,2.4750171115674195,0.16,0.14,0,1
swsh11-172,Hisuian Electrode V,Lost Origin,modern,Rare Ultra,210.0,1,2,120,1.2412685890696329,0.13888888888888884,2.4750171115674195,2.16,2.46,2,0
swsh11-173,Delphox V,Lost Origin,modern,Rare Ultra,210.0,2,2,120,1.172482137234565,-0.04291845493562241,2.4750171115674195,2.33,2.23,2,0
swsh11-174,Kyurem V,Lost Origin,modern,Rare Ultra,220.0,3,2,140,1.235471471385307,0.07017543859649122,2.4750171115674195,2.28,2.44,2,0
swsh11-175,Magnezone V,Lost Origin,modern,Rare Ultra,210.0,2,2,90,0.8501509293696101,0.14529914529914545,2.4750171115674195,1.17,1.34,2,0
swsh11-176,Rotom V,Lost Origin,modern,Rare Ultra,190.0,1,1,40,1.3532545070416904,-0.05901639344262288,2.4750171115674195,3.05,2.87,0,0
swsh11-177,Rotom V,Lost Origin,modern,Rare Ultra,190.0,1,1,40,3.542407550213679,0.04192546583850909,2.4750171115674195,32.2,33.55,0,0
swsh11-178,Enamorus V,Lost Origin,modern,Rare Ultra,210.0,2,1,100,0.9242589015233319,0.09352517985611519,2.4750171115674195,1.39,1.52,2,0
swsh11-179,Aerodactyl V,Lost Origin,modern,Rare Ultra,210.0,1,2,120,1.0681530811834012,0.09142857142857141,2.4750171115674195,1.75,1.91,2,0
swsh11-180,Aerodactyl V,Lost Origin,modern,Rare Ultra,210.0,1,2,120,4.920418786157677,0.021548164276597337,2.4750171115674195,133.19,136.06,2,0
swsh11-181,Gallade V,Lost Origin,modern,Rare Ultra,220.0,2,2,130,0.959350221334602,0.1103448275862069,2.4750171115674195,1.45,1.61,2,0
swsh11-182,Drapion V,Lost Origin,modern,Rare Ultra,210.0,2,1,190,0.7839015438284094,0.017094017094017033,2.4750171115674195,1.17,1.19,2,0
swsh11-183,Galarian Perrserker V,Lost Origin,modern,Rare Ultra,200.0,2,2,20,0.8285518175661483,0.023809523809523725,2.4750171115674195,1.26,1.29,0,0
swsh11-184,Galarian Perrserker V,Lost Origin,modern,Rare Ultra,200.0,2,2,20,2.9486406660201405,0.0691898285038437,2.4750171115674195,16.91,18.08,2,0
swsh11-185,Giratina V,Lost Origin,modern,Rare Ultra,220.0,2,2,160,2.191653532286764,-0.04216867469879526,2.4750171115674195,8.3,7.95,2,0
swsh11-186,Giratina V,Lost Origin,modern,Rare Ultra,220.0,2,2,160,6.5653917225653,0.0012567071448743583,2.4750171115674195,708.2,709.09,2,0
swsh11-187,Hisuian Goodra V,Lost Origin,modern,Rare Ultra,220.0,3,2,140,0.9820784724121582,0.0,2.4750171115674195,1.67,1.67,2,0
swsh11-188,Pidgeot V,Lost Origin,modern,Rare Ultra,210.0,1,1,80,1.1474024528375417,0.10824742268041243,2.4750171115674195,1.94,2.15,0,0
swsh11-197,Kyurem VMAX,Lost Origin,modern,Rare Rainbow,330.0,3,1,120,2.033397603178429,0.053968253968254,2.4750171115674195,6.3,6.64,2,0
swsh11-198,Magnezone VSTAR,Lost Origin,modern,Rare Rainbow,270.0,2,2,180,1.8671761085128091,0.01109057301293892,2.4750171115674195,5.41,5.47,2,0
swsh11-199,Aerodactyl VSTAR,Lost Origin,modern,Rare Rainbow,260.0,2,2,240,2.4406063908914204,0.01945525291828809,2.4750171115674195,10.28,10.48,2,0
swsh11-200,Drapion VSTAR,Lost Origin,modern,Rare Rainbow,270.0,3,1,250,1.8794650496471605,0.13034623217922592,2.4750171115674195,4.91,5.55,2,0
swsh11-201,Giratina VSTAR,Lost Origin,modern,Rare Rainbow,280.0,2,2,280,3.0832851705618523,0.01116504854368916,2.4750171115674195,20.6,20.83,2,0
swsh11-202,Hisuian Goodra VSTAR,Lost Origin,modern,Rare Rainbow,270.0,3,1,200,2.1210632163706555,-0.07088607594936713,2.4750171115674195,7.9,7.34,2,0
swsh11-203,Hisuian Zoroark VSTAR,Lost Origin,modern,Rare Rainbow,270.0,2,1,50,2.012232791986386,0.07462686567164178,2.4750171115674195,6.03,6.48,2,0
swsh11-212,Giratina VSTAR,Lost Origin,modern,Rare Secret,280.0,2,2,280,2.4449523342809676,0.0019029495718363432,2.4750171115674195,10.51,10.53,2,0
swsh11-213,Hisuian Zoroark VSTAR,Lost Origin,modern,Rare Secret,270.0,2,1,50,1.667706820558076,0.11111111111111094,2.4750171115674195,3.87,4.3,2,0
swsh11tg-TG01,Parasect,Lost Origin Trainer Gallery,modern,Trainer Gallery Rare Holo,120.0,2,1,50,0.8671004876833833,0.007299270072992581,2.4750171115674195,1.37,1.38,0,2
swsh11tg-TG02,Roserade,Lost Origin Trainer Gallery,modern,Trainer Gallery Rare Holo,120.0,1,2,60,1.0402767116551463,0.14375000000000004,2.4750171115674195,1.6,1.83,0,1
swsh11tg-TG03,Charizard,Lost Origin Trainer Gallery,modern,Trainer Gallery Rare Holo,170.0,3,1,100,2.6567569067146595,-0.01633259094283601,2.4750171115674195,13.47,13.25,2,0
swsh11tg-TG04,Chandelure,Lost Origin Trainer Gallery,modern,Trainer Gallery Rare Holo,150.0,2,1,90,0.9360933591703349,0.11510791366906492,2.4750171115674195,1.39,1.55,0,0
swsh11tg-TG05,Pikachu,Lost Origin Trainer Gallery,modern,Trainer Gallery Rare Holo,60.0,1,1,50,3.0694473113762717,0.06098191214470283,2.4750171115674195,19.35,20.53,0,2
swsh11tg-TG06,Gengar,Lost Origin Trainer Gallery,modern,Trainer Gallery Rare Holo,120.0,2,1,0,2.8587664184808337,0.05384615384615388,2.4750171115674195,15.6,16.44,0,2
swsh11tg-TG07,Banette,Lost Origin Trainer Gallery,modern,Trainer Gallery Rare Holo,80.0,1,2,50,0.9669838461896731,0.09395973154362403,2.4750171115674195,1.49,1.63,0,1
swsh11tg-TG08,Hisuian Arcanine,Lost Origin Trainer Gallery,modern,Trainer Gallery Rare Holo,130.0,2,2,100,1.3029127521808397,-0.1326860841423947,2.4750171115674195,3.09,2.68,2,0
swsh11tg-TG09,Spiritomb,Lost Origin Trainer Gallery,modern,Trainer Gallery Rare Holo,60.0,2,1,10,1.0152306797290584,0.18918918918918926,2.4750171115674195,1.48,1.76,0,2
swsh11tg-TG10,Snorlax,Lost Origin Trainer Gallery,modern,Trainer Gallery Rare Holo,150.0,4,1,180,2.0930978681273213,0.07239819004524883,2.4750171115674195,6.63,7.11,2,0
swsh11tg-TG11,Castform,Lost Origin Trainer Gallery,modern,Trainer Gallery Rare Holo,70.0,0,1,80,0.688134638736401,-0.12389380530973448,2.4750171115674195,1.13,0.99,0,2
swsh11tg-TG12,Orbeetle V,Lost Origin Trainer Gallery,modern,Rare Holo V,180.0,1,2,50,1.6620303625532709,0.30182926829268286,2.4750171115674195,3.28,4.27,0,0
swsh11tg-TG13,Orbeetle VMAX,Lost Origin Trainer Gallery,modern,Rare Holo VMAX,310.0,1,1,50,2.1102132003465894,0.1035007610350076,2.4750171115674195,6.57,7.25,2,0
swsh11tg-TG14,Centiskorch V,Lost Origin Trainer Gallery,modern,Rare Holo V,210.0,3,2,180,1.3164082336557241,0.02631578947368407,2.4750171115674195,2.66,2.73,2,0
swsh11tg-TG15,Centiskorch VMAX,Lost Origin Trainer Gallery,modern,Rare Holo VMAX,320.0,3,1,40,1.9501867058225735,-0.02584814216478193,2.4750171115674195,6.19,6.03,2,0
swsh11tg-TG16,Pikachu V,Lost Origin Trainer Gallery,modern,Rare Holo V,190.0,1,2,200,3.952204795060978,0.02059176329468193,2.4750171115674195,50.02,51.05,2,0
swsh11tg-TG17,Pikachu VMAX,Lost Origin Trainer Gallery,modern,Rare Holo VMAX,310.0,2,1,120,4.112348186661675,0.006027122049221623,2.4750171115674195,59.73,60.09,2,0
swsh11tg-TG18,Enamorus V,Lost Origin Trainer Gallery,modern,Rare Holo V,210.0,2,1,100,2.2364452904895007,0.11170212765957444,2.4750171115674195,7.52,8.36,2,0
swsh11tg-TG19,Gallade V,Lost Origin Trainer Gallery,modern,Rare Holo V,220.0,2,2,130,2.063058062429312,0.1585160202360878,2.4750171115674195,5.93,6.87,2,0
swsh11tg-TG20,Crobat V,Lost Origin Trainer Gallery,modern,Rare Holo V,180.0,1,1,70,1.9329696377795786,0.005102040816326481,2.4750171115674195,5.88,5.91,0,0
swsh11tg-TG21,Eternatus V,Lost Origin Trainer Gallery,modern,Rare Holo V,220.0,2,2,120,1.2837077723447896,0.0,2.4750171115674195,2.61,2.61,2,0
swsh11tg-TG22,Eternatus VMAX,Lost Origin Trainer Gallery,modern,Rare Holo VMAX,340.0,3,1,30,2.2648832258100344,0.06806930693069324,2.4750171115674195,8.08,8.63,2,0
swsh11tg-TG29,Pikachu VMAX,Lost Origin Trainer Gallery,modern,Rare Secret,310.0,2,1,120,2.5160822672564502,-0.08077544426494343,2.4750171115674195,12.38,11.38,2,0
swsh11tg-TG30,Mew VMAX,Lost Origin Trainer Gallery,modern,Rare Secret,310.0,0,2,130,2.553343811341229,0.08715596330275233,2.4750171115674195,10.9,11.85,2,0
swsh12-1,Venonat,Silver Tempest,modern,Common,60.0,1,1,20,0.09531017980432487,0.0,2.302532511978097,0.1,0.1,0,2
swsh12-2,Venomoth,Silver Tempest,modern,Uncommon,90.0,0,2,70,0.13102826240640408,0.0,2.302532511978097,0.14,0.14,0,1
swsh12-3,Spinarak,Silver Tempest,modern,Common,60.0,1,1,30,0.10436001532424277,-0.08333333333333326,2.302532511978097,0.12,0.11,0,2
swsh12-4,Ariados,Silver Tempest,modern,Rare Holo,90.0,1,1,50,0.1484200051182733,-0.05882352941176472,2.302532511978097,0.17,0.16,0,2
swsh12-5,Sunkern,Silver Tempest,modern,Common,40.0,1,1,20,0.10436001532424277,0.0,2.302532511978097,0.11,0.11,0,2
swsh12-6,Sunflora,Silver Tempest,modern,Uncommon,90.0,2,1,10,0.1484200051182733,-0.11111111111111105,2.302532511978097,0.18,0.16,0,2
swsh12-7,Serperior V,Silver Tempest,modern,Rare Holo V,210.0,1,2,120,0.5481214085096876,0.19672131147540983,2.302532511978097,0.61,0.73,2,0
swsh12-8,Serperior VSTAR,Silver Tempest,modern,Rare Holo VSTAR,270.0,0,2,190,0.688134638736401,0.33783783783783794,2.302532511978097,0.74,0.99,2,0
swsh12-9,Petilil,Silver Tempest,modern,Common,50.0,1,2,20,0.10436001532424277,0.0,2.302532511978097,0.11,0.11,0,1
swsh12-10,Hisuian Lilligant,Silver Tempest,modern,Rare,120.0,1,2,50,0.2151113796169455,-0.19999999999999996,2.302532511978097,0.3,0.24,0,1
swsh12-11,Foongus,Silver Tempest,modern,Common,50.0,1,1,10,0.13102826240640408,0.0769230769230771,2.302532511978097,0.13,0.14,0,2
swsh12-12,Amoonguss,Silver Tempest,modern,Rare,90.0,3,1,50,0.23901690047049992,0.03846153846153855,2.302532511978097,0.26,0.27,0,2
swsh12-13,Durant,Silver Tempest,modern,Common,110.0,2,2,50,0.10436001532424277,0.09999999999999987,2.302532511978097,0.1,0.11,0,1
swsh12-14,Virizion,Silver Tempest,modern,Rare,110.0,1,2,50,0.2776317365982795,0.06666666666666665,2.302532511978097,0.3,0.32,0,1
swsh12-15,Chesnaught V,Silver Tempest,modern,Rare Holo V,230.0,4,1,130,0.3646431135879093,0.09999999999999987,2.302532511978097,0.4,0.44,2,0
swsh12-16,Radiant Tsareena,Silver Tempest,modern,Radiant Rare,140.0,2,1,90,0.3784364357202451,0.12195121951219523,2.302532511978097,0.41,0.46,0,0
swsh12-17,Vulpix,Silver Tempest,modern,Common,70.0,1,1,10,0.17395330712343804,0.11764705882352944,2.302532511978097,0.17,0.19,0,2
swsh12-18,Ninetales,Silver Tempest,modern,Uncommon,110.0,1,2,120,0.18232155679395465,0.05263157894736836,2.302532511978097,0.19,0.2,0,1
swsh12-19,Growlithe,Silver Tempest,modern,Common,90.0,3,2,20,0.1484200051182733,0.0,2.302532511978097,0.16,0.16,0,1
swsh12-20,Arcanine,Silver Tempest,modern,Rare,140.0,3,2,100,0.2851789422336624,0.03125,2.302532511978097,0.32,0.33,2,1
swsh12-21,Ponyta,Silver Tempest,modern,Common,70.0,1,1,50,0.1484200051182733,0.0,2.302532511978097,0.16,0.16,0,2
swsh12-22,Rapidash,Silver Tempest,modern,Rare Holo,100.0,1,1,60,0.20701416938432615,0.0,2.302532511978097,0.23,0.23,0,2
swsh12-23,Victini,Silver Tempest,modern,Rare,70.0,1,2,40,0.1988508587451652,-0.0434782608695653,2.302532511978097,0.23,0.22,0,1
swsh12-24,Reshiram V,Silver Tempest,modern,Rare Holo V,220.0,2,2,200,0.5822156198526637,0.09722222222222232,2.302532511978097,0.72,0.79,2,0
swsh12-25,Fennekin,Silver Tempest,modern,Common,60.0,1,2,10,0.1397619423751587,-0.21052631578947367,2.302532511978097,0.19,0.15,0,1
swsh12-26,Braixen,Silver Tempest,modern,Uncommon,90.0,1,2,60,0.13102826240640408,0.16666666666666674,2.302532511978097,0.12,0.14,0,1
swsh12-27,Delphox,Silver Tempest,modern,Rare,150.0,2,2,60,0.3435897043900769,0.0512820512820511,2.302532511978097,0.39,0.41,0,1
swsh12-28,Fletchinder,Silver Tempest,modern,Uncommon,80.0,1,1,30,0.12221763272424921,0.0,2.302532511978097,0.13,0.13,0,2
swsh12-29,Talonflame,Silver Tempest,modern,Rare,140.0,1,2,80,0.22314355131420976,-0.03846153846153855,2.302532511978097,0.26,0.25,0,1
swsh12-30,Litten,Silver Tempest,modern,Common,70.0,2,2,20,0.20701416938432615,-0.1785714285714286,2.302532511978097,0.28,0.23,0,1
swsh12-31,Torracat,Silver Tempest,modern,Uncommon,80.0,2,2,70,0.1484200051182733,0.23076923076923084,2.302532511978097,0.13,0.16,0,1
swsh12-32,Incineroar,Silver Tempest,modern,Rare,170.0,3,2,180,0.35767444427181594,-0.0652173913043479,2.302532511978097,0.46,0.43,2,0
swsh12-33,Alolan Vulpix V,Silver Tempest,modern,Rare Holo V,190.0,1,2,110,0.6151856390902334,-0.0449438202247191,2.302532511978097,0.89,0.85,2,0
swsh12-34,Alolan Vulpix VSTAR,Silver Tempest,modern,Rare Holo VSTAR,240.0,1,2,160,0.8754687373538999,0.11999999999999988,2.302532511978097,1.25,1.4,2,0
swsh12-35,Omastar V,Silver Tempest,modern,Rare Holo V,190.0,1,2,110,0.4762341789963716,-0.10294117647058831,2.302532511978097,0.68,0.61,2,0
swsh12-36,Articuno,Silver Tempest,modern,Rare Holo,110.0,1,2,70,0.262364264467491,-0.0625,2.302532511978097,0.32,0.3,0,1
swsh12-37,Wailmer,Silver Tempest,modern,Common,110.0,4,2,60,0.13102826240640408,0.0,2.302532511978097,0.14,0.14,2,1
swsh12-38,Wailord,Silver Tempest,modern,Uncommon,200.0,4,1,120,0.15700374880966478,0.0625,2.302532511978097,0.16,0.17,2,0
swsh12-39,Feebas,Silver Tempest,modern,Common,30.0,1,2,10,0.13102826240640408,-0.06666666666666654,2.302532511978097,0.15,0.14,0,1
swsh12-40,Milotic,Silver Tempest,modern,Rare,130.0,2,2,60,0.3293037471426004,0.08333333333333348,2.302532511978097,0.36,0.39,0,1
swsh12-41,Snorunt,Silver Tempest,modern,Common,60.0,1,2,20,0.1484200051182733,-0.05882352941176472,2.302532511978097,0.17,0.16,0,1
swsh12-42,Glalie,Silver Tempest,modern,Uncommon,130.0,2,2,130,0.12221763272424921,0.08333333333333348,2.302532511978097,0.12,0.13,2,1
swsh12-43,Froslass,Silver Tempest,modern,Rare,90.0,1,2,60,0.3001045924503381,-0.05405405405405406,2.302532511978097,0.37,0.35,0,1
swsh12-44,Relicanth,Silver Tempest,modern,Common,90.0,1,2,30,0.1397619423751587,0.0714285714285714,2.302532511978097,0.14,0.15,0,1
swsh12-45,Phione,Silver Tempest,modern,Rare,70.0,1,2,20,0.31481073984003355,0.08823529411764697,2.302532511978097,0.34,0.37,0,1
swsh12-46,Keldeo,Silver Tempest,modern,Rare,120.0,2,2,50,0.2151113796169455,0.04347826086956519,2.302532511978097,0.23,0.24,0,1
swsh12-47,Dewpider,Silver Tempest,modern,Common,60.0,1,1,30,0.10436001532424277,0.0,2.302532511978097,0.11,0.11,0,2
swsh12-48,Araquanid,Silver Tempest,modern,Uncommon,120.0,2,2,60,0.11332868530700317,-0.14285714285714302,2.302532511978097,0.14,0.12,0,1
swsh12-49,Pikachu,Silver Tempest,modern,Common,70.0,1,1,20,0.2776317365982795,0.0,2.302532511978097,0.32,0.32,0,2
swsh12-50,Raichu,Silver Tempest,modern,Uncommon,120.0,1,2,120,0.2151113796169455,0.1428571428571428,2.302532511978097,0.21,0.24,0,1
swsh12-51,Chinchou,Silver Tempest,modern,Common,60.0,1,2,20,0.10436001532424277,0.0,2.302532511978097,0.11,0.11,0,1
swsh12-52,Lanturn,Silver Tempest,modern,Uncommon,120.0,2,2,160,0.10436001532424277,-0.15384615384615385,2.302532511978097,0.13,0.11,2,1
swsh12-53,Rotom,Silver Tempest,modern,Common,80.0,1,2,80,0.08617769624105233,0.125,2.302532511978097,0.08,0.09,0,1
swsh12-54,Emolga,Silver Tempest,modern,Common,70.0,0,2,40,0.18232155679395465,0.11111111111111116,2.302532511978097,0.18,0.2,0,1
swsh12-55,Stunfisk,Silver Tempest,modern,Common,110.0,2,2,30,0.12221763272424921,-0.07142857142857151,2.302532511978097,0.14,0.13,0,1
swsh12-56,Zeraora,Silver Tempest,modern,Rare,110.0,0,2,80,0.3506568716131694,0.024390243902439046,2.302532511978097,0.41,0.42,0,1
swsh12-57,Regieleki V,Silver Tempest,modern,Rare Holo V,200.0,1,2,100,0.3920420877760237,0.1707317073170731,2.302532511978097,0.41,0.48,2,0
swsh12-58,Regieleki VMAX,Silver Tempest,modern,Rare Holo VMAX,310.0,0,1,220,0.7514160886839212,0.06666666666666665,2.302532511978097,1.05,1.12,2,0
swsh12-59,Radiant Alakazam,Silver Tempest,modern,Radiant Rare,130.0,2,1,20,0.8501509293696101,-0.049645390070921835,2.302532511978097,1.41,1.34,0,2
swsh12-60,Drowzee,Silver Tempest,modern,Common,70.0,2,2,20,0.17395330712343804,0.0,2.302532511978097,0.19,0.19,0,1
swsh12-61,Hypno,Silver Tempest,modern,Uncommon,110.0,2,2,90,0.19062035960864973,0.04999999999999982,2.302532511978097,0.2,0.21,0,1
swsh12-62,Jynx,Silver Tempest,modern,Uncommon,100.0,2,1,10,0.17395330712343804,0.357142857142857,2.302532511978097,0.14,0.19,0,2
swsh12-63,Misdreavus,Silver Tempest,modern,Common,60.0,1,1,10,0.1397619423751587,-0.0625,2.302532511978097,0.16,0.15,0,2
swsh12-64,Mismagius,Silver Tempest,modern,Rare,90.0,1,1,0,0.3074846997479606,-0.027027027027027084,2.302532511978097,0.37,0.36,0,2
swsh12-65,Unown V,Silver Tempest,modern,Rare Holo V,180.0,1,2,30,0.4762341789963716,0.3555555555555554,2.302532511978097,0.45,0.61,0,0
swsh12-66,Unown VSTAR,Silver Tempest,modern,Rare Holo VSTAR,250.0,1,2,70,0.7466879474879752,0.18085106382978733,2.302532511978097,0.94,1.11,2,0
swsh12-67,Ralts,Silver Tempest,modern,Common,60.0,1,1,10,0.23111172096338664,-0.03703703703703709,2.302532511978097,0.27,0.26,0,2
swsh12-68,Kirlia,Silver Tempest,modern,Uncommon,80.0,2,1,30,0.3220834991691133,-0.15555555555555556,2.302532511978097,0.45,0.38,0,2
swsh12-69,Gardevoir,Silver Tempest,modern,Rare,150.0,2,1,120,0.29266961396282,-0.02857142857142847,2.302532511978097,0.35,0.34,0,0
swsh12-70,Mawile V,Silver Tempest,modern,Rare Holo V,200.0,1,2,100,0.44468582126144574,0.21739130434782616,2.302532511978097,0.46,0.56,2,0
swsh12-71,Mawile VSTAR,Silver Tempest,modern,Rare Holo VSTAR,260.0,1,1,90,0.7701082216960736,0.38095238095238093,2.302532511978097,0.84,1.16,2,0
swsh12-72,Meditite,Silver Tempest,modern,Common,60.0,1,1,20,0.09531017980432487,0.0,2.302532511978097,0.1,0.1,0,2
swsh12-73,Medicham,Silver Tempest,modern,Rare Holo,120.0,2,1,80,0.23111172096338664,-0.03703703703703709,2.302532511978097,0.27,0.26,0,2
swsh12-74,Chimecho,Silver Tempest,modern,Common,70.0,1,2,30,0.23111172096338664,0.0,2.302532511978097,0.26,0.26,0,1
swsh12-75,Sigilyph,Silver Tempest,modern,Uncommon,100.0,1,2,70,0.20701416938432615,-0.04166666666666663,2.302532511978097,0.24,0.23,0,1
swsh12-76,Solosis,Silver Tempest,modern,Common,40.0,1,1,20,0.10436001532424277,0.09999999999999987,2.302532511978097,0.1,0.11,0,2
swsh12-77,Duosion,Silver Tempest,modern,Uncommon,70.0,2,1,20,0.12221763272424921,0.08333333333333348,2.302532511978097,0.12,0.13,0,2
swsh12-78,Reuniclus,Silver Tempest,modern,Rare Holo,120.0,2,1,60,0.27002713721306015,-0.03125,2.302532511978097,0.32,0.31,0,2
swsh12-79,Elgyem,Silver Tempest,modern,Common,60.0,1,1,20,0.2468600779315258,-0.0344827586206895,2.302532511978097,0.29,0.28,0,2
swsh12-80,Beheeyem,Silver Tempest,modern,Uncommon,90.0,1,2,30,0.2468600779315258,-0.1515151515151515,2.302532511978097,0.33,0.28,0,1
swsh12-81,Espurr,Silver Tempest,modern,Common,60.0,1,2,20,0.17395330712343804,-0.13636363636363635,2.302532511978097,0.22,0.19,0,1
swsh12-82,Meowstic,Silver Tempest,modern,Uncommon,90.0,1,1,80,0.13102826240640408,-0.06666666666666654,2.302532511978097,0.15,0.14,0,2
swsh12-83,Swirlix,Silver Tempest,modern,Common,60.0,1,2,20,0.2776317365982795,0.3333333333333335,2.302532511978097,0.24,0.32,0,1
swsh12-84,Slurpuff,Silver Tempest,modern,Uncommon,120.0,2,2,100,0.13102826240640408,-0.12499999999999989,2.302532511978097,0.16,0.14,0,1
swsh12-85,Dedenne,Silver Tempest,modern,Uncommon,60.0,1,2,60,0.1484200051182733,0.0,2.302532511978097,0.16,0.16,0,1
swsh12-86,Indeedee,Silver Tempest,modern,Common,90.0,1,2,40,0.15700374880966478,0.0,2.302532511978097,0.17,0.17,0,1
swsh12-87,Dreepy,Silver Tempest,modern,Common,60.0,1,1,30,0.15700374880966478,0.13333333333333353,2.302532511978097,0.15,0.17,0,2
swsh12-88,Drakloak,Silver Tempest,modern,Uncommon,90.0,1,1,40,0.15700374880966478,0.0,2.302532511978097,0.17,0.17,0,2
swsh12-89,Dragapult,Silver Tempest,modern,Rare Holo,150.0,1,2,120,0.262364264467491,0.0,2.302532511978097,0.3,0.3,0,1
swsh12-90,Hisuian Arcanine V,Silver Tempest,modern,Rare Holo V,230.0,3,1,90,0.5423242908253617,0.3846153846153846,2.302532511978097,0.52,0.72,2,1
swsh12-91,Phanpy,Silver Tempest,modern,Common,80.0,2,1,10,0.13102826240640408,-0.06666666666666654,2.302532511978097,0.15,0.14,0,2
swsh12-92,Donphan,Silver Tempest,modern,Uncommon,150.0,3,2,170,0.09531017980432487,0.0,2.302532511978097,0.1,0.1,2,0
swsh12-93,Baltoy,Silver Tempest,modern,Common,50.0,1,2,10,0.1397619423751587,0.0,2.302532511978097,0.15,0.15,0,1
swsh12-94,Claydol,Silver Tempest,modern,Uncommon,110.0,2,1,70,0.11332868530700317,-0.07692307692307698,2.302532511978097,0.13,0.12,0,2
swsh12-95,Anorith,Silver Tempest,modern,Uncommon,90.0,1,1,30,0.16551443847757338,-0.10000000000000009,2.302532511978097,0.2,0.18,0,2
swsh12-96,Armaldo,Silver Tempest,modern,Rare,150.0,2,2,160,0.2468600779315258,0.0769230769230771,2.302532511978097,0.26,0.28,2,0
swsh12-97,Terrakion,Silver Tempest,modern,Rare Holo,130.0,3,1,120,0.2468600779315258,-0.0344827586206895,2.302532511978097,0.29,0.28,2,0
swsh12-98,Hawlucha,Silver Tempest,modern,Common,80.0,1,2,30,0.11332868530700317,0.19999999999999996,2.302532511978097,0.1,0.12,0,1
swsh12-99,Sandygast,Silver Tempest,modern,Common,80.0,3,1,10,0.15700374880966478,0.0625,2.302532511978097,0.16,0.17,0,2
swsh12-100,Palossand,Silver Tempest,modern,Uncommon,140.0,3,2,120,0.11332868530700317,0.0,2.302532511978097,0.12,0.12,2,0
swsh12-101,Stonjourner,Silver Tempest,modern,Uncommon,130.0,3,2,60,0.09531017980432487,0.0,2.302532511978097,0.1,0.1,0,1
swsh12-102,Ursaluna V,Silver Tempest,modern,Rare Holo V,230.0,4,1,220,0.33647223662121295,-0.11111111111111105,2.302532511978097,0.45,0.4,2,0
swsh12-103,Zubat,Silver Tempest,modern,Common,40.0,0,1,10,0.13102826240640408,0.0,2.302532511978097,0.14,0.14,0,2
swsh12-104,Golbat,Silver Tempest,modern,Uncommon,70.0,0,1,30,0.12221763272424921,0.0,2.302532511978097,0.13,0.13,0,2
swsh12-105,Crobat,Silver Tempest,modern,Rare Holo,130.0,0,2,50,0.3001045924503381,-0.07894736842105265,2.302532511978097,0.38,0.35,0,1
swsh12-106,Murkrow,Silver Tempest,modern,Common,60.0,1,2,10,0.2776317365982795,0.10344827586206917,2.302532511978097,0.29,0.32,0,1
swsh12-107,Honchkrow,Silver Tempest,modern,Uncommon,120.0,2,2,120,0.13102826240640408,-0.12499999999999989,2.302532511978097,0.16,0.14,0,1
swsh12-108,Skuntank V,Silver Tempest,modern,Rare Holo V,210.0,2,2,90,0.3435897043900769,-0.14583333333333337,2.302532511978097,0.48,0.41,2,0
swsh12-109,Croagunk,Silver Tempest,modern,Common,80.0,2,1,30,0.1397619423751587,0.0714285714285714,2.302532511978097,0.14,0.15,0,2
swsh12-110,Toxicroak,Silver Tempest,modern,Uncommon,120.0,2,2,120,0.1988508587451652,-0.0434782608695653,2.302532511978097,0.23,0.22,0,1
swsh12-111,Sandile,Silver Tempest,modern,Common,70.0,2,1,30,0.1484200051182733,0.0,2.302532511978097,0.16,0.16,0,2
swsh12-112,Krokorok,Silver Tempest,modern,Uncommon,100.0,3,1,60,0.11332868530700317,0.09090909090909083,2.302532511978097,0.11,0.12,0,2
swsh12-113,Krookodile,Silver Tempest,modern,Rare Holo,160.0,3,1,160,0.2851789422336624,-0.17500000000000004,2.302532511978097,0.4,0.33,2,0
swsh12-114,Mareanie,Silver Tempest,modern,Common,60.0,1,1,0,0.2851789422336624,-0.2325581395348837,2.302532511978097,0.43,0.33,0,2
swsh12-115,Toxapex,Silver Tempest,modern,Uncommon,120.0,2,2,90,0.1988508587451652,0.09999999999999987,2.302532511978097,0.2,0.22,0,1
swsh12-116,Morpeko,Silver Tempest,modern,Uncommon,60.0,1,1,0,0.16551443847757338,0.0588235294117645,2.302532511978097,0.17,0.18,0,2
swsh12-117,Beldum,Silver Tempest,modern,Common,60.0,1,2,20,0.19062035960864973,0.0,2.302532511978097,0.21,0.21,0,1
swsh12-118,Metang,Silver Tempest,modern,Uncommon,100.0,2,1,30,0.11332868530700317,0.0,2.302532511978097,0.12,0.12,0,2
swsh12-119,Metagross,Silver Tempest,modern,Rare Holo,170.0,3,1,100,0.3001045924503381,0.02941176470588225,2.302532511978097,0.34,0.35,2,0
swsh12-120,Radiant Jirachi,Silver Tempest,modern,Radiant Rare,90.0,1,1,0,0.41871033485818504,-0.07142857142857151,2.302532511978097,0.56,0.52,0,2
swsh12-121,Ferroseed,Silver Tempest,modern,Common,60.0,2,2,20,0.13102826240640408,0.0,2.302532511978097,0.14,0.14,0,1
swsh12-122,Ferrothorn,Silver Tempest,modern,Uncommon,130.0,2,2,130,0.12221763272424921,0.08333333333333348,2.302532511978097,0.12,0.13,2,1
swsh12-123,Klink,Silver Tempest,modern,Common,50.0,1,1,0,0.13102826240640408,-0.12499999999999989,2.302532511978097,0.16,0.14,0,2
swsh12-124,Klang,Silver Tempest,modern,Uncommon,90.0,3,1,80,0.13102826240640408,0.0769230769230771,2.302532511978097,0.13,0.14,0,2
swsh12-125,Klinklang,Silver Tempest,modern,Rare,160.0,3,1,130,0.22314355131420976,0.04166666666666674,2.302532511978097,0.24,0.25,2,0
swsh12-126,Cobalion,Silver Tempest,modern,Rare,120.0,2,1,30,0.2546422183735807,-0.06451612903225812,2.302532511978097,0.31,0.29,0,2
swsh12-127,Togedemaru,Silver Tempest,modern,Common,80.0,2,1,10,0.08617769624105233,0.0,2.302532511978097,0.09,0.09,0,2
swsh12-128,Magearna V,Silver Tempest,modern,Rare Holo V,210.0,1,2,100,0.4252677354043441,-0.171875,2.302532511978097,0.64,0.53,2,0
swsh12-129,Dratini,Silver Tempest,modern,Common,70.0,2,1,30,0.18232155679395465,0.0,2.302532511978097,0.2,0.2,0,2
swsh12-130,Dragonair,Silver Tempest,modern,Uncommon,100.0,2,2,80,0.17395330712343804,-0.09523809523809523,2.302532511978097,0.21,0.19,0,1
swsh12-131,Dragonite,Silver Tempest,modern,Rare Holo,160.0,2,2,180,0.3852624007906449,0.09302325581395343,2.302532511978097,0.43,0.47,2,0
swsh12-132,Noibat,Silver Tempest,modern,Common,60.0,1,2,30,0.10436001532424277,-0.08333333333333326,2.302532511978097,0.12,0.11,0,1
swsh12-133,Noivern,Silver Tempest,modern,Rare,110.0,0,2,70,0.2546422183735807,0.0,2.302532511978097,0.29,0.29,0,1
swsh12-134,Zygarde,Silver Tempest,modern,Rare,90.0,1,2,70,0.23111172096338664,-0.21212121212121215,2.302532511978097,0.33,0.26,0,1
swsh12-135,Regidrago V,Silver Tempest,modern,Rare Holo V,220.0,3,2,130,0.5247285289349821,-0.12658227848101278,2.302532511978097,0.79,0.69,2,0
swsh12-136,Regidrago VSTAR,Silver Tempest,modern,Rare Holo VSTAR,280.0,3,1,0,0.9321640810304452,-0.20207253886010357,2.302532511978097,1.93,1.54,2,0
swsh12-137,Smeargle,Silver Tempest,modern,Common,70.0,1,2,30,0.11332868530700317,0.0,2.302532511978097,0.12,0.12,0,1
swsh12-138,Lugia V,Silver Tempest,modern,Rare Holo V,220.0,2,2,130,1.9110228900548727,0.02127659574468077,2.302532511978097,5.64,5.76,2,0
swsh12-139,Lugia VSTAR,Silver Tempest,modern,Rare Holo VSTAR,280.0,2,1,220,1.3480731482996928,0.028880866425992746,2.302532511978097,2.77,2.85,2,0
swsh12-140,Ho-Oh V,Silver Tempest,modern,Rare Holo V,230.0,2,1,100,0.9162907318741551,0.11111111111111094,2.302532511978097,1.35,1.5,2,0
swsh12-141,Spinda,Silver Tempest,modern,Common,90.0,2,1,0,0.1484200051182733,-0.1578947368421053,2.302532511978097,0.19,0.16,0,2
swsh12-142,Swablu,Silver Tempest,modern,Common,50.0,1,1,20,0.11332868530700317,-0.07692307692307698,2.302532511978097,0.13,0.12,0,2
swsh12-143,Altaria,Silver Tempest,modern,Uncommon,110.0,1,2,90,0.2151113796169455,0.04347826086956519,2.302532511978097,0.23,0.24,0,1
swsh12-144,Buneary,Silver Tempest,modern,Common,60.0,1,1,30,0.12221763272424921,-0.1875,2.302532511978097,0.16,0.13,0,2
swsh12-145,Lopunny,Silver Tempest,modern,Uncommon,110.0,1,2,100,0.11332868530700317,0.0,2.302532511978097,0.12,0.12,0,1
swsh12-146,Archen,Silver Tempest,modern,Uncommon,80.0,1,2,80,0.16551443847757338,0.0588235294117645,2.302532511978097,0.17,0.18,0,1
swsh12-147,Archeops,Silver Tempest,modern,Rare Holo,150.0,1,1,120,0.29266961396282,-0.08108108108108103,2.302532511978097,0.37,0.34,0,0
swsh12-148,Rufflet,Silver Tempest,modern,Common,70.0,1,1,10,0.1484200051182733,0.0,2.302532511978097,0.16,0.16,0,2
swsh12-149,Hisuian Braviary,Silver Tempest,modern,Rare,120.0,1,2,80,0.22314355131420976,-0.1071428571428572,2.302532511978097,0.28,0.25,0,1
swsh12-150,Fletchling,Silver Tempest,modern,Common,40.0,0,1,10,0.12221763272424921,0.08333333333333348,2.302532511978097,0.12,0.13,0,2
swsh12-170,Serperior V,Silver Tempest,modern,Rare Ultra,210.0,1,2,120,1.0402767116551463,0.022346368715083775,2.302532511978097,1.79,1.83,2,0
swsh12-171,Chesnaught V,Silver Tempest,modern,Rare Ultra,230.0,4,1,130,0.8109302162163288,0.05932203389830515,2.302532511978097,1.18,1.25,2,0
swsh12-172,Reshiram V,Silver Tempest,modern,Rare Ultra,220.0,2,2,200,1.6448050562713916,0.03722084367245637,2.302532511978097,4.03,4.18,2,0
swsh12-173,Alolan Vulpix V,Silver Tempest,modern,Rare Ultra,190.0,1,2,110,1.8357763546448294,0.20045558086560367,2.302532511978097,4.39,5.27,2,0
swsh12-174,Omastar V,Silver Tempest,modern,Rare Ultra,190.0,1,2,110,1.000631880307906,0.061728395061728225,2.302532511978097,1.62,1.72,2,0
swsh12-175,Regieleki V,Silver Tempest,modern,Rare Ultra,200.0,1,2,100,1.0043016091968684,-0.017045454545454586,2.302532511978097,1.76,1.73,2,0
swsh12-176,Unown V,Silver Tempest,modern,Rare Ultra,180.0,1,2,30,1.1817271953786161,0.051162790697674376,2.302532511978097,2.15,2.26,0,0
swsh12-177,Unown V,Silver Tempest,modern,Rare Ultra,180.0,1,2,30,3.0587070727153796,-0.05007019185774453,2.302532511978097,21.37,20.3,0,0
swsh12-178,Mawile V,Silver Tempest,modern,Rare Ultra,200.0,1,2,100,0.8671004876833833,-0.014285714285714346,2.302532511978097,1.4,1.38,2,0
swsh12-179,Hisuian Arcanine V,Silver Tempest,modern,Rare Ultra,230.0,3,1,90,1.2267122912954254,0.17560975609756113,2.302532511978097,2.05,2.41,2,0
swsh12-180,Skuntank V,Silver Tempest,modern,Rare Ultra,210.0,2,2,90,0.8153648132841945,0.032786885245901676,2.302532511978097,1.22,1.26,2,0
swsh12-181,Skuntank V,Silver Tempest,modern,Rare Ultra,210.0,2,2,90,2.201659174404085,0.03875968992248047,2.302532511978097,7.74,8.04,2,0
swsh12-182,Magearna V,Silver Tempest,modern,Rare Ultra,210.0,1,2,100,0.8754687373538999,0.06060606060606055,2.302532511978097,1.32,1.4,2,0
swsh12-183,Regidrago V,Silver Tempest,modern,Rare Ultra,220.0,3,2,130,1.3137236682850553,0.01115241635687747,2.302532511978097,2.69,2.72,2,0
swsh12-184,Regidrago V,Silver Tempest,modern,Rare Ultra,220.0,3,2,130,2.9183111265854063,0.0391691394658753,2.302532511978097,16.85,17.51,2,0
swsh12-185,Lugia V,Silver Tempest,modern,Rare Ultra,220.0,2,2,130,2.066862759472976,-0.18149466192170816,2.302532511978097,8.43,6.9,2,0
swsh12-186,Lugia V,Silver Tempest,modern,Rare Ultra,220.0,2,2,130,5.726684867873505,0.03340539079916227,2.302532511978097,296.06,305.95,2,0
swsh12-187,Ho-Oh V,Silver Tempest,modern,Rare Ultra,230.0,2,1,100,1.969905654611529,0.15111940298507465,2.302532511978097,5.36,6.17,2,0
swsh12-196,Serperior VSTAR,Silver Tempest,modern,Rare Rainbow,270.0,0,2,190,2.0744289998562917,0.17766497461928932,2.302532511978097,5.91,6.96,2,0
swsh12-197,Alolan Vulpix VSTAR,Silver Tempest,modern,Rare Rainbow,240.0,1,2,160,2.6369121732688705,0.07724252491694372,2.302532511978097,12.04,12.97,2,0
swsh12-198,Regieleki VMAX,Silver Tempest,modern,Rare Rainbow,310.0,0,1,220,2.0554049638515948,-0.018731988472622585,2.302532511978097,6.94,6.81,2,0
swsh12-199,Unown VSTAR,Silver Tempest,modern,Rare Rainbow,250.0,1,2,70,2.224623551524334,0.014760147601475815,2.302532511978097,8.13,8.25,2,0
swsh12-200,Mawile VSTAR,Silver Tempest,modern,Rare Rainbow,260.0,1,1,90,1.9387416595767009,0.054964539007092306,2.302532511978097,5.64,5.95,2,0
swsh12-201,Regidrago VSTAR,Silver Tempest,modern,Rare Rainbow,280.0,3,1,0,2.5305171610400525,-0.045417010734929764,2.302532511978097,12.11,11.56,2,0
swsh12-202,Lugia VSTAR,Silver Tempest,modern,Rare Rainbow,280.0,2,1,220,3.422958873443668,0.0016886187098952288,2.302532511978097,29.61,29.66,2,0
swsh12-210,Serperior VSTAR,Silver Tempest,modern,Rare Secret,270.0,0,2,190,1.7173950539391927,0.18087855297157618,2.302532511978097,3.87,4.57,2,0
swsh12-211,Lugia VSTAR,Silver Tempest,modern,Rare Secret,280.0,2,1,220,2.783157673589016,0.09609826589595372,2.302532511978097,13.84,15.17,2,0
swsh12pt5-1,Oddish,Crown Zenith,modern,Common,50.0,1,1,10,0.22314355131420976,0.08695652173913038,2.11088295687885,0.23,0.25,0,2
swsh12pt5-2,Gloom,Crown Zenith,modern,Uncommon,70.0,1,1,20,0.1988508587451652,0.04761904761904767,2.11088295687885,0.21,0.22,0,2
swsh12pt5-3,Bellossom,Crown Zenith,modern,Rare,120.0,1,1,80,0.23111172096338664,0.040000000000000036,2.11088295687885,0.25,0.26,0,2
swsh12pt5-4,Tangela,Crown Zenith,modern,Common,80.0,2,2,60,0.2468600779315258,0.16666666666666674,2.11088295687885,0.24,0.28,0,1
swsh12pt5-5,Tangrowth,Crown Zenith,modern,Rare,150.0,4,2,130,0.20701416938432615,0.045454545454545414,2.11088295687885,0.22,0.23,2,0
swsh12pt5-6,Scyther,Crown Zenith,modern,Common,80.0,1,1,10,0.22314355131420976,0.04166666666666674,2.11088295687885,0.24,0.25,0,2
swsh12pt5-7,Sunkern,Crown Zenith,modern,Common,40.0,1,1,20,0.19062035960864973,0.10526315789473673,2.11088295687885,0.19,0.21,0,2
swsh12pt5-8,Yanma,Crown Zenith,modern,Common,70.0,1,2,70,0.22314355131420976,0.19047619047619047,2.11088295687885,0.21,0.25,0,1
swsh12pt5-9,Yanmega,Crown Zenith,modern,Rare,130.0,0,2,160,0.19062035960864973,-0.08695652173913049,2.11088295687885,0.23,0.21,0,1
swsh12pt5-10,Kricketot,Crown Zenith,modern,Common,60.0,1,1,10,0.2151113796169455,0.09090909090909083,2.11088295687885,0.22,0.24,0,2
swsh12pt5-11,Cherubi,Crown Zenith,modern,Common,50.0,1,1,10,0.16551443847757338,-0.10000000000000009,2.11088295687885,0.2,0.18,0,2
swsh12pt5-12,Carnivine,Crown Zenith,modern,Uncommon,90.0,1,2,40,0.1988508587451652,0.0,2.11088295687885,0.22,0.22,0,1
swsh12pt5-13,Leafeon V,Crown Zenith,modern,Rare Holo V,210.0,2,2,180,0.6931471805599453,0.05263157894736836,2.11088295687885,0.95,1.0,2,0
swsh12pt5-14,Leafeon VSTAR,Crown Zenith,modern,Rare Holo VSTAR,260.0,2,1,180,1.0224509277025458,0.07228915662650603,2.11088295687885,1.66,1.78,2,0
swsh12pt5-15,Grubbin,Crown Zenith,modern,Common,70.0,2,2,50,0.20701416938432615,0.09523809523809534,2.11088295687885,0.21,0.23,0,1
swsh12pt5-16,Zarude,Crown Zenith,modern,Rare Holo,120.0,1,2,70,0.2776317365982795,0.0,2.11088295687885,0.32,0.32,0,1
swsh12pt5-17,Calyrex,Crown Zenith,modern,Rare Holo,110.0,2,2,90,0.3646431135879093,0.25714285714285734,2.11088295687885,0.35,0.44,0,1
swsh12pt5-18,Charizard V,Crown Zenith,modern,Rare Holo V,220.0,2,2,180,1.3110318766193438,0.1681034482758621,2.11088295687885,2.32,2.71,2,0
swsh12pt5-19,Charizard VSTAR,Crown Zenith,modern,Rare Holo VSTAR,280.0,2,2,320,1.9387416595767009,0.16666666666666674,2.11088295687885,5.1,5.95,2,0
swsh12pt5-20,Radiant Charizard,Crown Zenith,modern,Radiant Rare,160.0,3,1,250,1.763017000362401,0.11805555555555558,2.11088295687885,4.32,4.83,2,0
swsh12pt5-21,Entei,Crown Zenith,modern,Rare Holo,120.0,2,1,90,0.27002713721306015,0.0,2.11088295687885,0.31,0.31,0,0
swsh12pt5-22,Simisear V,Crown Zenith,modern,Rare Holo V,210.0,1,2,90,0.4762341789963716,0.2978723404255319,2.11088295687885,0.47,0.61,2,0
swsh12pt5-23,Simisear VSTAR,Crown Zenith,modern,Rare Holo VSTAR,260.0,2,2,40,0.6418538861723948,-0.17431192660550465,2.11088295687885,1.09,0.9,2,0
swsh12pt5-24,Larvesta,Crown Zenith,modern,Common,80.0,3,1,20,0.1988508587451652,0.1578947368421053,2.11088295687885,0.19,0.22,0,2
swsh12pt5-25,Volcarona,Crown Zenith,modern,Rare,130.0,2,2,120,0.23111172096338664,0.08333333333333348,2.11088295687885,0.24,0.26,2,1
swsh12pt5-26,Volcanion,Crown Zenith,modern,Rare Holo,130.0,3,2,80,0.23111172096338664,0.0,2.11088295687885,0.26,0.26,2,1
swsh12pt5-27,Salandit,Crown Zenith,modern,Common,70.0,1,2,10,0.262364264467491,0.25,2.11088295687885,0.24,0.3,0,1
swsh12pt5-28,Salazzle,Crown Zenith,modern,Uncommon,120.0,1,2,60,0.2151113796169455,0.1428571428571428,2.11088295687885,0.21,0.24,0,1
swsh12pt5-29,Seel,Crown Zenith,modern,Common,70.0,1,2,20,0.20701416938432615,0.09523809523809534,2.11088295687885,0.21,0.23,0,1
swsh12pt5-30,Galarian Mr. Mime,Crown Zenith,modern,Common,80.0,1,2,10,0.18232155679395465,0.05263157894736836,2.11088295687885,0.19,0.2,0,1
swsh12pt5-31,Wailmer,Crown Zenith,modern,Common,120.0,3,2,70,0.2468600779315258,-0.1515151515151515,2.11088295687885,0.33,0.28,0,1
swsh12pt5-32,Wailord,Crown Zenith,modern,Rare,220.0,4,2,180,0.1988508587451652,0.09999999999999987,2.11088295687885,0.2,0.22,2,0
swsh12pt5-33,Corphish,Crown Zenith,modern,Common,70.0,2,2,50,0.18232155679395465,-0.09090909090909083,2.11088295687885,0.22,0.2,0,1
swsh12pt5-34,Snorunt,Crown Zenith,modern,Common,60.0,1,1,30,0.19062035960864973,0.16666666666666674,2.11088295687885,0.18,0.21,0,2
swsh12pt5-35,Luvdisc,Crown Zenith,modern,Common,70.0,1,2,20,0.20701416938432615,0.1499999999999999,2.11088295687885,0.2,0.23,0,1
swsh12pt5-36,Kyogre,Crown Zenith,modern,Rare Holo,140.0,3,2,0,0.4574248470388754,0.09433962264150941,2.11088295687885,0.53,0.58,0,1
swsh12pt5-37,Kyogre V,Crown Zenith,modern,Rare Holo V,230.0,3,2,210,0.43178241642553783,-0.05263157894736825,2.11088295687885,0.57,0.54,2,0
swsh12pt5-38,Glaceon V,Crown Zenith,modern,Rare Holo V,210.0,2,2,130,0.7178397931503169,0.25,2.11088295687885,0.84,1.05,2,0
swsh12pt5-39,Shinx,Crown Zenith,modern,Common,60.0,1,1,20,0.20701416938432615,0.09523809523809534,2.11088295687885,0.21,0.23,0,2
swsh12pt5-40,Shinx,Crown Zenith,modern,Common,60.0,1,1,30,0.23111172096338664,0.040000000000000036,2.11088295687885,0.25,0.26,0,2
swsh12pt5-41,Luxio,Crown Zenith,modern,Uncommon,80.0,1,2,50,0.23111172096338664,0.0,2.11088295687885,0.26,0.26,0,1
swsh12pt5-42,Luxio,Crown Zenith,modern,Uncommon,90.0,1,2,40,0.18232155679395465,-0.04761904761904756,2.11088295687885,0.21,0.2,0,1
swsh12pt5-43,Luxray,Crown Zenith,modern,Rare,150.0,1,2,100,0.2151113796169455,0.09090909090909083,2.11088295687885,0.22,0.24,0,1
swsh12pt5-44,Luxray,Crown Zenith,modern,Rare,160.0,0,1,50,0.23111172096338664,0.08333333333333348,2.11088295687885,0.24,0.26,0,2
swsh12pt5-45,Rotom V,Crown Zenith,modern,Rare Holo V,190.0,1,1,40,0.712949807856125,-0.09565217391304337,2.11088295687885,1.15,1.04,0,0
swsh12pt5-46,Rotom VSTAR,Crown Zenith,modern,Rare Holo VSTAR,250.0,1,1,80,0.6418538861723948,0.30434782608695676,2.11088295687885,0.69,0.9,2,0
swsh12pt5-47,Emolga,Crown Zenith,modern,Common,70.0,0,1,30,0.19062035960864973,-0.125,2.11088295687885,0.24,0.21,0,2
swsh12pt5-48,Eelektrik,Crown Zenith,modern,Uncommon,80.0,2,1,30,0.18232155679395465,-0.04761904761904756,2.11088295687885,0.21,0.2,0,2
swsh12pt5-49,Helioptile,Crown Zenith,modern,Common,70.0,1,2,20,0.23901690047049992,0.3500000000000001,2.11088295687885,0.2,0.27,0,1
swsh12pt5-50,Heliolisk,Crown Zenith,modern,Rare,120.0,1,2,150,0.18232155679395465,0.17647058823529416,2.11088295687885,0.17,0.2,0,1
swsh12pt5-51,Radiant Charjabug,Crown Zenith,modern,Radiant Rare,90.0,2,1,0,0.27002713721306015,0.1923076923076923,2.11088295687885,0.26,0.31,0,2
swsh12pt5-52,Zeraora,Crown Zenith,modern,Rare,120.0,1,1,70,0.23901690047049992,-0.06896551724137923,2.11088295687885,0.29,0.27,0,2
swsh12pt5-53,Zeraora V,Crown Zenith,modern,Rare Holo V,210.0,1,2,190,0.48858001481867097,0.16666666666666652,2.11088295687885,0.54,0.63,2,0
swsh12pt5-54,Zeraora VMAX,Crown Zenith,modern,Rare Holo VMAX,320.0,2,2,240,1.0715836162801904,-0.025380710659898553,2.11088295687885,1.97,1.92,2,0
swsh12pt5-55,Zeraora VSTAR,Crown Zenith,modern,Rare Holo VSTAR,270.0,0,2,190,0.8796267475025635,0.1279999999999999,2.11088295687885,1.25,1.41,2,0
swsh12pt5-56,Pincurchin,Crown Zenith,modern,Uncommon,80.0,1,2,30,0.29266961396282,0.2142857142857142,2.11088295687885,0.28,0.34,0,1
swsh12pt5-57,Exeggcute,Crown Zenith,modern,Common,60.0,1,1,20,0.2468600779315258,0.16666666666666674,2.11088295687885,0.24,0.28,0,2
swsh12pt5-58,Exeggutor,Crown Zenith,modern,Rare,130.0,2,2,100,0.19062035960864973,-0.045454545454545525,2.11088295687885,0.22,0.21,0,1
swsh12pt5-59,Mewtwo,Crown Zenith,modern,Rare Holo,130.0,2,2,90,0.3852624007906449,0.17499999999999982,2.11088295687885,0.4,0.47,0,1
swsh12pt5-60,Mew V,Crown Zenith,modern,Rare Holo V,180.0,0,2,70,0.8712933659434193,-0.0071428571428571175,2.11088295687885,1.4,1.39,0,0
swsh12pt5-61,Girafarig,Crown Zenith,modern,Uncommon,90.0,1,2,30,0.1988508587451652,0.1578947368421053,2.11088295687885,0.19,0.22,0,1
swsh12pt5-62,Lunatone,Crown Zenith,modern,Uncommon,90.0,1,2,30,0.20701416938432615,0.21052631578947367,2.11088295687885,0.19,0.23,0,1
swsh12pt5-63,Dusclops,Crown Zenith,modern,Uncommon,90.0,2,1,30,0.3074846997479606,-0.027027027027027084,2.11088295687885,0.37,0.36,0,2
swsh12pt5-64,Tapu Lele,Crown Zenith,modern,Rare Holo,110.0,1,2,100,0.2546422183735807,0.15999999999999992,2.11088295687885,0.25,0.29,0,1
swsh12pt5-65,Hatterene V,Crown Zenith,modern,Rare Holo V,200.0,2,2,80,0.48858001481867097,0.0862068965517242,2.11088295687885,0.58,0.63,2,0
swsh12pt5-66,Hatterene VMAX,Crown Zenith,modern,Rare Holo VMAX,320.0,2,1,150,0.7419373447293773,-0.12698412698412687,2.11088295687885,1.26,1.1,2,0
swsh12pt5-67,Enamorus,Crown Zenith,modern,Rare,120.0,2,2,70,0.20701416938432615,0.045454545454545414,2.11088295687885,0.22,0.23,0,1
swsh12pt5-68,Graveler,Crown Zenith,modern,Uncommon,110.0,4,2,70,0.20701416938432615,-0.04166666666666663,2.11088295687885,0.24,0.23,2,1
swsh12pt5-69,Solrock,Crown Zenith,modern,Uncommon,90.0,1,1,50,0.18232155679395465,0.0,2.11088295687885,0.2,0.2,0,2
swsh12pt5-70,Baltoy,Crown Zenith,modern,Common,60.0,1,1,20,0.23111172096338664,0.18181818181818188,2.11088295687885,0.22,0.26,0,2
swsh12pt5-71,Riolu,Crown Zenith,modern,Common,60.0,1,1,50,0.2468600779315258,0.27272727272727293,2.11088295687885,0.22,0.28,0,2
swsh12pt5-72,Pancham,Crown Zenith,modern,Common,70.0,2,1,30,0.19062035960864973,0.10526315789473673,2.11088295687885,0.19,0.21,0,2
swsh12pt5-73,Rockruff,Crown Zenith,modern,Common,60.0,1,2,20,0.23901690047049992,0.3500000000000001,2.11088295687885,0.2,0.27,0,1
swsh12pt5-74,Lycanroc,Crown Zenith,modern,Rare,120.0,1,1,240,0.22314355131420976,0.13636363636363646,2.11088295687885,0.22,0.25,2,0
swsh12pt5-75,Koffing,Crown Zenith,modern,Common,70.0,1,1,20,0.2151113796169455,0.1428571428571428,2.11088295687885,0.21,0.24,0,2
swsh12pt5-76,Absol,Crown Zenith,modern,Rare Holo,100.0,1,2,70,0.3074846997479606,0.125,2.11088295687885,0.32,0.36,0,1
swsh12pt5-77,Purrloin,Crown Zenith,modern,Common,60.0,1,1,10,0.20701416938432615,0.09523809523809534,2.11088295687885,0.21,0.23,0,2
swsh12pt5-78,Liepard,Crown Zenith,modern,Rare,100.0,1,2,110,0.1988508587451652,-0.0434782608695653,2.11088295687885,0.23,0.22,0,1
swsh12pt5-79,Krokorok,Crown Zenith,modern,Uncommon,90.0,2,2,20,0.1988508587451652,0.09999999999999987,2.11088295687885,0.2,0.22,0,1
swsh12pt5-80,Pangoro,Crown Zenith,modern,Rare,140.0,3,2,160,0.1988508587451652,0.1578947368421053,2.11088295687885,0.19,0.22,2,1
swsh12pt5-81,Skrelp,Crown Zenith,modern,Common,60.0,1,2,20,0.23111172096338664,0.040000000000000036,2.11088295687885,0.25,0.26,0,1
swsh12pt5-82,Dragalge,Crown Zenith,modern,Rare,120.0,1,2,60,0.3293037471426004,-0.025000000000000022,2.11088295687885,0.4,0.39,0,1
swsh12pt5-83,Hoopa,Crown Zenith,modern,Rare Holo,120.0,2,1,90,0.23901690047049992,0.03846153846153855,2.11088295687885,0.26,0.27,0,0
swsh12pt5-84,Galarian Meowth,Crown Zenith,modern,Common,70.0,1,1,10,0.18232155679395465,0.0,2.11088295687885,0.2,0.2,0,2
swsh12pt5-85,Galarian Perrserker,Crown Zenith,modern,Rare,120.0,2,2,90,0.19062035960864973,0.04999999999999982,2.11088295687885,0.2,0.21,0,1
swsh12pt5-86,Scizor,Crown Zenith,modern,Rare,130.0,2,2,80,0.27002713721306015,0.0,2.11088295687885,0.31,0.31,0,1
swsh12pt5-87,Aron,Crown Zenith,modern,Common,70.0,2,2,30,0.22314355131420976,0.08695652173913038,2.11088295687885,0.23,0.25,0,1
swsh12pt5-88,Lairon,Crown Zenith,modern,Uncommon,90.0,3,2,80,0.19062035960864973,-0.08695652173913049,2.11088295687885,0.23,0.21,0,0
swsh12pt5-89,Aggron,Crown Zenith,modern,Rare Holo,180.0,4,2,180,0.2851789422336624,0.06451612903225823,2.11088295687885,0.31,0.33,2,0
swsh12pt5-90,Metang,Crown Zenith,modern,Uncommon,100.0,2,1,30,0.18232155679395465,0.0,2.11088295687885,0.2,0.2,0,2
swsh12pt5-91,Pawniard,Crown Zenith,modern,Common,60.0,1,1,30,0.20701416938432615,0.045454545454545414,2.11088295687885,0.22,0.23,0,2
swsh12pt5-92,Pawniard,Crown Zenith,modern,Common,70.0,1,1,20,0.23111172096338664,0.08333333333333348,2.11088295687885,0.24,0.26,0,2
swsh12pt5-93,Bisharp,Crown Zenith,modern,Uncommon,110.0,1,2,70,0.20701416938432615,-0.11538461538461542,2.11088295687885,0.26,0.23,0,1
swsh12pt5-94,Zacian,Crown Zenith,modern,Rare Holo,130.0,2,2,100,0.23111172096338664,-0.07142857142857151,2.11088295687885,0.28,0.26,0,1
swsh12pt5-95,Zacian V,Crown Zenith,modern,Rare Holo V,220.0,2,2,100,0.4700036292457356,0.13207547169811318,2.11088295687885,0.53,0.6,2,0
swsh12pt5-96,Zacian VSTAR,Crown Zenith,modern,Rare Holo VSTAR,270.0,2,2,310,0.7884573603642702,0.22448979591836737,2.11088295687885,0.98,1.2,2,0
swsh12pt5-97,Zamazenta,Crown Zenith,modern,Rare Holo,130.0,2,1,100,0.3435897043900769,-0.023809523809523836,2.11088295687885,0.42,0.41,0,0
swsh12pt5-98,Zamazenta V,Crown Zenith,modern,Rare Holo V,220.0,2,1,120,0.3506568716131694,-0.2500000000000001,2.11088295687885,0.56,0.42,2,0
swsh12pt5-99,Zamazenta VSTAR,Crown Zenith,modern,Rare Holo VSTAR,270.0,2,1,220,0.6678293725756554,-0.1517857142857144,2.11088295687885,1.12,0.95,2,0
swsh12pt5-100,Rayquaza V,Crown Zenith,modern,Rare Holo V,210.0,2,2,40,0.412109650826833,-0.17741935483870963,2.11088295687885,0.62,0.51,0,0
swsh12pt5-101,Rayquaza VMAX,Crown Zenith,modern,Rare Holo VMAX,320.0,2,1,20,1.5496879080283263,0.2662116040955631,2.11088295687885,2.93,3.71,2,0
swsh12pt5-102,Rayquaza VMAX,Crown Zenith,modern,Rare Holo VMAX,320.0,2,1,20,1.3190856114264407,-0.02142857142857124,2.11088295687885,2.8,2.74,2,0
swsh12pt5-103,Duraludon V,Crown Zenith,modern,Rare Holo V,220.0,2,2,140,0.49469624183610705,0.3913043478260869,2.11088295687885,0.46,0.64,2,0
swsh12pt5-104,Duraludon VMAX,Crown Zenith,modern,Rare Holo VMAX,330.0,3,1,220,0.8064758658669484,-0.03875968992248069,2.11088295687885,1.29,1.24,2,0
swsh12pt5-105,Radiant Eternatus,Crown Zenith,modern,Radiant Rare,170.0,2,1,200,0.3852624007906449,-0.02083333333333337,2.11088295687885,0.48,0.47,2,0
swsh12pt5-106,Tauros,Crown Zenith,modern,Rare,110.0,2,2,30,0.18232155679395465,0.05263157894736836,2.11088295687885,0.19,0.2,0,1
swsh12pt5-107,Ditto,Crown Zenith,modern,Rare Holo,70.0,1,0,0,0.4510756193602166,0.05555555555555536,2.11088295687885,0.54,0.57,0,2
swsh12pt5-108,Eevee V,Crown Zenith,modern,Rare Holo V,200.0,1,2,80,1.3635373739972745,0.05434782608695676,2.11088295687885,2.76,2.91,2,0
swsh12pt5-109,Snorlax,Crown Zenith,modern,Rare,160.0,3,1,80,0.3987761199573678,0.2564102564102564,2.11088295687885,0.39,0.49,2,0
swsh12pt5-110,Starly,Crown Zenith,modern,Common,60.0,1,1,30,0.20701416938432615,-0.04166666666666663,2.11088295687885,0.24,0.23,0,2
swsh12pt5-111,Bidoof,Crown Zenith,modern,Common,60.0,1,1,30,0.22314355131420976,0.0,2.11088295687885,0.25,0.25,0,2
swsh12pt5-112,Chatot,Crown Zenith,modern,Common,70.0,0,2,10,0.2151113796169455,0.19999999999999996,2.11088295687885,0.2,0.24,0,1
swsh12pt5-113,Regigigas V,Crown Zenith,modern,Rare Holo V,240.0,4,2,100,0.4252677354043441,0.03921568627450989,2.11088295687885,0.51,0.53,2,0
swsh12pt5-114,Regigigas VSTAR,Crown Zenith,modern,Rare Holo VSTAR,300.0,4,1,230,0.8020015854720274,-0.016000000000000014,2.11088295687885,1.25,1.23,2,0
swsh12pt5-115,Shaymin,Crown Zenith,modern,Uncommon,70.0,1,2,30,0.19062035960864973,0.04999999999999982,2.11088295687885,0.2,0.21,0,1
swsh12pt5-116,Stoutland V,Crown Zenith,modern,Rare Holo V,210.0,3,2,200,0.4382549309311553,0.05769230769230771,2.11088295687885,0.52,0.55,2,0
swsh12pt5-117,Yungoos,Crown Zenith,modern,Common,70.0,1,1,20,0.1988508587451652,0.09999999999999987,2.11088295687885,0.2,0.22,0,2
swsh12pt5-118,Gumshoos,Crown Zenith,modern,Rare,120.0,1,2,60,0.1988508587451652,0.09999999999999987,2.11088295687885,0.2,0.22,0,1
swsh12pt5-119,Oranguru,Crown Zenith,modern,Rare,110.0,2,2,70,0.18232155679395465,0.05263157894736836,2.11088295687885,0.19,0.2,0,1
swsh12pt5-120,Greedent V,Crown Zenith,modern,Rare Holo V,210.0,2,2,120,0.3987761199573678,0.02083333333333326,2.11088295687885,0.48,0.49,2,0
swsh12pt5-121,Wooloo,Crown Zenith,modern,Common,70.0,1,1,30,0.1988508587451652,0.0,2.11088295687885,0.22,0.22,0,2
swsh12pt5-122,Dubwool,Crown Zenith,modern,Rare,120.0,1,2,60,0.1988508587451652,0.22222222222222232,2.11088295687885,0.18,0.22,0,1
swsh12pt5-160,Pikachu,Crown Zenith,modern,Rare Secret,70.0,1,1,90,2.9652730660692823,0.02564102564102555,2.11088295687885,17.94,18.4,0,2
swsh12pt5gg-GG01,Hisuian Voltorb,Crown Zenith Galarian Gallery,modern,Trainer Gallery Rare Holo,50.0,1,2,10,0.7178397931503169,-0.07079646017699104,2.11088295687885,1.13,1.05,0,1
swsh12pt5gg-GG02,Kricketune,Crown Zenith Galarian Gallery,modern,Trainer Gallery Rare Holo,90.0,1,1,50,1.1755733298042381,0.16666666666666674,2.11088295687885,1.92,2.24,0,2
swsh12pt5gg-GG03,Magmortar,Crown Zenith Galarian Gallery,modern,Trainer Gallery Rare Holo,140.0,3,2,120,1.9947003132247452,0.04958677685950419,2.11088295687885,6.05,6.35,2,0
swsh12pt5gg-GG04,Oricorio,Crown Zenith Galarian Gallery,modern,Trainer Gallery Rare Holo,90.0,1,1,0,2.341805806147327,1.0,2.11088295687885,1.45,9.4,0,1
swsh12pt5gg-GG05,Lapras,Crown Zenith Galarian Gallery,modern,Trainer Gallery Rare Holo,130.0,2,1,110,2.286455711064162,-0.09426229508196726,2.11088295687885,9.76,8.84,2,0
swsh12pt5gg-GG06,Manaphy,Crown Zenith Galarian Gallery,modern,Trainer Gallery Rare Holo,70.0,1,1,20,1.556037135706985,0.03601108033241007,2.11088295687885,3.61,3.74,0,2
swsh12pt5gg-GG07,Keldeo,Crown Zenith Galarian Gallery,modern,Trainer Gallery Rare Holo,110.0,1,2,20,2.1150499691472033,-0.028000000000000025,2.11088295687885,7.5,7.29,0,1
swsh12pt5gg-GG08,Electivire,Crown Zenith Galarian Gallery,modern,Trainer Gallery Rare Holo,140.0,3,2,30,1.6937790608678513,0.22651933701657456,2.11088295687885,3.62,4.44,2,1
swsh12pt5gg-GG09,Toxtricity,Crown Zenith Galarian Gallery,modern,Trainer Gallery Rare Holo,120.0,2,1,90,0.9360933591703349,0.4220183486238531,2.11088295687885,1.09,1.55,0,1
swsh12pt5gg-GG10,Mew,Crown Zenith Galarian Gallery,modern,Trainer Gallery Rare Holo,60.0,1,1,30,3.1565747986708215,0.022272727272727222,2.11088295687885,22.0,22.49,0,2
swsh12pt5gg-GG11,Lunatone,Crown Zenith Galarian Gallery,modern,Trainer Gallery Rare Holo,90.0,1,2,30,1.3762440252663892,0.2925764192139737,2.11088295687885,2.29,2.96,0,1
swsh12pt5gg-GG12,Deoxys,Crown Zenith Galarian Gallery,modern,Trainer Gallery Rare Holo,120.0,1,1,80,1.8180767775454285,-0.017142857142857126,2.11088295687885,5.25,5.16,0,2
swsh12pt5gg-GG13,Diancie,Crown Zenith Galarian Gallery,modern,Trainer Gallery Rare Holo,90.0,1,1,20,1.2412685890696329,0.268041237113402,2.11088295687885,1.94,2.46,0,2
swsh12pt5gg-GG14,Comfey,Crown Zenith Galarian Gallery,modern,Trainer Gallery Rare Holo,70.0,1,1,30,0.8064758658669484,-0.023622047244094557,2.11088295687885,1.27,1.24,0,2
swsh12pt5gg-GG15,Solrock,Crown Zenith Galarian Gallery,modern,Trainer Gallery Rare Holo,90.0,1,1,50,1.269760544863939,0.24271844660194164,2.11088295687885,2.06,2.56,0,2
swsh12pt5gg-GG16,Absol,Crown Zenith Galarian Gallery,modern,Trainer Gallery Rare Holo,100.0,1,2,50,1.6054298910365616,0.44727272727272727,2.11088295687885,2.75,3.98,0,1
swsh12pt5gg-GG17,Thievul,Crown Zenith Galarian Gallery,modern,Trainer Gallery Rare Holo,100.0,1,1,110,0.8197798314933114,-0.059259259259259345,2.11088295687885,1.35,1.27,0,2
swsh12pt5gg-GG18,Magnezone,Crown Zenith Galarian Gallery,modern,Trainer Gallery Rare Holo,150.0,2,1,120,1.2029723039923526,0.14778325123152714,2.11088295687885,2.03,2.33,2,0
swsh12pt5gg-GG19,Altaria,Crown Zenith Galarian Gallery,modern,Trainer Gallery Rare Holo,90.0,0,1,60,1.4678743481123135,0.10231023102310233,2.11088295687885,3.03,3.34,0,2
swsh12pt5gg-GG20,Latias,Crown Zenith Galarian Gallery,modern,Trainer Gallery Rare Holo,120.0,1,1,70,2.3997118037247684,0.07741935483870965,2.11088295687885,9.3,10.02,0,2
swsh12pt5gg-GG21,Hisuian Goodra,Crown Zenith Galarian Gallery,modern,Trainer Gallery Rare Holo,160.0,3,1,140,0.9162907318741551,0.1811023622047243,2.11088295687885,1.27,1.5,2,0
swsh12pt5gg-GG22,Ditto,Crown Zenith Galarian Gallery,modern,Trainer Gallery Rare Holo,70.0,1,0,0,1.597365331199831,0.0478723404255319,2.11088295687885,3.76,3.94,0,2
swsh12pt5gg-GG23,Dunsparce,Crown Zenith Galarian Gallery,modern,Trainer Gallery Rare Holo,60.0,1,1,30,0.8372475245337022,-0.06428571428571417,2.11088295687885,1.4,1.31,0,2
swsh12pt5gg-GG24,Miltank,Crown Zenith Galarian Gallery,modern,Trainer Gallery Rare Holo,110.0,2,1,10,1.551808799597464,0.10385756676557856,2.11088295687885,3.37,3.72,0,2
swsh12pt5gg-GG25,Bibarel,Crown Zenith Galarian Gallery,modern,Trainer Gallery Rare Holo,120.0,2,1,100,1.0612565021243408,0.10526315789473673,2.11088295687885,1.71,1.89,0,0
swsh12pt5gg-GG26,Riolu,Crown Zenith Galarian Gallery,modern,Trainer Gallery Rare Holo,60.0,1,1,50,1.3987168811184478,-0.06441717791411039,2.11088295687885,3.26,3.05,0,2
swsh12pt5gg-GG27,Swablu,Crown Zenith Galarian Gallery,modern,Trainer Gallery Rare Holo,50.0,1,1,30,1.2325602611778486,0.18536585365853675,2.11088295687885,2.05,2.43,0,2
swsh12pt5gg-GG28,Duskull,Crown Zenith Galarian Gallery,modern,Trainer Gallery Rare Holo,60.0,1,1,10,1.208960345836975,-0.08914728682170536,2.11088295687885,2.58,2.35,0,2
swsh12pt5gg-GG29,Bidoof,Crown Zenith Galarian Gallery,modern,Trainer Gallery Rare Holo,60.0,1,1,30,1.2725655957915476,0.10300429184549342,2.11088295687885,2.33,2.57,0,2
swsh12pt5gg-GG30,Pikachu,Crown Zenith Galarian Gallery,modern,Trainer Gallery Rare Holo,60.0,1,1,50,2.6253929674212007,0.08375634517766506,2.11088295687885,11.82,12.81,0,2
swsh12pt5gg-GG31,Turtwig,Crown Zenith Galarian Gallery,modern,Trainer Gallery Rare Holo,80.0,2,2,20,1.4562867329399256,0.08580858085808596,2.11088295687885,3.03,3.29,0,1
swsh12pt5gg-GG32,Paras,Crown Zenith Galarian Gallery,modern,Trainer Gallery Rare Holo,70.0,1,1,20,1.2149127443642704,0.10232558139534897,2.11088295687885,2.15,2.37,0,2
swsh12pt5gg-GG33,Poochyena,Crown Zenith Galarian Gallery,modern,Trainer Gallery Rare Holo,60.0,1,2,30,1.220829921392359,0.0717488789237668,2.11088295687885,2.23,2.39,0,1
swsh12pt5gg-GG34,Mareep,Crown Zenith Galarian Gallery,modern,Trainer Gallery Rare Holo,60.0,1,2,30,1.3110318766193438,0.02651515151515138,2.11088295687885,2.64,2.71,0,1
swsh12pt5gg-GG35,Leafeon VSTAR,Crown Zenith Galarian Gallery,modern,Rare Holo VSTAR,260.0,2,1,180,3.840527003723076,0.02844885978776235,2.11088295687885,44.29,45.55,2,0
swsh12pt5gg-GG36,Entei V,Crown Zenith Galarian Gallery,modern,Rare Holo V,230.0,3,1,20,3.4654233539614268,-0.008002560819462268,2.11088295687885,31.24,30.99,2,0
swsh12pt5gg-GG37,Simisear VSTAR,Crown Zenith Galarian Gallery,modern,Rare Holo VSTAR,260.0,2,2,40,2.6720775406433925,0.17641921397379923,2.11088295687885,11.45,13.47,2,0
swsh12pt5gg-GG38,Suicune V,Crown Zenith Galarian Gallery,modern,Rare Holo V,210.0,2,1,20,3.6694417602214613,0.07478211976384586,2.11088295687885,35.57,38.23,2,0
swsh12pt5gg-GG39,Lumineon V,Crown Zenith Galarian Gallery,modern,Rare Holo V,170.0,1,1,120,2.711377991194885,0.10455974842767302,2.11088295687885,12.72,14.05,2,0
swsh12pt5gg-GG40,Glaceon VSTAR,Crown Zenith Galarian Gallery,modern,Rare Holo VSTAR,260.0,2,2,220,3.7371933143924867,-0.01867816091954022,2.11088295687885,41.76,40.98,2,0
swsh12pt5gg-GG41,Raikou V,Crown Zenith Galarian Gallery,modern,Rare Holo V,200.0,1,1,20,3.4600950229096408,-0.012812299807815508,2.11088295687885,31.22,30.82,0,0
swsh12pt5gg-GG42,Zeraora VMAX,Crown Zenith Galarian Gallery,modern,Rare Holo VMAX,320.0,2,2,240,2.481567748522486,0.05081495685522541,2.11088295687885,10.43,10.96,2,0
swsh12pt5gg-GG43,Zeraora VSTAR,Crown Zenith Galarian Gallery,modern,Rare Holo VSTAR,270.0,0,2,190,2.7763317085186157,0.07264957264957284,2.11088295687885,14.04,15.06,2,0
swsh12pt5gg-GG44,Mewtwo VSTAR,Crown Zenith Galarian Gallery,modern,Rare Holo VSTAR,280.0,2,2,90,4.827593477977818,-0.006335204490777957,2.11088295687885,124.7,123.91,2,0
swsh12pt5gg-GG45,Deoxys VMAX,Crown Zenith Galarian Gallery,modern,Rare Holo VMAX,330.0,3,1,160,3.7407600759909254,-0.007720144752714098,2.11088295687885,41.45,41.13,2,0
swsh12pt5gg-GG46,Deoxys VSTAR,Crown Zenith Galarian Gallery,modern,Rare Holo VSTAR,270.0,2,2,190,3.1675825304806504,0.0726072607260726,2.11088295687885,21.21,22.75,2,0
swsh12pt5gg-GG47,Hatterene VMAX,Crown Zenith Galarian Gallery,modern,Rare Holo VMAX,320.0,2,1,150,1.8082887711792655,0.011904761904761862,2.11088295687885,5.04,5.1,2,0
swsh12pt5gg-GG48,Zacian V,Crown Zenith Galarian Gallery,modern,Rare Holo V,220.0,2,1,60,2.8673305587494666,0.026608910891089188,2.11088295687885,16.16,16.59,2,0
swsh12pt5gg-GG49,Drapion V,Crown Zenith Galarian Gallery,modern,Rare Holo V,210.0,2,1,190,1.673351238177753,0.12467532467532472,2.11088295687885,3.85,4.33,2,0
swsh12pt5gg-GG50,Darkrai VSTAR,Crown Zenith Galarian Gallery,modern,Rare Holo VSTAR,270.0,2,1,30,3.6420498667571386,0.07676709154113559,2.11088295687885,34.52,37.17,2,0
swsh12pt5gg-GG51,Hisuian Samurott V,Crown Zenith Galarian Gallery,modern,Rare Holo V,220.0,2,2,180,2.39698576841553,0.020429009193054348,2.11088295687885,9.79,9.99,2,0
swsh12pt5gg-GG52,Hisuian Samurott VSTAR,Crown Zenith Galarian Gallery,modern,Rare Holo VSTAR,270.0,2,1,110,2.0943301541735866,0.04552129221732759,2.11088295687885,6.81,7.12,2,0
swsh12pt5gg-GG53,Hoopa V,Crown Zenith Galarian Gallery,modern,Rare Holo V,220.0,2,1,170,2.0347056478384444,0.13287904599659295,2.11088295687885,5.87,6.65,2,0
swsh12pt5gg-GG54,Zamazenta V,Crown Zenith Galarian Gallery,modern,Rare Holo V,220.0,2,1,120,2.7343675094195836,0.16693679092382507,2.11088295687885,12.34,14.4,2,0
swsh12pt5gg-GG55,Regigigas VSTAR,Crown Zenith Galarian Gallery,modern,Rare Holo VSTAR,300.0,4,1,230,2.5160822672564502,0.04981549815498165,2.11088295687885,10.84,11.38,2,0
swsh12pt5gg-GG56,Hisuian Zoroark VSTAR,Crown Zenith Galarian Gallery,modern,Rare Holo VSTAR,270.0,2,1,50,3.311637304949512,0.07570207570207566,2.11088295687885,24.57,26.43,2,0
swsh12pt5gg-GG67,Origin Forme Palkia VSTAR,Crown Zenith Galarian Gallery,modern,Rare Secret,280.0,2,1,60,4.435448911169876,-0.02296426479203273,2.11088295687885,85.35,83.39,2,0
swsh12pt5gg-GG68,Origin Forme Dialga VSTAR,Crown Zenith Galarian Gallery,modern,Rare Secret,280.0,3,2,220,4.472210058731861,0.05819782369482818,2.11088295687885,81.79,86.55,2,0
swsh12pt5gg-GG69,Giratina VSTAR,Crown Zenith Galarian Gallery,modern,Rare Secret,280.0,2,2,280,5.358141668193703,-0.001087162034410949,2.11088295687885,211.56,211.33,2,0
swsh12pt5gg-GG70,Arceus VSTAR,Crown Zenith Galarian Gallery,modern,Rare Secret,280.0,2,1,200,4.8946256849890135,-0.018363569048500672,2.11088295687885,135.05,132.57,2,0
swsh12tg-TG01,Braixen,Silver Tempest Trainer Gallery,modern,Trainer Gallery Rare Holo,90.0,1,2,60,1.3812818192963463,-0.03559870550161803,2.302532511978097,3.09,2.98,0,1
swsh12tg-TG02,Milotic,Silver Tempest Trainer Gallery,modern,Trainer Gallery Rare Holo,130.0,2,2,60,1.944480556245719,0.1301886792452831,2.302532511978097,5.3,5.99,0,0
swsh12tg-TG03,Flaaffy,Silver Tempest Trainer Gallery,modern,Trainer Gallery Rare Holo,90.0,2,1,50,1.3987168811184478,0.020066889632106788,2.302532511978097,2.99,3.05,0,2
swsh12tg-TG04,Jynx,Silver Tempest Trainer Gallery,modern,Trainer Gallery Rare Holo,100.0,2,1,10,1.0152306797290584,-0.011235955056179803,2.302532511978097,1.78,1.76,0,2
swsh12tg-TG05,Gardevoir,Silver Tempest Trainer Gallery,modern,Trainer Gallery Rare Holo,150.0,2,1,120,1.7698546338400052,-0.17597292724196278,2.302532511978097,5.91,4.87,2,0
swsh12tg-TG06,Malamar,Silver Tempest Trainer Gallery,modern,Trainer Gallery Rare Holo,120.0,3,1,40,0.6205764877251099,0.03614457831325302,2.302532511978097,0.83,0.86,0,2
swsh12tg-TG07,Rockruff,Silver Tempest Trainer Gallery,modern,Trainer Gallery Rare Holo,70.0,1,1,30,1.095273387402595,-0.1385281385281385,2.302532511978097,2.31,1.99,0,2
swsh12tg-TG08,Passimian,Silver Tempest Trainer Gallery,modern,Trainer Gallery Rare Holo,110.0,1,1,0,0.76080582903376,0.1752577319587627,2.302532511978097,0.97,1.14,0,2
swsh12tg-TG09,Druddigon,Silver Tempest Trainer Gallery,modern,Trainer Gallery Rare Holo,120.0,2,2,120,1.308332819650179,0.18942731277533054,2.302532511978097,2.27,2.7,2,1
swsh12tg-TG10,Smeargle,Silver Tempest Trainer Gallery,modern,Trainer Gallery Rare Holo,70.0,1,2,30,1.1537315878891892,-0.10699588477366262,2.302532511978097,2.43,2.17,0,1
swsh12tg-TG11,Altaria,Silver Tempest Trainer Gallery,modern,Trainer Gallery Rare Holo,110.0,1,2,90,1.7544036826842861,0.06458797327394206,2.302532511978097,4.49,4.78,0,1
swsh12tg-TG12,Kricketune V,Silver Tempest Trainer Gallery,modern,Rare Holo V,180.0,1,1,80,1.5303947050936475,0.16774193548387095,2.302532511978097,3.1,3.62,0,0
swsh12tg-TG13,Serperior V,Silver Tempest Trainer Gallery,modern,Rare Holo V,210.0,1,2,120,2.961140828784372,0.06573589296102389,2.302532511978097,17.19,18.32,2,0
swsh12tg-TG14,Blaziken V,Silver Tempest Trainer Gallery,modern,Rare Holo V,210.0,2,2,210,3.3513066120486905,0.0816967792615868,2.302532511978097,25.46,27.54,2,0
swsh12tg-TG15,Blaziken VMAX,Silver Tempest Trainer Gallery,modern,Rare Holo VMAX,320.0,2,2,130,3.3178157727231046,0.026234567901234573,2.302532511978097,25.92,26.6,2,0
swsh12tg-TG16,Zeraora V,Silver Tempest Trainer Gallery,modern,Rare Holo V,210.0,2,1,100,2.135349173618132,0.09544787077826733,2.302532511978097,6.81,7.46,2,0
swsh12tg-TG17,Mawile V,Silver Tempest Trainer Gallery,modern,Rare Holo V,200.0,1,2,100,2.060513531794317,0.22540250447227184,2.302532511978097,5.59,6.85,2,0
swsh12tg-TG18,Corviknight V,Silver Tempest Trainer Gallery,modern,Rare Holo V,210.0,1,2,190,2.0681277817795625,0.12357723577235769,2.302532511978097,6.15,6.91,2,0
swsh12tg-TG19,Corviknight VMAX,Silver Tempest Trainer Gallery,modern,Rare Holo VMAX,320.0,0,1,240,1.944480556245719,0.08711433756805809,2.302532511978097,5.51,5.99,2,0
swsh12tg-TG20,Rayquaza VMAX,Silver Tempest Trainer Gallery,modern,Rare Holo VMAX,320.0,2,1,20,4.390986376045354,0.02218233106808576,2.302532511978097,77.99,79.72,2,0
swsh12tg-TG21,Duraludon VMAX,Silver Tempest Trainer Gallery,modern,Rare Holo VMAX,330.0,3,1,220,2.262804222982201,0.21438645980253868,2.302532511978097,7.09,8.61,2,0
swsh12tg-TG22,Blissey V,Silver Tempest Trainer Gallery,modern,Rare Holo V,250.0,4,1,10,2.5289235352047745,0.09487666034155606,2.302532511978097,10.54,11.54,2,0
swsh12tg-TG29,Rayquaza VMAX,Silver Tempest Trainer Gallery,modern,Rare Secret,320.0,2,1,20,2.3389170222414357,-0.0010660980810236476,2.302532511978097,9.38,9.37,2,0
swsh12tg-TG30,Duraludon VMAX,Silver Tempest Trainer Gallery,modern,Rare Secret,330.0,3,1,220,1.235471471385307,-0.004081632653061273,2.302532511978097,2.45,2.44,2,0
swsh2-1,Caterpie,Rebel Clash,modern,Common,50.0,1,1,10,0.27002713721306015,0.0,4.832306639288158,0.31,0.31,0,2
swsh2-2,Metapod,Rebel Clash,modern,Uncommon,80.0,3,1,20,0.37156355643248307,0.022727272727272707,4.832306639288158,0.44,0.45,0,2
swsh2-3,Butterfree,Rebel Clash,modern,Rare,140.0,1,2,80,0.6097655716208943,0.0,4.832306639288158,0.84,0.84,0,1
swsh2-4,Scyther,Rebel Clash,modern,Common,80.0,1,2,20,0.2468600779315258,-0.0344827586206895,4.832306639288158,0.29,0.28,0,1
swsh2-5,Shuckle,Rebel Clash,modern,Uncommon,80.0,1,2,50,0.3074846997479606,0.028571428571428692,4.832306639288158,0.35,0.36,0,1
swsh2-6,Heracross,Rebel Clash,modern,Uncommon,130.0,2,2,110,0.2151113796169455,-0.040000000000000036,4.832306639288158,0.25,0.24,0,1
swsh2-7,Lotad,Rebel Clash,modern,Common,60.0,1,2,20,0.1988508587451652,0.04761904761904767,4.832306639288158,0.21,0.22,0,1
swsh2-8,Lombre,Rebel Clash,modern,Uncommon,90.0,1,1,40,0.19062035960864973,0.04999999999999982,4.832306639288158,0.2,0.21,0,2
swsh2-9,Ludicolo,Rebel Clash,modern,Rare,160.0,2,2,120,0.3852624007906449,0.021739130434782483,4.832306639288158,0.46,0.47,2,0
swsh2-10,Surskit,Rebel Clash,modern,Common,50.0,1,1,10,0.18232155679395465,0.0,4.832306639288158,0.2,0.2,0,2
swsh2-11,Masquerain,Rebel Clash,modern,Uncommon,90.0,1,2,40,0.2546422183735807,0.03571428571428559,4.832306639288158,0.28,0.29,0,1
swsh2-12,Snover,Rebel Clash,modern,Common,90.0,3,2,50,0.19062035960864973,0.0,4.832306639288158,0.21,0.21,0,1
swsh2-13,Abomasnow,Rebel Clash,modern,Rare,140.0,3,2,140,0.3784364357202451,0.0,4.832306639288158,0.46,0.46,2,0
swsh2-14,Phantump,Rebel Clash,modern,Common,60.0,1,2,30,0.1988508587451652,0.0,4.832306639288158,0.22,0.22,0,1
swsh2-15,Trevenant,Rebel Clash,modern,Rare,130.0,3,2,120,0.3506568716131694,0.0,4.832306639288158,0.42,0.42,2,0
swsh2-16,Grubbin,Rebel Clash,modern,Common,60.0,1,1,10,0.23111172096338664,0.0,4.832306639288158,0.26,0.26,0,2
swsh2-17,Rillaboom V,Rebel Clash,modern,Rare Holo V,220.0,3,2,220,0.4574248470388754,0.01754385964912286,4.832306639288158,0.57,0.58,2,0
swsh2-18,Rillaboom VMAX,Rebel Clash,modern,Rare Holo VMAX,330.0,3,2,130,1.0296194171811581,-0.016393442622950838,4.832306639288158,1.83,1.8,2,0
swsh2-19,Eldegoss V,Rebel Clash,modern,Rare Holo V,180.0,1,1,50,0.44468582126144574,0.0181818181818183,4.832306639288158,0.55,0.56,0,2
swsh2-20,Applin,Rebel Clash,modern,Common,40.0,1,1,10,0.23901690047049992,0.03846153846153855,4.832306639288158,0.26,0.27,0,2
swsh2-21,Applin,Rebel Clash,modern,Common,40.0,1,1,0,0.2151113796169455,0.04347826086956519,4.832306639288158,0.23,0.24,0,2
swsh2-22,Flapple,Rebel Clash,modern,Rare Holo,80.0,1,1,60,0.412109650826833,-0.07272727272727275,4.832306639288158,0.55,0.51,0,2
swsh2-23,Appletun,Rebel Clash,modern,Rare Holo,90.0,3,1,70,0.3435897043900769,-0.04651162790697683,4.832306639288158,0.43,0.41,0,2
swsh2-24,Vulpix,Rebel Clash,modern,Common,60.0,1,2,20,0.2851789422336624,0.03125,4.832306639288158,0.32,0.33,0,1
swsh2-25,Ninetales,Rebel Clash,modern,Rare,120.0,1,2,90,0.7654678421395714,-0.03361344537815125,4.832306639288158,1.19,1.15,0,1
swsh2-26,Ninetales V,Rebel Clash,modern,Rare Holo V,200.0,2,2,180,1.3711807233098425,-0.1878453038674034,4.832306639288158,3.62,2.94,2,0
swsh2-27,Growlithe,Rebel Clash,modern,Common,80.0,2,2,60,0.2851789422336624,-0.02941176470588236,4.832306639288158,0.34,0.33,0,1
swsh2-28,Arcanine,Rebel Clash,modern,Rare,130.0,2,1,130,0.5481214085096876,0.05797101449275366,4.832306639288158,0.69,0.73,0,0
swsh2-29,Magmar,Rebel Clash,modern,Common,90.0,2,2,20,0.18232155679395465,0.0,4.832306639288158,0.2,0.2,0,1
swsh2-30,Magmortar,Rebel Clash,modern,Rare,140.0,3,2,80,0.4054651081081644,0.0,4.832306639288158,0.5,0.5,2,1
swsh2-31,Litwick,Rebel Clash,modern,Common,60.0,1,1,0,0.19062035960864973,0.0,4.832306639288158,0.21,0.21,0,2
swsh2-32,Lampent,Rebel Clash,modern,Uncommon,80.0,1,1,20,0.20701416938432615,0.0,4.832306639288158,0.23,0.23,0,2
swsh2-33,Chandelure,Rebel Clash,modern,Rare Holo,140.0,2,1,110,0.3784364357202451,0.0,4.832306639288158,0.46,0.46,0,0
swsh2-34,Heatmor,Rebel Clash,modern,Uncommon,120.0,2,2,120,0.15700374880966478,-0.05555555555555547,4.832306639288158,0.18,0.17,0,1
swsh2-35,Cinderace V,Rebel Clash,modern,Rare Holo V,210.0,2,1,140,0.4382549309311553,0.037735849056603765,4.832306639288158,0.53,0.55,2,0
swsh2-36,Cinderace VMAX,Rebel Clash,modern,Rare Holo VMAX,320.0,2,2,170,1.3812818192963463,0.2016129032258065,4.832306639288158,2.48,2.98,2,0
swsh2-37,Galarian Mr. Mime,Rebel Clash,modern,Common,80.0,1,2,20,0.1988508587451652,0.0,4.832306639288158,0.22,0.22,0,1
swsh2-38,Galarian Mr. Rime,Rebel Clash,modern,Rare,110.0,1,1,50,0.3920420877760237,0.0,4.832306639288158,0.48,0.48,0,2
swsh2-39,Magikarp,Rebel Clash,modern,Common,30.0,1,1,0,0.3852624007906449,0.021739130434782483,4.832306639288158,0.46,0.47,0,2
swsh2-40,Gyarados,Rebel Clash,modern,Rare Holo,180.0,4,2,200,0.6523251860396903,0.06976744186046524,4.832306639288158,0.86,0.92,2,0
swsh2-41,Wingull,Rebel Clash,modern,Common,70.0,1,2,20,0.2151113796169455,0.04347826086956519,4.832306639288158,0.23,0.24,0,1
swsh2-42,Pelipper,Rebel Clash,modern,Uncommon,120.0,2,2,110,0.20701416938432615,0.0,4.832306639288158,0.23,0.23,0,1
swsh2-43,Milotic V,Rebel Clash,modern,Rare Holo V,210.0,2,2,150,1.3402504226184837,0.08045977011494254,4.832306639288158,2.61,2.82,2,0
swsh2-44,Tympole,Rebel Clash,modern,Common,60.0,1,1,0,0.1988508587451652,0.0,4.832306639288158,0.22,0.22,0,2
swsh2-45,Palpitoad,Rebel Clash,modern,Uncommon,90.0,2,1,30,0.2151113796169455,0.0,4.832306639288158,0.24,0.24,0,2
swsh2-46,Seismitoad,Rebel Clash,modern,Rare,170.0,3,2,120,0.3852624007906449,-0.02083333333333337,4.832306639288158,0.48,0.47,2,0
swsh2-47,Galarian Darumaka,Rebel Clash,modern,Common,80.0,2,1,30,0.18232155679395465,0.0,4.832306639288158,0.2,0.2,0,2
swsh2-48,Galarian Darmanitan,Rebel Clash,modern,Rare,140.0,3,2,170,0.37156355643248307,-0.021739130434782594,4.832306639288158,0.46,0.45,2,0
swsh2-49,Inteleon V,Rebel Clash,modern,Rare Holo V,200.0,2,2,130,0.48858001481867097,0.050000000000000044,4.832306639288158,0.6,0.63,2,0
swsh2-50,Inteleon VMAX,Rebel Clash,modern,Rare Holo VMAX,320.0,2,2,160,0.9082585601768908,0.05714285714285716,4.832306639288158,1.4,1.48,2,0
swsh2-51,Cramorant,Rebel Clash,modern,Rare,110.0,1,2,50,0.3646431135879093,0.023255813953488413,4.832306639288158,0.43,0.44,0,1
swsh2-52,Arrokuda,Rebel Clash,modern,Common,60.0,1,1,20,0.1988508587451652,0.0,4.832306639288158,0.22,0.22,0,2
swsh2-53,Barraskewda,Rebel Clash,modern,Rare,120.0,1,2,130,0.3920420877760237,0.09090909090909083,4.832306639288158,0.44,0.48,0,1
swsh2-54,Eiscue,Rebel Clash,modern,Rare Holo,120.0,2,1,70,0.412109650826833,0.0,4.832306639288158,0.51,0.51,0,2
swsh2-55,Eiscue V,Rebel Clash,modern,Rare Holo V,210.0,2,1,120,0.5596157879354227,-0.03846153846153855,4.832306639288158,0.78,0.75,2,0
swsh2-56,Voltorb,Rebel Clash,modern,Common,50.0,1,1,20,0.16551443847757338,0.0588235294117645,4.832306639288158,0.17,0.18,0,2
swsh2-57,Electrode,Rebel Clash,modern,Uncommon,90.0,0,2,70,0.1988508587451652,0.0,4.832306639288158,0.22,0.22,0,1
swsh2-58,Electabuzz,Rebel Clash,modern,Common,90.0,2,2,70,0.19062035960864973,0.0,4.832306639288158,0.21,0.21,0,1
swsh2-59,Electivire,Rebel Clash,modern,Rare,140.0,3,2,90,0.4700036292457356,0.034482758620689724,4.832306639288158,0.58,0.6,2,1
swsh2-60,Shinx,Rebel Clash,modern,Common,60.0,1,1,10,0.17395330712343804,0.0,4.832306639288158,0.19,0.19,0,2
swsh2-61,Luxio,Rebel Clash,modern,Uncommon,90.0,1,1,30,0.2468600779315258,0.03703703703703698,4.832306639288158,0.27,0.28,0,2
swsh2-62,Luxray,Rebel Clash,modern,Rare Holo,160.0,1,2,120,0.3506568716131694,0.024390243902439046,4.832306639288158,0.41,0.42,0,1
swsh2-63,Helioptile,Rebel Clash,modern,Common,70.0,1,1,30,0.16551443847757338,0.0,4.832306639288158,0.18,0.18,0,2
swsh2-64,Heliolisk,Rebel Clash,modern,Uncommon,110.0,1,2,120,0.18232155679395465,0.05263157894736836,4.832306639288158,0.19,0.2,0,1
swsh2-65,Charjabug,Rebel Clash,modern,Uncommon,90.0,2,2,70,0.2151113796169455,0.04347826086956519,4.832306639288158,0.23,0.24,0,1
swsh2-66,Vikavolt,Rebel Clash,modern,Rare Holo,150.0,2,2,170,0.3987761199573678,0.0888888888888888,4.832306639288158,0.45,0.49,2,0
swsh2-67,Boltund V,Rebel Clash,modern,Rare Holo V,200.0,2,2,10,0.7030975114131134,0.00990099009900991,4.832306639288158,1.01,1.02,0,0
swsh2-68,Toxel,Rebel Clash,modern,Common,70.0,2,1,10,0.1988508587451652,0.09999999999999987,4.832306639288158,0.2,0.22,0,2
swsh2-69,Toxtricity,Rebel Clash,modern,Rare,130.0,2,2,90,0.4252677354043441,0.03921568627450989,4.832306639288158,0.51,0.53,0,1
swsh2-70,Toxtricity V,Rebel Clash,modern,Rare Holo V,210.0,2,2,90,0.6471032420585384,0.07058823529411762,4.832306639288158,0.85,0.91,2,0
swsh2-71,Toxtricity VMAX,Rebel Clash,modern,Rare Holo VMAX,320.0,2,1,160,1.4398351280479207,0.09152542372881367,4.832306639288158,2.95,3.22,2,0
swsh2-72,Pincurchin V,Rebel Clash,modern,Rare Holo V,170.0,2,1,120,0.5596157879354227,0.0714285714285714,4.832306639288158,0.7,0.75,2,0
swsh2-73,Morpeko,Rebel Clash,modern,Uncommon,80.0,1,2,50,0.3001045924503381,0.02941176470588225,4.832306639288158,0.34,0.35,0,1
swsh2-74,Clefairy,Rebel Clash,modern,Common,60.0,1,2,10,0.3293037471426004,0.026315789473684292,4.832306639288158,0.38,0.39,0,1
swsh2-75,Clefable,Rebel Clash,modern,Rare Holo,110.0,2,1,60,0.4252677354043441,-0.01851851851851849,4.832306639288158,0.54,0.53,0,2
swsh2-76,Natu,Rebel Clash,modern,Common,60.0,1,1,0,0.17395330712343804,0.0,4.832306639288158,0.19,0.19,0,2
swsh2-77,Xatu,Rebel Clash,modern,Uncommon,120.0,1,2,10,0.2468600779315258,0.0,4.832306639288158,0.28,0.28,0,1
swsh2-78,Galarian Corsola,Rebel Clash,modern,Common,80.0,2,1,0,0.20701416938432615,0.045454545454545414,4.832306639288158,0.22,0.23,0,2
swsh2-79,Galarian Cursola,Rebel Clash,modern,Rare Holo,100.0,2,1,60,0.44468582126144574,0.0181818181818183,4.832306639288158,0.55,0.56,0,2
swsh2-80,Sigilyph,Rebel Clash,modern,Rare,110.0,1,1,30,0.3506568716131694,-0.023255813953488413,4.832306639288158,0.43,0.42,0,2
swsh2-81,Sandygast,Rebel Clash,modern,Common,80.0,3,1,0,0.22314355131420976,0.04166666666666674,4.832306639288158,0.24,0.25,0,2
swsh2-82,Palossand,Rebel Clash,modern,Uncommon,140.0,4,2,90,0.17395330712343804,0.0,4.832306639288158,0.19,0.19,2,1
swsh2-83,Hatenna,Rebel Clash,modern,Common,60.0,1,2,20,0.2546422183735807,0.03571428571428559,4.832306639288158,0.28,0.29,0,1
swsh2-84,Hattrem,Rebel Clash,modern,Uncommon,80.0,1,2,30,0.2546422183735807,0.0,4.832306639288158,0.29,0.29,0,1
swsh2-85,Hatterene,Rebel Clash,modern,Rare Holo,150.0,2,1,0,0.4054651081081644,0.0,4.832306639288158,0.5,0.5,0,2
swsh2-86,Milcery,Rebel Clash,modern,Common,50.0,1,2,20,0.1988508587451652,-0.0434782608695653,4.832306639288158,0.23,0.22,0,1
swsh2-87,Alcremie,Rebel Clash,modern,Rare,110.0,1,2,50,0.49469624183610705,0.16363636363636358,4.832306639288158,0.55,0.64,0,1
swsh2-88,Indeedee,Rebel Clash,modern,Uncommon,100.0,1,2,30,0.2151113796169455,-0.040000000000000036,4.832306639288158,0.25,0.24,0,1
swsh2-89,Dreepy,Rebel Clash,modern,Common,60.0,1,1,10,0.2546422183735807,0.1153846153846152,4.832306639288158,0.26,0.29,0,2
swsh2-90,Drakloak,Rebel Clash,modern,Uncommon,90.0,1,2,40,0.2468600779315258,0.0,4.832306639288158,0.28,0.28,0,1
swsh2-91,Dragapult,Rebel Clash,modern,Rare Holo,150.0,0,1,120,0.49469624183610705,-0.015384615384615441,4.832306639288158,0.65,0.64,0,2
swsh2-92,Dragapult V,Rebel Clash,modern,Rare Holo V,210.0,1,2,60,0.9360933591703349,0.04026845637583887,4.832306639288158,1.49,1.55,0,0
swsh2-93,Dragapult VMAX,Rebel Clash,modern,Rare Holo VMAX,320.0,1,2,130,1.1631508098056809,0.08910891089108919,4.832306639288158,2.02,2.2,2,0
swsh2-94,Galarian Farfetch'd,Rebel Clash,modern,Common,80.0,1,2,30,0.23111172096338664,0.0,4.832306639288158,0.26,0.26,0,1
swsh2-95,Galarian Sirfetch'd,Rebel Clash,modern,Rare Holo,130.0,2,2,180,0.41871033485818504,0.019607843137254832,4.832306639288158,0.51,0.52,2,0
swsh2-96,Nosepass,Rebel Clash,modern,Common,80.0,3,2,50,0.19062035960864973,0.0,4.832306639288158,0.21,0.21,0,1
swsh2-97,Meditite,Rebel Clash,modern,Common,70.0,1,1,10,0.16551443847757338,0.0,4.832306639288158,0.18,0.18,0,2
swsh2-98,Medicham,Rebel Clash,modern,Uncommon,110.0,1,2,60,0.17395330712343804,0.0,4.832306639288158,0.19,0.19,0,1
swsh2-99,Barboach,Rebel Clash,modern,Common,70.0,2,1,10,0.2151113796169455,0.0,4.832306639288158,0.24,0.24,0,2
swsh2-100,Whiscash,Rebel Clash,modern,Rare,140.0,3,1,140,0.33647223662121295,0.0,4.832306639288158,0.4,0.4,2,0
swsh2-101,Galarian Yamask,Rebel Clash,modern,Common,70.0,2,1,50,0.19062035960864973,0.0,4.832306639288158,0.21,0.21,0,2
swsh2-102,Galarian Runerigus,Rebel Clash,modern,Rare,100.0,2,2,120,0.3987761199573678,0.042553191489361764,4.832306639288158,0.47,0.49,0,1
swsh2-103,Binacle,Rebel Clash,modern,Common,80.0,2,1,50,0.20701416938432615,0.0,4.832306639288158,0.23,0.23,0,2
swsh2-104,Barbaracle,Rebel Clash,modern,Rare,120.0,3,2,80,0.3293037471426004,0.0,4.832306639288158,0.39,0.39,2,1
swsh2-105,Rolycoly,Rebel Clash,modern,Common,70.0,2,1,10,0.18232155679395465,0.0,4.832306639288158,0.2,0.2,0,2
swsh2-106,Carkol,Rebel Clash,modern,Uncommon,100.0,3,2,60,0.2151113796169455,0.0,4.832306639288158,0.24,0.24,0,1
swsh2-107,Coalossal,Rebel Clash,modern,Rare Holo,160.0,4,1,130,0.6151856390902334,0.024096385542168752,4.832306639288158,0.83,0.85,2,0
swsh2-108,Sandaconda V,Rebel Clash,modern,Rare Holo V,220.0,3,2,220,0.49469624183610705,0.2549019607843137,4.832306639288158,0.51,0.64,2,0
swsh2-109,Falinks,Rebel Clash,modern,Uncommon,90.0,1,2,30,0.1988508587451652,0.0,4.832306639288158,0.22,0.22,0,1
swsh2-110,Falinks V,Rebel Clash,modern,Rare Holo V,160.0,2,1,210,0.5364933705145685,0.0,4.832306639288158,0.71,0.71,2,0
swsh2-111,Stonjourner,Rebel Clash,modern,Rare Holo,140.0,4,2,120,0.4510756193602166,-0.017241379310344862,4.832306639288158,0.58,0.57,2,0
swsh2-112,Koffing,Rebel Clash,modern,Common,70.0,1,1,10,0.23111172096338664,0.0,4.832306639288158,0.26,0.26,0,2
swsh2-113,Galarian Weezing,Rebel Clash,modern,Rare Holo,130.0,3,1,0,0.4574248470388754,0.07407407407407396,4.832306639288158,0.54,0.58,0,2
swsh2-114,Stunky,Rebel Clash,modern,Common,70.0,2,1,10,0.1988508587451652,0.04761904761904767,4.832306639288158,0.21,0.22,0,2
swsh2-115,Skuntank,Rebel Clash,modern,Uncommon,120.0,3,2,80,0.20701416938432615,0.0,4.832306639288158,0.23,0.23,2,1
swsh2-116,Spiritomb,Rebel Clash,modern,Rare,60.0,2,2,0,0.43178241642553783,0.0,4.832306639288158,0.54,0.54,0,1
swsh2-117,Trubbish,Rebel Clash,modern,Common,60.0,1,1,20,0.20701416938432615,0.045454545454545414,4.832306639288158,0.22,0.23,0,2
swsh2-118,Garbodor,Rebel Clash,modern,Rare,120.0,2,1,80,0.5007752879124893,-0.015151515151515138,4.832306639288158,0.66,0.65,0,2
swsh2-119,Vullaby,Rebel Clash,modern,Common,60.0,1,1,10,0.20701416938432615,0.0,4.832306639288158,0.23,0.23,0,2
swsh2-120,Mandibuzz,Rebel Clash,modern,Rare,120.0,2,2,30,0.35767444427181594,0.0,4.832306639288158,0.43,0.43,0,1
swsh2-121,Malamar V,Rebel Clash,modern,Rare Holo V,210.0,2,2,130,0.4252677354043441,-0.15873015873015872,4.832306639288158,0.63,0.53,2,0
swsh2-122,Malamar VMAX,Rebel Clash,modern,Rare Holo VMAX,310.0,2,1,180,0.9516578757114464,0.01273885350318471,4.832306639288158,1.57,1.59,2,0
swsh2-123,Impidimp,Rebel Clash,modern,Common,70.0,1,2,20,0.20701416938432615,0.0,4.832306639288158,0.23,0.23,0,1
swsh2-124,Morgrem,Rebel Clash,modern,Uncommon,90.0,2,2,60,0.18232155679395465,0.0,4.832306639288158,0.2,0.2,0,1
swsh2-125,Grimmsnarl,Rebel Clash,modern,Rare Holo,170.0,3,1,100,0.43178241642553783,0.03846153846153855,4.832306639288158,0.52,0.54,2,0
swsh2-126,Galarian Meowth,Rebel Clash,modern,Common,60.0,2,1,20,0.2546422183735807,-0.033333333333333326,4.832306639288158,0.3,0.29,0,2
swsh2-127,Galarian Perrserker,Rebel Clash,modern,Rare,120.0,2,2,80,0.3506568716131694,0.0,4.832306639288158,0.42,0.42,0,1
swsh2-128,Scizor,Rebel Clash,modern,Rare,130.0,1,2,90,0.5709795465857378,0.0,4.832306639288158,0.77,0.77,0,1
swsh2-129,Bronzor,Rebel Clash,modern,Common,60.0,1,2,20,0.1484200051182733,0.0,4.832306639288158,0.16,0.16,0,1
swsh2-130,Bronzong,Rebel Clash,modern,Uncommon,130.0,3,2,70,0.1484200051182733,0.06666666666666665,4.832306639288158,0.15,0.16,2,1
swsh2-131,Probopass,Rebel Clash,modern,Rare,140.0,4,2,120,0.29266961396282,0.0,4.832306639288158,0.34,0.34,2,0
swsh2-132,Durant,Rebel Clash,modern,Uncommon,100.0,1,2,80,0.17395330712343804,0.0,4.832306639288158,0.19,0.19,0,1
swsh2-133,Honedge,Rebel Clash,modern,Common,60.0,1,1,30,0.17395330712343804,0.05555555555555558,4.832306639288158,0.18,0.19,0,2
swsh2-134,Doublade,Rebel Clash,modern,Uncommon,90.0,2,2,80,0.22314355131420976,-0.07407407407407418,4.832306639288158,0.27,0.25,0,1
swsh2-135,Aegislash,Rebel Clash,modern,Rare,140.0,3,1,130,0.43178241642553783,0.0,4.832306639288158,0.54,0.54,2,0
swsh2-136,Copperajah V,Rebel Clash,modern,Rare Holo V,220.0,4,2,180,0.5653138090500605,0.027027027027026973,4.832306639288158,0.74,0.76,2,0
swsh2-137,Copperajah VMAX,Rebel Clash,modern,Rare Holo VMAX,340.0,4,2,240,1.0612565021243408,0.0,4.832306639288158,1.89,1.89,2,0
swsh2-138,Duraludon,Rebel Clash,modern,Rare Holo,130.0,2,2,110,0.4382549309311553,0.0185185185185186,4.832306639288158,0.54,0.55,2,1
swsh2-139,Zacian,Rebel Clash,modern,Rare,120.0,2,2,120,0.4824261492442927,0.05084745762711873,4.832306639288158,0.59,0.62,2,1
swsh2-140,Zamazenta,Rebel Clash,modern,Rare,120.0,2,2,120,0.5247285289349821,0.014705882352941124,4.832306639288158,0.68,0.69,2,1
swsh2-141,Snorlax,Rebel Clash,modern,Rare,150.0,4,2,120,0.6151856390902334,-0.02298850574712641,4.832306639288158,0.87,0.85,2,0
swsh2-142,Chatot,Rebel Clash,modern,Uncommon,70.0,1,1,30,0.18232155679395465,0.0,4.832306639288158,0.2,0.2,0,2
swsh2-143,Pidove,Rebel Clash,modern,Common,60.0,1,2,20,0.17395330712343804,-0.050000000000000044,4.832306639288158,0.2,0.19,0,1
swsh2-144,Tranquill,Rebel Clash,modern,Uncommon,80.0,1,2,60,0.20701416938432615,0.0,4.832306639288158,0.23,0.23,0,1
swsh2-145,Unfezant,Rebel Clash,modern,Rare,150.0,1,2,150,0.3506568716131694,0.0,4.832306639288158,0.42,0.42,2,0
swsh2-146,Bunnelby,Rebel Clash,modern,Common,70.0,1,2,50,0.22314355131420976,0.04166666666666674,4.832306639288158,0.24,0.25,0,1
swsh2-147,Diggersby,Rebel Clash,modern,Rare,130.0,3,2,110,0.33647223662121295,-0.024390243902438935,4.832306639288158,0.41,0.4,2,0
swsh2-148,Hawlucha,Rebel Clash,modern,Uncommon,90.0,1,2,30,0.18232155679395465,0.0,4.832306639288158,0.2,0.2,0,1
swsh2-149,Stufful,Rebel Clash,modern,Common,80.0,2,2,40,0.20701416938432615,-0.04166666666666663,4.832306639288158,0.24,0.23,0,1
swsh2-150,Bewear,Rebel Clash,modern,Uncommon,140.0,3,2,90,0.18232155679395465,0.05263157894736836,4.832306639288158,0.19,0.2,2,1
swsh2-151,Skwovet,Rebel Clash,modern,Common,70.0,1,2,20,0.19062035960864973,-0.045454545454545525,4.832306639288158,0.22,0.21,0,1
swsh2-152,Greedent,Rebel Clash,modern,Rare,120.0,1,1,80,0.412109650826833,0.0,4.832306639288158,0.51,0.51,0,2
swsh2-153,Dubwool V,Rebel Clash,modern,Rare Holo V,210.0,2,1,120,0.5128236264286639,0.08064516129032273,4.832306639288158,0.62,0.67,2,0
swsh2-175,Rillaboom V,Rebel Clash,modern,Rare Ultra,220.0,3,2,220,1.355835153635182,0.07063197026022294,4.832306639288158,2.69,2.88,2,0
swsh2-176,Eldegoss V,Rebel Clash,modern,Rare Ultra,180.0,1,1,50,1.0818051703517284,0.08333333333333326,4.832306639288158,1.8,1.95,0,0
swsh2-177,Ninetales V,Rebel Clash,modern,Rare Ultra,200.0,2,2,180,2.626840145676667,-0.00233281493001547,4.832306639288158,12.86,12.83,2,0
swsh2-178,Cinderace V,Rebel Clash,modern,Rare Ultra,210.0,2,1,140,1.5195132049061133,0.008474576271186418,4.832306639288158,3.54,3.57,2,0
swsh2-179,Milotic V,Rebel Clash,modern,Rare Ultra,210.0,2,2,150,2.1598687907924505,0.029530201342281792,4.832306639288158,7.45,7.67,2,0
swsh2-180,Inteleon V,Rebel Clash,modern,Rare Ultra,200.0,2,2,130,1.275362800412609,-0.026415094339622636,4.832306639288158,2.65,2.58,2,0
swsh2-181,Boltund V,Rebel Clash,modern,Rare Ultra,200.0,2,2,10,1.0438040521731147,-0.010752688172043001,4.832306639288158,1.86,1.84,0,0
swsh2-182,Toxtricity V,Rebel Clash,modern,Rare Ultra,210.0,2,2,90,1.3686394258811698,0.057761732851985714,4.832306639288158,2.77,2.93,2,0
swsh2-183,Dragapult V,Rebel Clash,modern,Rare Ultra,210.0,1,2,60,2.028148247292285,0.10924369747899143,4.832306639288158,5.95,6.6,2,0
swsh2-184,Sandaconda V,Rebel Clash,modern,Rare Ultra,220.0,3,2,220,0.959350221334602,0.08783783783783794,4.832306639288158,1.48,1.61,2,0
swsh2-185,Falinks V,Rebel Clash,modern,Rare Ultra,160.0,2,1,210,1.1755733298042381,0.04672897196261694,4.832306639288158,2.14,2.24,2,0
swsh2-186,Malamar V,Rebel Clash,modern,Rare Ultra,210.0,2,2,130,1.4422019930581866,0.03858520900321549,4.832306639288158,3.11,3.23,2,0
swsh2-187,Copperajah V,Rebel Clash,modern,Rare Ultra,220.0,4,2,180,0.959350221334602,0.08783783783783794,4.832306639288158,1.48,1.61,2,0
swsh2-188,Dubwool V,Rebel Clash,modern,Rare Ultra,210.0,2,1,120,1.007957920399979,0.005780346820809301,4.832306639288158,1.73,1.74,2,0
swsh2-193,Rillaboom VMAX,Rebel Clash,modern,Rare Rainbow,330.0,3,2,130,2.423031246069913,-0.013435700575815779,4.832306639288158,10.42,10.28,2,0
swsh2-194,Cinderace VMAX,Rebel Clash,modern,Rare Rainbow,320.0,2,2,170,2.7298116928837226,0.05600589535740608,4.832306639288158,13.57,14.33,2,0
swsh2-195,Inteleon VMAX,Rebel Clash,modern,Rare Rainbow,320.0,2,2,160,2.3758355547336385,0.008264462809917328,4.832306639288158,9.68,9.76,2,0
swsh2-196,Toxtricity VMAX,Rebel Clash,modern,Rare Rainbow,320.0,2,1,160,2.451005098112319,0.05367793240556651,4.832306639288158,10.06,10.6,2,0
swsh2-197,Dragapult VMAX,Rebel Clash,modern,Rare Rainbow,320.0,1,2,130,2.7893229212309465,0.02004008016032066,4.832306639288158,14.97,15.27,2,0
swsh2-198,Malamar VMAX,Rebel Clash,modern,Rare Rainbow,310.0,2,1,180,1.9906103279732201,0.017713365539452575,4.832306639288158,6.21,6.32,2,0
swsh2-199,Copperajah VMAX,Rebel Clash,modern,Rare Rainbow,340.0,4,2,240,2.1077860146889784,0.03433476394849788,4.832306639288158,6.99,7.23,2,0
swsh2-204,Frosmoth,Rebel Clash,modern,Rare Secret,90.0,2,1,30,2.2353763433005955,0.056962025316455556,4.832306639288158,7.9,8.35,0,2
swsh2-205,Galarian Perrserker,Rebel Clash,modern,Rare Secret,120.0,2,1,70,2.0831845279586703,-0.0028368794326240065,4.832306639288158,7.05,7.03,0,2
swsh3-1,Butterfree V,Darkness Ablaze,modern,Rare Holo V,190.0,1,2,130,0.6043159668533294,0.024691358024691246,4.544832306639288,0.81,0.83,2,1
swsh3-2,Butterfree VMAX,Darkness Ablaze,modern,Rare Holo VMAX,300.0,0,1,150,1.3110318766193438,0.06274509803921569,4.544832306639288,2.55,2.71,2,0
swsh3-3,Paras,Darkness Ablaze,modern,Common,60.0,1,1,20,0.1397619423751587,0.0,4.544832306639288,0.15,0.15,0,2
swsh3-4,Parasect,Darkness Ablaze,modern,Uncommon,120.0,2,2,110,0.1484200051182733,0.0,4.544832306639288,0.16,0.16,0,1
swsh3-5,Carnivine,Darkness Ablaze,modern,Uncommon,90.0,1,2,40,0.11332868530700317,0.09090909090909083,4.544832306639288,0.11,0.12,0,1
swsh3-6,Pansage,Darkness Ablaze,modern,Common,60.0,1,2,20,0.1397619423751587,0.15384615384615374,4.544832306639288,0.13,0.15,0,1
swsh3-7,Simisage,Darkness Ablaze,modern,Uncommon,100.0,1,2,110,0.12221763272424921,-0.07142857142857151,4.544832306639288,0.14,0.13,0,1
swsh3-8,Karrablast,Darkness Ablaze,modern,Common,60.0,1,1,20,0.10436001532424277,0.0,4.544832306639288,0.11,0.11,0,2
swsh3-9,Shelmet,Darkness Ablaze,modern,Common,70.0,3,1,10,0.13102826240640408,-0.06666666666666654,4.544832306639288,0.15,0.14,0,2
swsh3-10,Accelgor,Darkness Ablaze,modern,Rare,90.0,0,1,70,0.262364264467491,0.0,4.544832306639288,0.3,0.3,0,2
swsh3-11,Rowlet,Darkness Ablaze,modern,Common,50.0,1,1,0,0.13102826240640408,-0.06666666666666654,4.544832306639288,0.15,0.14,0,2
swsh3-12,Dartrix,Darkness Ablaze,modern,Uncommon,80.0,1,1,40,0.12221763272424921,-0.07142857142857151,4.544832306639288,0.14,0.13,0,2
swsh3-13,Decidueye,Darkness Ablaze,modern,Rare Holo,140.0,2,1,90,0.2546422183735807,-0.033333333333333326,4.544832306639288,0.3,0.29,0,0
swsh3-14,Bounsweet,Darkness Ablaze,modern,Common,60.0,1,2,20,0.2468600779315258,0.0,4.544832306639288,0.28,0.28,0,1
swsh3-15,Steenee,Darkness Ablaze,modern,Uncommon,80.0,1,2,40,0.15700374880966478,0.0,4.544832306639288,0.17,0.17,0,1
swsh3-16,Tsareena,Darkness Ablaze,modern,Rare,150.0,2,2,100,0.3001045924503381,-0.02777777777777779,4.544832306639288,0.36,0.35,2,1
swsh3-17,Wimpod,Darkness Ablaze,modern,Common,70.0,3,1,10,0.1484200051182733,0.0,4.544832306639288,0.16,0.16,0,2
swsh3-18,Golisopod,Darkness Ablaze,modern,Rare Holo,130.0,2,2,70,0.27002713721306015,-0.03125,4.544832306639288,0.32,0.31,0,1
swsh3-19,Charizard V,Darkness Ablaze,modern,Rare Holo V,220.0,3,2,220,1.6620303625532709,-0.02733485193621865,4.544832306639288,4.39,4.27,2,0
swsh3-20,Charizard VMAX,Darkness Ablaze,modern,Rare Holo VMAX,330.0,3,2,300,3.696351468952637,0.02157525344424216,4.544832306639288,38.47,39.3,2,0
swsh3-21,Houndoom V,Darkness Ablaze,modern,Rare Holo V,210.0,1,2,100,0.7178397931503169,0.09375,4.544832306639288,0.96,1.05,2,0
swsh3-22,Torchic,Darkness Ablaze,modern,Common,60.0,1,2,10,0.2468600779315258,-0.09677419354838701,4.544832306639288,0.31,0.28,0,1
swsh3-23,Combusken,Darkness Ablaze,modern,Uncommon,90.0,1,2,40,0.27002713721306015,0.06896551724137945,4.544832306639288,0.29,0.31,0,1
swsh3-24,Blaziken,Darkness Ablaze,modern,Rare Holo,170.0,2,1,130,0.4637340162321401,-0.01666666666666672,4.544832306639288,0.6,0.59,2,0
swsh3-25,Heatran,Darkness Ablaze,modern,Rare Holo,130.0,4,2,80,0.262364264467491,0.0,4.544832306639288,0.3,0.3,2,1
swsh3-26,Pansear,Darkness Ablaze,modern,Common,60.0,1,2,20,0.1397619423751587,0.0,4.544832306639288,0.15,0.15,0,1
swsh3-27,Simisear,Darkness Ablaze,modern,Uncommon,100.0,1,2,110,0.1484200051182733,0.06666666666666665,4.544832306639288,0.15,0.16,0,1
swsh3-28,Galarian Darmanitan,Darkness Ablaze,modern,Rare,140.0,3,2,110,0.3220834991691133,-0.02564102564102566,4.544832306639288,0.39,0.38,2,0
swsh3-29,Larvesta,Darkness Ablaze,modern,Common,70.0,2,1,0,0.19062035960864973,0.0,4.544832306639288,0.21,0.21,0,2
swsh3-30,Volcarona,Darkness Ablaze,modern,Rare,120.0,1,2,110,0.31481073984003355,0.05714285714285716,4.544832306639288,0.35,0.37,0,1
swsh3-31,Fletchinder,Darkness Ablaze,modern,Uncommon,70.0,1,1,20,0.15700374880966478,0.0,4.544832306639288,0.17,0.17,0,2
swsh3-32,Talonflame,Darkness Ablaze,modern,Rare,140.0,1,1,120,0.2468600779315258,0.0,4.544832306639288,0.28,0.28,0,0
swsh3-33,Centiskorch V,Darkness Ablaze,modern,Rare Holo V,210.0,3,2,180,0.4382549309311553,0.14583333333333348,4.544832306639288,0.48,0.55,2,0
swsh3-34,Centiskorch VMAX,Darkness Ablaze,modern,Rare Holo VMAX,320.0,3,1,40,1.0116009116784799,0.1217948717948718,4.544832306639288,1.56,1.75,2,0
swsh3-35,Galarian Mr. Mime,Darkness Ablaze,modern,Common,80.0,1,2,30,0.1484200051182733,0.0,4.544832306639288,0.16,0.16,0,1
swsh3-36,Galarian Mr. Rime,Darkness Ablaze,modern,Rare,120.0,2,1,20,0.43178241642553783,0.03846153846153855,4.544832306639288,0.52,0.54,0,2
swsh3-37,Suicune,Darkness Ablaze,modern,Rare Holo,120.0,1,2,130,0.6151856390902334,-0.10526315789473684,4.544832306639288,0.95,0.85,0,1
swsh3-38,Feebas,Darkness Ablaze,modern,Common,30.0,1,1,0,0.17395330712343804,-0.050000000000000044,4.544832306639288,0.2,0.19,0,2
swsh3-39,Milotic,Darkness Ablaze,modern,Rare Holo,120.0,2,1,80,0.3293037471426004,0.05405405405405417,4.544832306639288,0.37,0.39,0,2
swsh3-40,Relicanth,Darkness Ablaze,modern,Uncommon,90.0,1,2,40,0.1397619423751587,0.25,4.544832306639288,0.12,0.15,0,1
swsh3-41,Panpour,Darkness Ablaze,modern,Common,60.0,1,2,20,0.18232155679395465,0.0,4.544832306639288,0.2,0.2,0,1
swsh3-42,Simipour,Darkness Ablaze,modern,Uncommon,100.0,1,2,110,0.1397619423751587,-0.0625,4.544832306639288,0.16,0.15,0,1
swsh3-43,Galarian Darumaka,Darkness Ablaze,modern,Common,70.0,1,2,20,0.1397619423751587,0.0,4.544832306639288,0.15,0.15,0,1
swsh3-44,Galarian Darmanitan,Darkness Ablaze,modern,Rare,140.0,3,2,170,0.27002713721306015,0.0,4.544832306639288,0.31,0.31,2,0
swsh3-45,Vanillite,Darkness Ablaze,modern,Common,60.0,1,1,10,0.1397619423751587,0.0714285714285714,4.544832306639288,0.14,0.15,0,2
swsh3-46,Vanillish,Darkness Ablaze,modern,Uncommon,80.0,2,1,30,0.1397619423751587,-0.0625,4.544832306639288,0.16,0.15,0,2
swsh3-47,Vanilluxe,Darkness Ablaze,modern,Rare,150.0,2,1,90,0.29266961396282,-0.02857142857142847,4.544832306639288,0.35,0.34,0,0
swsh3-48,Cubchoo,Darkness Ablaze,modern,Common,70.0,2,2,30,0.16551443847757338,0.0,4.544832306639288,0.18,0.18,0,1
swsh3-49,Beartic,Darkness Ablaze,modern,Rare,140.0,3,2,150,0.2468600779315258,0.0,4.544832306639288,0.28,0.28,2,0
swsh3-50,Wishiwashi,Darkness Ablaze,modern,Common,30.0,1,2,20,0.19062035960864973,-0.045454545454545525,4.544832306639288,0.22,0.21,0,1
swsh3-51,Mareanie,Darkness Ablaze,modern,Common,70.0,2,2,20,0.17395330712343804,0.05555555555555558,4.544832306639288,0.18,0.19,0,1
swsh3-52,Toxapex,Darkness Ablaze,modern,Uncommon,130.0,3,2,80,0.1484200051182733,0.06666666666666665,4.544832306639288,0.15,0.16,2,1
swsh3-53,Dracovish,Darkness Ablaze,modern,Rare Holo,150.0,3,1,120,0.4510756193602166,-0.08064516129032262,4.544832306639288,0.62,0.57,2,0
swsh3-54,Arctovish,Darkness Ablaze,modern,Rare,150.0,2,2,130,0.3852624007906449,0.06818181818181812,4.544832306639288,0.44,0.47,2,0
swsh3-55,Mareep,Darkness Ablaze,modern,Common,60.0,1,1,20,0.20701416938432615,0.0,4.544832306639288,0.23,0.23,0,2
swsh3-56,Flaaffy,Darkness Ablaze,modern,Uncommon,90.0,1,1,40,0.1988508587451652,0.04761904761904767,4.544832306639288,0.21,0.22,0,2
swsh3-57,Ampharos,Darkness Ablaze,modern,Rare,150.0,2,2,130,0.3920420877760237,0.04347826086956519,4.544832306639288,0.46,0.48,2,0
swsh3-58,Electrike,Darkness Ablaze,modern,Common,60.0,1,1,50,0.18232155679395465,0.05263157894736836,4.544832306639288,0.19,0.2,0,2
swsh3-59,Manectric,Darkness Ablaze,modern,Rare,110.0,1,2,150,0.1988508587451652,-0.0434782608695653,4.544832306639288,0.23,0.22,0,1
swsh3-60,Vikavolt V,Darkness Ablaze,modern,Rare Holo V,210.0,3,2,190,0.5068176023684519,0.0,4.544832306639288,0.66,0.66,2,0
swsh3-61,Tapu Koko,Darkness Ablaze,modern,Rare Holo,110.0,0,2,110,0.29266961396282,0.0,4.544832306639288,0.34,0.34,0,1
swsh3-62,Toxel,Darkness Ablaze,modern,Common,70.0,2,2,20,0.1484200051182733,0.06666666666666665,4.544832306639288,0.15,0.16,0,1
swsh3-63,Toxtricity,Darkness Ablaze,modern,Rare Holo,120.0,2,2,160,0.2776317365982795,0.032258064516129004,4.544832306639288,0.31,0.32,2,0
swsh3-64,Pincurchin,Darkness Ablaze,modern,Rare Holo,80.0,2,2,50,0.23111172096338664,-0.03703703703703709,4.544832306639288,0.27,0.26,0,1
swsh3-65,Dracozolt,Darkness Ablaze,modern,Rare,160.0,4,2,200,0.3852624007906449,-0.02083333333333337,4.544832306639288,0.48,0.47,2,0
swsh3-66,Arctozolt,Darkness Ablaze,modern,Rare Holo,130.0,2,1,70,0.3920420877760237,0.06666666666666665,4.544832306639288,0.45,0.48,0,2
swsh3-67,Jigglypuff,Darkness Ablaze,modern,Common,70.0,1,2,20,0.2151113796169455,0.09090909090909083,4.544832306639288,0.22,0.24,0,1
swsh3-68,Wigglytuff,Darkness Ablaze,modern,Rare,120.0,2,2,90,0.3435897043900769,-0.023809523809523836,4.544832306639288,0.42,0.41,0,1
swsh3-69,Mew V,Darkness Ablaze,modern,Rare Holo V,180.0,0,1,30,1.1631508098056809,0.18279569892473124,4.544832306639288,1.86,2.2,0,0
swsh3-70,Snubbull,Darkness Ablaze,modern,Common,80.0,2,1,30,0.1397619423751587,0.0,4.544832306639288,0.15,0.15,0,2
swsh3-71,Granbull,Darkness Ablaze,modern,Rare,130.0,2,2,130,0.23901690047049992,0.0,4.544832306639288,0.27,0.27,2,1
swsh3-72,Lunatone,Darkness Ablaze,modern,Uncommon,90.0,1,2,20,0.1397619423751587,0.0,4.544832306639288,0.15,0.15,0,1
swsh3-73,Gothita,Darkness Ablaze,modern,Common,60.0,1,2,30,0.20701416938432615,0.0,4.544832306639288,0.23,0.23,0,1
swsh3-74,Gothorita,Darkness Ablaze,modern,Uncommon,80.0,2,2,30,0.15700374880966478,0.0,4.544832306639288,0.17,0.17,0,1
swsh3-75,Gothitelle,Darkness Ablaze,modern,Rare,140.0,2,2,90,0.2776317365982795,0.1428571428571428,4.544832306639288,0.28,0.32,0,1
swsh3-76,Golett,Darkness Ablaze,modern,Common,90.0,3,2,50,0.1397619423751587,0.0,4.544832306639288,0.15,0.15,0,1
swsh3-77,Golurk,Darkness Ablaze,modern,Rare,150.0,4,2,180,0.3001045924503381,0.0,4.544832306639288,0.35,0.35,2,0
swsh3-78,Dedenne,Darkness Ablaze,modern,Uncommon,70.0,1,1,20,0.2776317365982795,0.032258064516129004,4.544832306639288,0.31,0.32,0,2
swsh3-79,Morelull,Darkness Ablaze,modern,Common,60.0,1,2,20,0.1397619423751587,0.0,4.544832306639288,0.15,0.15,0,1
swsh3-80,Shiinotic,Darkness Ablaze,modern,Uncommon,110.0,2,2,60,0.16551443847757338,-0.052631578947368474,4.544832306639288,0.19,0.18,0,1
swsh3-81,Mimikyu,Darkness Ablaze,modern,Rare,70.0,1,1,30,0.3506568716131694,-0.023255813953488413,4.544832306639288,0.43,0.42,0,2
swsh3-82,Sinistea,Darkness Ablaze,modern,Common,30.0,1,1,0,0.1397619423751587,0.0,4.544832306639288,0.15,0.15,0,2
swsh3-83,Polteageist,Darkness Ablaze,modern,Uncommon,60.0,1,1,20,0.1988508587451652,0.0,4.544832306639288,0.22,0.22,0,2
swsh3-84,Diglett,Darkness Ablaze,modern,Common,50.0,1,1,20,0.15700374880966478,0.0625,4.544832306639288,0.16,0.17,0,2
swsh3-85,Dugtrio,Darkness Ablaze,modern,Uncommon,90.0,1,2,70,0.15700374880966478,-0.05555555555555547,4.544832306639288,0.18,0.17,0,1
swsh3-86,Larvitar,Darkness Ablaze,modern,Common,70.0,1,2,20,0.18232155679395465,0.0,4.544832306639288,0.2,0.2,0,1
swsh3-87,Pupitar,Darkness Ablaze,modern,Uncommon,80.0,3,2,40,0.17395330712343804,0.0,4.544832306639288,0.19,0.19,0,1
swsh3-88,Tyranitar,Darkness Ablaze,modern,Rare Holo,180.0,4,2,250,0.4510756193602166,-0.017241379310344862,4.544832306639288,0.58,0.57,2,0
swsh3-89,Trapinch,Darkness Ablaze,modern,Common,60.0,1,1,10,0.2151113796169455,0.04347826086956519,4.544832306639288,0.23,0.24,0,2
swsh3-90,Vibrava,Darkness Ablaze,modern,Uncommon,80.0,1,1,20,0.17395330712343804,0.0,4.544832306639288,0.19,0.19,0,2
swsh3-91,Flygon,Darkness Ablaze,modern,Rare,150.0,1,1,130,0.3220834991691133,0.0,4.544832306639288,0.38,0.38,0,0
swsh3-92,Solrock,Darkness Ablaze,modern,Uncommon,90.0,1,1,30,0.13102826240640408,0.0,4.544832306639288,0.14,0.14,0,2
swsh3-93,Hippopotas,Darkness Ablaze,modern,Common,100.0,4,2,70,0.13102826240640408,0.0,4.544832306639288,0.14,0.14,2,1
swsh3-94,Hippowdon,Darkness Ablaze,modern,Rare,150.0,4,2,150,0.2546422183735807,0.0,4.544832306639288,0.29,0.29,2,0
swsh3-95,Rhyperior V,Darkness Ablaze,modern,Rare Holo V,230.0,4,2,210,0.5128236264286639,0.21818181818181825,4.544832306639288,0.55,0.67,2,0
swsh3-96,Diggersby,Darkness Ablaze,modern,Rare,130.0,3,2,140,0.2546422183735807,0.0,4.544832306639288,0.29,0.29,2,0
swsh3-97,Passimian,Darkness Ablaze,modern,Common,110.0,1,2,70,0.13102826240640408,0.0,4.544832306639288,0.14,0.14,0,1
swsh3-98,Galarian Sirfetch'd,Darkness Ablaze,modern,Rare,130.0,2,2,180,0.37156355643248307,0.0,4.544832306639288,0.45,0.45,2,0
swsh3-99,Galarian Slowbro V,Darkness Ablaze,modern,Rare Holo V,210.0,3,1,130,0.5709795465857378,0.13235294117647056,4.544832306639288,0.68,0.77,2,0
swsh3-100,Grimer,Darkness Ablaze,modern,Common,80.0,3,2,50,0.1397619423751587,0.0,4.544832306639288,0.15,0.15,0,1
swsh3-101,Muk,Darkness Ablaze,modern,Rare,140.0,4,2,120,0.29266961396282,-0.08108108108108103,4.544832306639288,0.37,0.34,2,0
swsh3-102,Spinarak,Darkness Ablaze,modern,Common,60.0,1,2,20,0.11332868530700317,0.0,4.544832306639288,0.12,0.12,0,1
swsh3-103,Ariados,Darkness Ablaze,modern,Uncommon,110.0,2,1,30,0.1397619423751587,0.15384615384615374,4.544832306639288,0.13,0.15,0,2
swsh3-104,Crobat V,Darkness Ablaze,modern,Rare Holo V,180.0,1,1,70,0.412109650826833,0.04081632653061229,4.544832306639288,0.49,0.51,0,2
swsh3-105,Darkrai,Darkness Ablaze,modern,Rare Holo,120.0,2,1,60,0.31481073984003355,0.0277777777777779,4.544832306639288,0.36,0.37,0,2
swsh3-106,Purrloin,Darkness Ablaze,modern,Common,70.0,1,2,20,0.1397619423751587,0.0,4.544832306639288,0.15,0.15,0,1
swsh3-107,Liepard,Darkness Ablaze,modern,Rare,100.0,1,1,90,0.2776317365982795,0.0,4.544832306639288,0.32,0.32,0,2
swsh3-108,Deino,Darkness Ablaze,modern,Common,60.0,1,1,10,0.1397619423751587,0.0,4.544832306639288,0.15,0.15,0,2
swsh3-109,Zweilous,Darkness Ablaze,modern,Uncommon,100.0,2,2,70,0.15700374880966478,-0.05555555555555547,4.544832306639288,0.18,0.17,0,1
swsh3-110,Hydreigon,Darkness Ablaze,modern,Rare,160.0,3,1,130,0.33647223662121295,0.025641025641025772,4.544832306639288,0.39,0.4,2,0
swsh3-111,Hoopa,Darkness Ablaze,modern,Rare Holo,120.0,2,1,90,0.2776317365982795,0.032258064516129004,4.544832306639288,0.31,0.32,0,2
swsh3-112,Nickit,Darkness Ablaze,modern,Common,70.0,1,1,0,0.15700374880966478,-0.05555555555555547,4.544832306639288,0.18,0.17,0,2
swsh3-113,Thievul,Darkness Ablaze,modern,Rare,100.0,1,2,70,0.27002713721306015,0.0,4.544832306639288,0.31,0.31,0,1
swsh3-114,Grimmsnarl V,Darkness Ablaze,modern,Rare Holo V,220.0,2,2,200,0.48858001481867097,0.06779661016949157,4.544832306639288,0.59,0.63,2,0
swsh3-115,Grimmsnarl VMAX,Darkness Ablaze,modern,Rare Holo VMAX,330.0,3,1,170,0.9783261227936076,0.0573248407643312,4.544832306639288,1.57,1.66,2,0
swsh3-116,Eternatus V,Darkness Ablaze,modern,Rare Holo V,220.0,2,2,120,0.8586616190375187,0.20353982300884965,4.544832306639288,1.13,1.36,2,0
swsh3-117,Eternatus VMAX,Darkness Ablaze,modern,Rare Holo VMAX,340.0,3,1,30,1.706564623164823,0.02499999999999991,4.544832306639288,4.4,4.51,2,0
swsh3-118,Scizor V,Darkness Ablaze,modern,Rare Holo V,210.0,2,2,140,0.6626879730752367,0.16049382716049365,4.544832306639288,0.81,0.94,2,0
swsh3-119,Scizor VMAX,Darkness Ablaze,modern,Rare Holo VMAX,320.0,2,2,190,1.1969481893889715,0.14356435643564347,4.544832306639288,2.02,2.31,2,0
swsh3-120,Skarmory,Darkness Ablaze,modern,Common,120.0,1,2,80,0.15700374880966478,0.0625,4.544832306639288,0.16,0.17,0,1
swsh3-121,Aron,Darkness Ablaze,modern,Common,70.0,2,2,20,0.15700374880966478,0.0625,4.544832306639288,0.16,0.17,0,1
swsh3-122,Lairon,Darkness Ablaze,modern,Uncommon,100.0,3,2,50,0.15700374880966478,0.13333333333333353,4.544832306639288,0.15,0.17,0,1
swsh3-123,Aggron,Darkness Ablaze,modern,Rare Holo,160.0,3,1,160,0.33647223662121295,-0.024390243902438935,4.544832306639288,0.41,0.4,2,0
swsh3-124,Escavalier,Darkness Ablaze,modern,Rare,120.0,2,2,60,0.262364264467491,0.034482758620689724,4.544832306639288,0.29,0.3,0,1
swsh3-125,Klink,Darkness Ablaze,modern,Common,60.0,2,1,0,0.13102826240640408,-0.06666666666666654,4.544832306639288,0.15,0.14,0,2
swsh3-126,Klang,Darkness Ablaze,modern,Uncommon,90.0,3,2,60,0.1484200051182733,-0.05882352941176472,4.544832306639288,0.17,0.16,0,1
swsh3-127,Klinklang,Darkness Ablaze,modern,Rare,150.0,3,2,200,0.27002713721306015,0.0,4.544832306639288,0.31,0.31,2,0
swsh3-128,Galarian Stunfisk V,Darkness Ablaze,modern,Rare Holo V,200.0,4,1,60,0.4762341789963716,0.051724137931034475,4.544832306639288,0.58,0.61,2,0
swsh3-129,Meltan,Darkness Ablaze,modern,Common,70.0,1,2,20,0.1397619423751587,-0.0625,4.544832306639288,0.16,0.15,0,1
swsh3-130,Melmetal,Darkness Ablaze,modern,Rare,150.0,4,2,130,0.2546422183735807,0.03571428571428559,4.544832306639288,0.28,0.29,2,0
swsh3-131,Cufant,Darkness Ablaze,modern,Common,100.0,3,1,60,0.1484200051182733,0.0,4.544832306639288,0.16,0.16,0,2
swsh3-132,Copperajah,Darkness Ablaze,modern,Rare Holo,190.0,4,1,120,0.27002713721306015,0.0,4.544832306639288,0.31,0.31,2,0
swsh3-133,Kangaskhan,Darkness Ablaze,modern,Rare Holo,130.0,2,2,100,0.4252677354043441,0.10416666666666674,4.544832306639288,0.48,0.53,0,1
swsh3-134,Tauros,Darkness Ablaze,modern,Common,110.0,2,1,60,0.1397619423751587,0.0,4.544832306639288,0.15,0.15,0,2
swsh3-135,Sentret,Darkness Ablaze,modern,Common,60.0,1,1,0,0.20701416938432615,0.0,4.544832306639288,0.23,0.23,0,2
swsh3-136,Furret,Darkness Ablaze,modern,Uncommon,110.0,1,2,90,0.2151113796169455,-0.040000000000000036,4.544832306639288,0.25,0.24,0,1
swsh3-137,Dunsparce,Darkness Ablaze,modern,Common,60.0,1,1,20,0.16551443847757338,-0.052631578947368474,4.544832306639288,0.19,0.18,0,2
swsh3-138,Teddiursa,Darkness Ablaze,modern,Common,70.0,2,2,20,0.17395330712343804,0.0,4.544832306639288,0.19,0.19,0,1
swsh3-139,Ursaring,Darkness Ablaze,modern,Uncommon,140.0,3,2,120,0.17395330712343804,0.05555555555555558,4.544832306639288,0.18,0.19,2,0
swsh3-140,Lugia,Darkness Ablaze,modern,Rare,130.0,2,2,120,0.5709795465857378,0.026666666666666616,4.544832306639288,0.75,0.77,2,1
swsh3-141,Skitty,Darkness Ablaze,modern,Common,60.0,1,2,20,0.1988508587451652,-0.0434782608695653,4.544832306639288,0.23,0.22,0,1
swsh3-142,Delcatty,Darkness Ablaze,modern,Rare,100.0,1,2,90,0.31481073984003355,0.0277777777777779,4.544832306639288,0.36,0.37,0,1
swsh3-143,Salamence V,Darkness Ablaze,modern,Rare Holo V,220.0,2,2,160,0.5538851132264376,-0.05128205128205132,4.544832306639288,0.78,0.74,2,0
swsh3-144,Salamence VMAX,Darkness Ablaze,modern,Rare Holo VMAX,320.0,2,2,240,1.297463147413275,0.09917355371900838,4.544832306639288,2.42,2.66,2,0
swsh3-145,Starly,Darkness Ablaze,modern,Common,50.0,1,1,0,0.1397619423751587,0.0,4.544832306639288,0.15,0.15,0,2
swsh3-146,Staravia,Darkness Ablaze,modern,Uncommon,80.0,1,2,40,0.15700374880966478,0.0,4.544832306639288,0.17,0.17,0,1
swsh3-147,Staraptor,Darkness Ablaze,modern,Rare,150.0,0,2,170,0.3074846997479606,-0.052631578947368474,4.544832306639288,0.38,0.36,0,1
swsh3-148,Ducklett,Darkness Ablaze,modern,Common,50.0,1,1,20,0.1484200051182733,0.0,4.544832306639288,0.16,0.16,0,2
swsh3-149,Swanna,Darkness Ablaze,modern,Rare,110.0,0,1,70,0.22314355131420976,0.04166666666666674,4.544832306639288,0.24,0.25,0,2
swsh3-150,Bunnelby,Darkness Ablaze,modern,Common,40.0,1,1,20,0.20701416938432615,0.045454545454545414,4.544832306639288,0.22,0.23,0,2
swsh3-151,Fletchling,Darkness Ablaze,modern,Common,60.0,1,1,20,0.12221763272424921,0.0,4.544832306639288,0.13,0.13,0,2
swsh3-152,Skwovet,Darkness Ablaze,modern,Common,70.0,1,1,40,0.17395330712343804,0.0,4.544832306639288,0.19,0.19,0,2
swsh3-153,Greedent,Darkness Ablaze,modern,Rare,120.0,1,2,100,0.2546422183735807,-0.033333333333333326,4.544832306639288,0.3,0.29,0,1
swsh3-154,Rookidee,Darkness Ablaze,modern,Common,60.0,1,1,10,0.18232155679395465,0.0,4.544832306639288,0.2,0.2,0,2
swsh3-155,Corvisquire,Darkness Ablaze,modern,Uncommon,80.0,1,2,40,0.17395330712343804,0.0,4.544832306639288,0.19,0.19,0,1
swsh3-156,Corviknight,Darkness Ablaze,modern,Rare Holo,160.0,2,1,120,0.3435897043900769,0.02499999999999991,4.544832306639288,0.4,0.41,2,0
swsh3-177,Butterfree V,Darkness Ablaze,modern,Rare Ultra,190.0,1,2,130,1.3635373739972745,0.19753086419753085,4.544832306639288,2.43,2.91,2,0
swsh3-178,Houndoom V,Darkness Ablaze,modern,Rare Ultra,210.0,1,2,100,1.2612978709452054,0.024291497975708287,4.544832306639288,2.47,2.53,2,0
swsh3-179,Centiskorch V,Darkness Ablaze,modern,Rare Ultra,210.0,3,2,180,0.9042181506398859,0.0652173913043479,4.544832306639288,1.38,1.47,2,0
swsh3-180,Vikavolt V,Darkness Ablaze,modern,Rare Ultra,210.0,3,2,190,0.9321640810304452,-0.006451612903225823,4.544832306639288,1.55,1.54,2,0
swsh3-181,Rhyperior V,Darkness Ablaze,modern,Rare Ultra,230.0,4,2,210,1.0612565021243408,-0.02577319587628868,4.544832306639288,1.94,1.89,2,0
swsh3-182,Crobat V,Darkness Ablaze,modern,Rare Ultra,180.0,1,1,70,1.0438040521731147,-0.026455026455026398,4.544832306639288,1.89,1.84,0,2
swsh3-183,Scizor V,Darkness Ablaze,modern,Rare Ultra,210.0,2,2,140,1.3762440252663892,0.16535433070866135,4.544832306639288,2.54,2.96,2,0
swsh3-184,Galarian Stunfisk V,Darkness Ablaze,modern,Rare Ultra,200.0,4,1,60,0.9745596399981308,0.0,4.544832306639288,1.65,1.65,2,0
swsh3-185,Salamence V,Darkness Ablaze,modern,Rare Ultra,220.0,2,2,160,1.43746264769429,0.10689655172413803,4.544832306639288,2.9,3.21,2,0
swsh3-190,Butterfree VMAX,Darkness Ablaze,modern,Rare Rainbow,300.0,0,1,150,2.3145136638593193,-0.02145922746781126,4.544832306639288,9.32,9.12,2,0
swsh3-191,Centiskorch VMAX,Darkness Ablaze,modern,Rare Rainbow,320.0,3,1,40,1.9615022438151495,0.03735144312393901,4.544832306639288,5.89,6.11,2,0
swsh3-192,Eternatus VMAX,Darkness Ablaze,modern,Rare Rainbow,340.0,3,1,30,2.322387720290225,-0.03563941299790352,4.544832306639288,9.54,9.2,2,0
swsh3-193,Scizor VMAX,Darkness Ablaze,modern,Rare Rainbow,320.0,2,2,190,2.2617630984737906,0.0011641443538998875,4.544832306639288,8.59,8.6,2,0
swsh3-194,Salamence VMAX,Darkness Ablaze,modern,Rare Rainbow,320.0,2,2,240,2.4309783077624445,0.02268244575936862,4.544832306639288,10.14,10.37,2,0
swsh3-197,Rillaboom,Darkness Ablaze,modern,Rare Secret,170.0,3,1,140,1.8991179875485542,-0.12615384615384617,4.544832306639288,6.5,5.68,2,0
swsh3-198,Coalossal,Darkness Ablaze,modern,Rare Secret,160.0,4,1,130,1.6770965609079151,-0.07446808510638314,4.544832306639288,4.7,4.35,2,0
swsh35-1,Venusaur V,Champion's Path,modern,Rare Holo V,220.0,3,2,220,1.184789984909162,0.022522522522522515,4.42984257357974,2.22,2.27,2,0
swsh35-2,Weedle,Champion's Path,modern,Common,60.0,1,1,0,0.2151113796169455,-0.11111111111111116,4.42984257357974,0.27,0.24,0,2
swsh35-3,Kakuna,Champion's Path,modern,Common,80.0,3,1,30,0.1397619423751587,0.0,4.42984257357974,0.15,0.15,0,2
swsh35-4,Beedrill,Champion's Path,modern,Uncommon,140.0,1,1,80,0.19062035960864973,0.0,4.42984257357974,0.21,0.21,0,2
swsh35-5,Eldegoss V,Champion's Path,modern,Rare Holo V,180.0,1,1,50,0.4700036292457356,0.11111111111111094,4.42984257357974,0.54,0.6,0,0
swsh35-6,Vulpix,Champion's Path,modern,Common,60.0,1,2,10,0.20701416938432615,0.1499999999999999,4.42984257357974,0.2,0.23,0,1
swsh35-7,Victini,Champion's Path,modern,Uncommon,70.0,1,2,30,0.16551443847757338,0.0,4.42984257357974,0.18,0.18,0,1
swsh35-8,Incineroar V,Champion's Path,modern,Rare Holo V,220.0,3,2,220,0.7747271675523681,0.008620689655172376,4.42984257357974,1.16,1.17,2,0
swsh35-9,Sizzlipede,Champion's Path,modern,Common,70.0,1,2,50,0.15700374880966478,-0.05555555555555547,4.42984257357974,0.18,0.17,0,1
swsh35-10,Centiskorch,Champion's Path,modern,Rare Holo,130.0,3,2,140,0.15700374880966478,0.0,4.42984257357974,0.17,0.17,2,0
swsh35-11,Carvanha,Champion's Path,modern,Common,60.0,1,1,10,0.1397619423751587,-0.0625,4.42984257357974,0.16,0.15,0,2
swsh35-12,Sharpedo,Champion's Path,modern,Uncommon,110.0,1,1,50,0.1988508587451652,0.0,4.42984257357974,0.22,0.22,0,2
swsh35-13,Wailord V,Champion's Path,modern,Rare Holo V,280.0,4,2,120,0.8796267475025635,0.014388489208633004,4.42984257357974,1.39,1.41,2,0
swsh35-14,Drednaw V,Champion's Path,modern,Rare Holo V,210.0,4,1,130,0.5068176023684519,0.10000000000000009,4.42984257357974,0.6,0.66,2,0
swsh35-15,Drednaw VMAX,Champion's Path,modern,Rare Holo VMAX,320.0,4,1,160,1.0784095813505903,0.0,4.42984257357974,1.94,1.94,2,0
swsh35-16,Gardevoir V,Champion's Path,modern,Rare Holo V,210.0,2,2,120,0.636576829071551,0.09876543209876543,4.42984257357974,0.81,0.89,2,0
swsh35-17,Gardevoir VMAX,Champion's Path,modern,Rare Holo VMAX,320.0,2,1,180,1.220829921392359,0.231958762886598,4.42984257357974,1.94,2.39,2,0
swsh35-18,Hatenna,Champion's Path,modern,Common,60.0,1,2,30,0.15700374880966478,-0.05555555555555547,4.42984257357974,0.18,0.17,0,1
swsh35-19,Hattrem,Champion's Path,modern,Uncommon,90.0,2,2,40,0.18232155679395465,0.0,4.42984257357974,0.2,0.2,0,1
swsh35-20,Hatterene,Champion's Path,modern,Rare Holo,150.0,2,1,100,0.18232155679395465,0.05263157894736836,4.42984257357974,0.19,0.2,0,0
swsh35-21,Galarian Cursola V,Champion's Path,modern,Rare Holo V,190.0,2,1,60,0.6043159668533294,0.0641025641025641,4.42984257357974,0.78,0.83,0,0
swsh35-22,Alcremie V,Champion's Path,modern,Rare Holo V,170.0,2,2,100,0.9162907318741551,-0.10179640718562866,4.42984257357974,1.67,1.5,2,0
swsh35-23,Alcremie VMAX,Champion's Path,modern,Rare Holo VMAX,310.0,3,2,60,1.6409365794934714,0.09473684210526323,4.42984257357974,3.8,4.16,2,0
swsh35-24,Machop,Champion's Path,modern,Common,70.0,2,2,20,0.15700374880966478,0.0625,4.42984257357974,0.16,0.17,0,1
swsh35-25,Machoke,Champion's Path,modern,Uncommon,110.0,3,2,50,0.262364264467491,0.0,4.42984257357974,0.3,0.3,0,1
swsh35-26,Machamp,Champion's Path,modern,Rare Holo,170.0,3,2,200,0.2468600779315258,0.03703703703703698,4.42984257357974,0.27,0.28,2,0
swsh35-27,Lucario V,Champion's Path,modern,Rare Holo V,210.0,2,2,180,0.9516578757114464,0.01273885350318471,4.42984257357974,1.57,1.59,2,0
swsh35-28,Zygarde,Champion's Path,modern,Rare Holo,140.0,3,2,130,0.18232155679395465,0.11111111111111116,4.42984257357974,0.18,0.2,2,0
swsh35-29,Rockruff,Champion's Path,modern,Common,70.0,1,2,20,0.18232155679395465,0.11111111111111116,4.42984257357974,0.18,0.2,0,1
swsh35-30,Lycanroc,Champion's Path,modern,Rare Holo,120.0,2,2,150,0.2546422183735807,0.15999999999999992,4.42984257357974,0.25,0.29,2,1
swsh35-31,Rolycoly,Champion's Path,modern,Common,70.0,2,1,10,0.13102826240640408,0.0769230769230771,4.42984257357974,0.13,0.14,0,2
swsh35-32,Grapploct V,Champion's Path,modern,Rare Holo V,210.0,2,2,120,0.48858001481867097,0.032786885245901676,4.42984257357974,0.61,0.63,2,0
swsh35-33,Ekans,Champion's Path,modern,Common,70.0,1,2,30,0.17395330712343804,0.0,4.42984257357974,0.19,0.19,0,1
swsh35-34,Arbok,Champion's Path,modern,Uncommon,120.0,1,2,70,0.27002713721306015,-0.03125,4.42984257357974,0.32,0.31,0,1
swsh35-35,Galarian Zigzagoon,Champion's Path,modern,Common,70.0,2,1,10,0.12221763272424921,0.0,4.42984257357974,0.13,0.13,0,2
swsh35-36,Galarian Linoone,Champion's Path,modern,Common,100.0,2,1,60,0.16551443847757338,0.0588235294117645,4.42984257357974,0.17,0.18,0,2
swsh35-37,Galarian Obstagoon,Champion's Path,modern,Rare Holo,170.0,2,1,180,0.23111172096338664,0.0,4.42984257357974,0.26,0.26,2,0
swsh35-38,Absol,Champion's Path,modern,Uncommon,100.0,1,1,70,0.16551443847757338,-0.1428571428571429,4.42984257357974,0.21,0.18,0,2
swsh35-39,Purrloin,Champion's Path,modern,Common,70.0,1,2,20,0.17395330712343804,0.0,4.42984257357974,0.19,0.19,0,1
swsh35-40,Liepard,Champion's Path,modern,Uncommon,100.0,1,1,90,0.1484200051182733,0.0,4.42984257357974,0.16,0.16,0,2
swsh35-41,Scraggy,Champion's Path,modern,Common,70.0,1,2,20,0.16551443847757338,0.0,4.42984257357974,0.18,0.18,0,1
swsh35-42,Scrafty,Champion's Path,modern,Rare Holo,120.0,2,2,90,0.23111172096338664,0.23809523809523814,4.42984257357974,0.21,0.26,0,1
swsh35-43,Trubbish,Champion's Path,modern,Common,60.0,1,1,20,0.1397619423751587,-0.0625,4.42984257357974,0.16,0.15,0,2
swsh35-44,Inkay,Champion's Path,modern,Common,60.0,1,2,20,0.13102826240640408,0.0,4.42984257357974,0.14,0.14,0,1
swsh35-45,Malamar,Champion's Path,modern,Uncommon,120.0,3,2,80,0.1397619423751587,0.0,4.42984257357974,0.15,0.15,2,1
swsh35-46,Nickit,Champion's Path,modern,Common,70.0,1,2,30,0.1484200051182733,0.06666666666666665,4.42984257357974,0.15,0.16,0,1
swsh35-47,Duraludon V,Champion's Path,modern,Rare Holo V,220.0,3,1,10,0.5822156198526637,0.08219178082191791,4.42984257357974,0.73,0.79,2,0
swsh35-48,Swablu,Champion's Path,modern,Common,50.0,1,1,20,0.18232155679395465,0.0,4.42984257357974,0.2,0.2,0,2
swsh35-49,Altaria,Champion's Path,modern,Rare Holo,110.0,1,1,60,0.1988508587451652,0.04761904761904767,4.42984257357974,0.21,0.22,0,2
swsh35-69,Drednaw V,Champion's Path,modern,Rare Ultra,210.0,4,1,130,0.8285518175661483,0.10256410256410264,4.42984257357974,1.17,1.29,2,0
swsh35-70,Gardevoir V,Champion's Path,modern,Rare Ultra,210.0,2,2,120,1.2029723039923526,0.13106796116504849,4.42984257357974,2.06,2.33,2,0
swsh35-71,Galarian Cursola V,Champion's Path,modern,Rare Ultra,190.0,2,1,60,0.8671004876833833,0.037593984962405846,4.42984257357974,1.33,1.38,0,0
swsh35-72,Grapploct V,Champion's Path,modern,Rare Ultra,210.0,2,2,120,0.7793248768009976,0.09259259259259256,4.42984257357974,1.08,1.18,2,0
swsh35-74,Charizard VMAX,Champion's Path,modern,Rare Rainbow,330.0,3,2,300,5.353184267988877,-0.001756468075005957,4.42984257357974,210.65,210.28,2,0
swsh35-75,Drednaw VMAX,Champion's Path,modern,Rare Rainbow,320.0,4,1,160,2.1234584270966104,0.035161744022503605,4.42984257357974,7.11,7.36,2,0
swsh35-76,Gardevoir VMAX,Champion's Path,modern,Rare Rainbow,320.0,2,1,180,2.6623552418400807,0.00832072617246582,4.42984257357974,13.22,13.33,2,0
swsh35-79,Charizard V,Champion's Path,modern,Rare Secret,220.0,3,2,220,5.436120870695231,0.006030460427854489,4.42984257357974,227.18,228.55,2,0
swsh4-1,Weedle,Vivid Voltage,modern,Common,40.0,1,1,0,0.12221763272424921,-0.07142857142857151,4.295687885010267,0.14,0.13,0,2
swsh4-2,Kakuna,Vivid Voltage,modern,Uncommon,80.0,3,2,20,0.16551443847757338,0.0,4.295687885010267,0.18,0.18,0,1
swsh4-3,Beedrill,Vivid Voltage,modern,Rare,130.0,0,1,120,0.15700374880966478,0.0,4.295687885010267,0.17,0.17,0,2
swsh4-4,Exeggcute,Vivid Voltage,modern,Common,60.0,1,1,10,0.12221763272424921,0.0,4.295687885010267,0.13,0.13,0,2
swsh4-5,Exeggutor,Vivid Voltage,modern,Rare,140.0,3,2,90,0.19062035960864973,0.04999999999999982,4.295687885010267,0.2,0.21,2,1
swsh4-6,Yanma,Vivid Voltage,modern,Common,80.0,1,2,60,0.1397619423751587,0.0,4.295687885010267,0.15,0.15,0,1
swsh4-7,Yanmega,Vivid Voltage,modern,Rare,130.0,0,2,130,0.1988508587451652,0.04761904761904767,4.295687885010267,0.21,0.22,0,1
swsh4-8,Pineco,Vivid Voltage,modern,Common,60.0,2,2,10,0.1397619423751587,0.0,4.295687885010267,0.15,0.15,0,1
swsh4-9,Celebi,Vivid Voltage,modern,Amazing Rare,60.0,1,2,30,1.332366019094335,0.3037383177570092,4.295687885010267,2.14,2.79,0,1
swsh4-10,Seedot,Vivid Voltage,modern,Common,60.0,1,1,10,0.1397619423751587,0.15384615384615374,4.295687885010267,0.13,0.15,0,2
swsh4-11,Nuzleaf,Vivid Voltage,modern,Uncommon,80.0,1,1,40,0.1397619423751587,0.0,4.295687885010267,0.15,0.15,0,2
swsh4-12,Shiftry,Vivid Voltage,modern,Rare,150.0,3,1,110,0.19062035960864973,0.0,4.295687885010267,0.21,0.21,2,0
swsh4-13,Nincada,Vivid Voltage,modern,Common,40.0,1,1,10,0.1484200051182733,0.1428571428571428,4.295687885010267,0.14,0.16,0,2
swsh4-14,Ninjask,Vivid Voltage,modern,Rare,60.0,0,1,30,0.2776317365982795,0.032258064516129004,4.295687885010267,0.31,0.32,0,2
swsh4-15,Shaymin,Vivid Voltage,modern,Rare Holo,70.0,1,2,20,0.29266961396282,-0.02857142857142847,4.295687885010267,0.35,0.34,0,1
swsh4-16,Genesect,Vivid Voltage,modern,Rare Holo,120.0,2,2,120,0.2776317365982795,0.1428571428571428,4.295687885010267,0.28,0.32,2,1
swsh4-17,Skiddo,Vivid Voltage,modern,Common,70.0,1,2,50,0.16551443847757338,0.19999999999999996,4.295687885010267,0.15,0.18,0,1
swsh4-18,Gogoat,Vivid Voltage,modern,Uncommon,130.0,2,2,160,0.16551443847757338,0.0588235294117645,4.295687885010267,0.17,0.18,2,0
swsh4-19,Dhelmise,Vivid Voltage,modern,Uncommon,130.0,3,2,60,0.11332868530700317,-0.07692307692307698,4.295687885010267,0.13,0.12,0,1
swsh4-20,Orbeetle V,Vivid Voltage,modern,Rare Holo V,180.0,1,2,50,0.3852624007906449,0.04444444444444429,4.295687885010267,0.45,0.47,0,0
swsh4-21,Orbeetle VMAX,Vivid Voltage,modern,Rare Holo VMAX,310.0,1,1,50,0.9400072584914712,0.1304347826086958,4.295687885010267,1.38,1.56,2,0
swsh4-22,Zarude V,Vivid Voltage,modern,Rare Holo V,210.0,1,2,100,0.41871033485818504,0.13043478260869557,4.295687885010267,0.46,0.52,2,0
swsh4-23,Charmander,Vivid Voltage,modern,Common,70.0,1,2,30,0.2468600779315258,-0.19999999999999984,4.295687885010267,0.35,0.28,0,1
swsh4-24,Charmeleon,Vivid Voltage,modern,Uncommon,90.0,2,2,60,0.23111172096338664,0.08333333333333348,4.295687885010267,0.24,0.26,0,1
swsh4-25,Charizard,Vivid Voltage,modern,Rare,170.0,3,1,100,1.235471471385307,0.17874396135265713,4.295687885010267,2.07,2.44,2,0
swsh4-26,Flareon,Vivid Voltage,modern,Rare,110.0,2,1,100,0.4824261492442927,0.1923076923076923,4.295687885010267,0.52,0.62,0,2
swsh4-27,Slugma,Vivid Voltage,modern,Common,70.0,2,2,30,0.13102826240640408,0.0,4.295687885010267,0.14,0.14,0,1
swsh4-28,Magcargo,Vivid Voltage,modern,Uncommon,130.0,3,2,180,0.12221763272424921,0.08333333333333348,4.295687885010267,0.12,0.13,2,0
swsh4-29,Talonflame V,Vivid Voltage,modern,Rare Holo V,190.0,0,2,160,0.49469624183610705,-0.015384615384615441,4.295687885010267,0.65,0.64,2,1
swsh4-30,Vaporeon,Vivid Voltage,modern,Rare,110.0,2,1,70,0.5822156198526637,0.234375,4.295687885010267,0.64,0.79,0,1
swsh4-31,Wailmer,Vivid Voltage,modern,Common,100.0,3,1,10,0.18232155679395465,0.25,4.295687885010267,0.16,0.2,0,2
swsh4-32,Wailord,Vivid Voltage,modern,Rare Holo,200.0,4,1,10,0.29266961396282,-0.02857142857142847,4.295687885010267,0.35,0.34,2,0
swsh4-33,Oshawott,Vivid Voltage,modern,Common,70.0,1,2,20,0.17395330712343804,0.0,4.295687885010267,0.19,0.19,0,1
swsh4-34,Dewott,Vivid Voltage,modern,Uncommon,90.0,2,2,50,0.13102826240640408,0.0,4.295687885010267,0.14,0.14,0,1
swsh4-35,Samurott,Vivid Voltage,modern,Rare,160.0,2,1,120,0.33647223662121295,-0.16666666666666663,4.295687885010267,0.48,0.4,2,0
swsh4-36,Galarian Darmanitan V,Vivid Voltage,modern,Rare Holo V,220.0,2,2,190,0.3987761199573678,0.06521739130434767,4.295687885010267,0.46,0.49,2,0
swsh4-37,Galarian Darmanitan VMAX,Vivid Voltage,modern,Rare Holo VMAX,320.0,3,1,200,0.7466879474879752,-0.10483870967741926,4.295687885010267,1.24,1.11,2,0
swsh4-38,Chewtle,Vivid Voltage,modern,Common,80.0,2,1,40,0.13102826240640408,0.0,4.295687885010267,0.14,0.14,0,2
swsh4-39,Drednaw,Vivid Voltage,modern,Rare,140.0,4,2,140,0.17395330712343804,0.0,4.295687885010267,0.19,0.19,2,0
swsh4-40,Cramorant,Vivid Voltage,modern,Uncommon,110.0,1,1,60,0.15700374880966478,0.0625,4.295687885010267,0.16,0.17,0,2
swsh4-41,Arrokuda,Vivid Voltage,modern,Common,60.0,1,2,20,0.17395330712343804,-0.050000000000000044,4.295687885010267,0.2,0.19,0,1
swsh4-42,Barraskewda,Vivid Voltage,modern,Rare,120.0,1,2,60,0.2546422183735807,0.0,4.295687885010267,0.29,0.29,0,1
swsh4-43,Pikachu V,Vivid Voltage,modern,Rare Holo V,190.0,1,2,200,0.6931471805599453,0.0,4.295687885010267,1.0,1.0,2,0
swsh4-44,Pikachu VMAX,Vivid Voltage,modern,Rare Holo VMAX,310.0,2,1,120,1.8702625307159986,-0.0402097902097901,4.295687885010267,5.72,5.49,2,0
swsh4-45,Voltorb,Vivid Voltage,modern,Common,60.0,1,1,40,0.12221763272424921,0.0,4.295687885010267,0.13,0.13,0,2
swsh4-46,Electrode,Vivid Voltage,modern,Rare Holo,90.0,1,1,100,0.1988508587451652,0.04761904761904767,4.295687885010267,0.21,0.22,0,2
swsh4-47,Jolteon,Vivid Voltage,modern,Rare,100.0,1,1,90,0.48858001481867097,0.0862068965517242,4.295687885010267,0.58,0.63,0,2
swsh4-48,Zapdos,Vivid Voltage,modern,Rare Holo,110.0,1,2,20,0.31481073984003355,0.19354838709677424,4.295687885010267,0.31,0.37,0,1
swsh4-49,Ampharos V,Vivid Voltage,modern,Rare Holo V,210.0,3,2,120,0.5423242908253617,0.16129032258064502,4.295687885010267,0.62,0.72,2,0
swsh4-50,Raikou,Vivid Voltage,modern,Amazing Rare,110.0,2,1,120,1.4060969884160703,0.04761904761904767,4.295687885010267,2.94,3.08,0,0
swsh4-51,Electrike,Vivid Voltage,modern,Common,60.0,1,2,20,0.16551443847757338,0.0,4.295687885010267,0.18,0.18,0,1
swsh4-52,Manectric,Vivid Voltage,modern,Rare,120.0,0,1,100,0.22314355131420976,0.0,4.295687885010267,0.25,0.25,0,2
swsh4-53,Blitzle,Vivid Voltage,modern,Common,60.0,1,1,20,0.15700374880966478,0.0625,4.295687885010267,0.16,0.17,0,2
swsh4-54,Zebstrika,Vivid Voltage,modern,Uncommon,110.0,1,2,70,0.11332868530700317,0.0,4.295687885010267,0.12,0.12,0,1
swsh4-55,Joltik,Vivid Voltage,modern,Common,40.0,1,1,20,0.15700374880966478,0.0,4.295687885010267,0.17,0.17,0,2
swsh4-56,Galvantula,Vivid Voltage,modern,Uncommon,90.0,1,2,20,0.1484200051182733,0.06666666666666665,4.295687885010267,0.15,0.16,0,1
swsh4-57,Tynamo,Vivid Voltage,modern,Common,40.0,1,1,10,0.1397619423751587,0.0,4.295687885010267,0.15,0.15,0,2
swsh4-58,Eelektrik,Vivid Voltage,modern,Uncommon,90.0,2,2,60,0.12221763272424921,0.0,4.295687885010267,0.13,0.13,0,1
swsh4-59,Eelektross,Vivid Voltage,modern,Rare,160.0,3,2,120,0.1397619423751587,0.0,4.295687885010267,0.15,0.15,2,0
swsh4-60,Zekrom,Vivid Voltage,modern,Rare Holo,130.0,3,2,130,0.3001045924503381,0.0,4.295687885010267,0.35,0.35,2,0
swsh4-61,Zeraora,Vivid Voltage,modern,Rare Holo,100.0,0,1,30,0.33647223662121295,0.11111111111111116,4.295687885010267,0.36,0.4,0,2
swsh4-62,Pincurchin,Vivid Voltage,modern,Uncommon,80.0,1,2,30,0.12221763272424921,0.08333333333333348,4.295687885010267,0.12,0.13,0,1
swsh4-63,Clefairy,Vivid Voltage,modern,Common,60.0,1,2,10,0.17395330712343804,-0.050000000000000044,4.295687885010267,0.2,0.19,0,1
swsh4-64,Clefable,Vivid Voltage,modern,Rare,100.0,1,1,80,0.2776317365982795,0.032258064516129004,4.295687885010267,0.31,0.32,0,2
swsh4-65,Girafarig,Vivid Voltage,modern,Uncommon,90.0,1,2,30,0.15700374880966478,-0.05555555555555547,4.295687885010267,0.18,0.17,0,1
swsh4-66,Shedinja,Vivid Voltage,modern,Rare,30.0,1,1,0,0.3435897043900769,0.0512820512820511,4.295687885010267,0.39,0.41,0,2
swsh4-67,Shuppet,Vivid Voltage,modern,Common,60.0,1,1,0,0.09531017980432487,0.0,4.295687885010267,0.1,0.1,0,2
swsh4-68,Banette,Vivid Voltage,modern,Rare,90.0,1,1,40,0.2468600779315258,0.0,4.295687885010267,0.28,0.28,0,2
swsh4-69,Duskull,Vivid Voltage,modern,Common,60.0,1,1,0,0.15700374880966478,0.13333333333333353,4.295687885010267,0.15,0.17,0,2
swsh4-70,Dusclops,Vivid Voltage,modern,Uncommon,90.0,2,2,60,0.15700374880966478,0.2142857142857142,4.295687885010267,0.14,0.17,0,1
swsh4-71,Dusknoir,Vivid Voltage,modern,Rare Holo,150.0,2,1,120,0.19062035960864973,0.0,4.295687885010267,0.21,0.21,0,0
swsh4-72,Chimecho,Vivid Voltage,modern,Common,70.0,1,2,30,0.19062035960864973,0.04999999999999982,4.295687885010267,0.2,0.21,0,1
swsh4-73,Woobat,Vivid Voltage,modern,Common,60.0,1,1,0,0.11332868530700317,0.09090909090909083,4.295687885010267,0.11,0.12,0,2
swsh4-74,Swoobat,Vivid Voltage,modern,Uncommon,100.0,1,1,70,0.13102826240640408,-0.06666666666666654,4.295687885010267,0.15,0.14,0,2
swsh4-75,Cottonee,Vivid Voltage,modern,Common,60.0,1,1,10,0.16551443847757338,0.0588235294117645,4.295687885010267,0.17,0.18,0,2
swsh4-76,Whimsicott,Vivid Voltage,modern,Rare,90.0,0,2,10,0.22314355131420976,-0.07407407407407418,4.295687885010267,0.27,0.25,0,1
swsh4-77,Dedenne,Vivid Voltage,modern,Common,70.0,1,1,10,0.20701416938432615,-0.14814814814814814,4.295687885010267,0.27,0.23,0,2
swsh4-78,Xerneas,Vivid Voltage,modern,Rare Holo,130.0,2,2,100,0.2776317365982795,0.032258064516129004,4.295687885010267,0.31,0.32,0,1
swsh4-79,Diancie,Vivid Voltage,modern,Rare Holo,90.0,1,1,50,0.29266961396282,0.0,4.295687885010267,0.34,0.34,0,2
swsh4-80,Milcery,Vivid Voltage,modern,Common,50.0,1,2,10,0.1397619423751587,0.0,4.295687885010267,0.15,0.15,0,1
swsh4-81,Alcremie,Vivid Voltage,modern,Rare,90.0,1,1,60,0.3506568716131694,0.04999999999999982,4.295687885010267,0.4,0.42,0,2
swsh4-82,Zacian,Vivid Voltage,modern,Amazing Rare,110.0,2,2,150,1.1118575154181303,0.2071005917159765,4.295687885010267,1.69,2.04,2,1
swsh4-83,Wooper,Vivid Voltage,modern,Common,70.0,1,2,20,0.23901690047049992,0.17391304347826098,4.295687885010267,0.23,0.27,0,1
swsh4-84,Quagsire,Vivid Voltage,modern,Rare,120.0,2,2,180,0.27002713721306015,0.03333333333333344,4.295687885010267,0.3,0.31,2,0
swsh4-85,Shuckle,Vivid Voltage,modern,Uncommon,70.0,1,2,50,0.1988508587451652,-0.0434782608695653,4.295687885010267,0.23,0.22,0,1
swsh4-86,Phanpy,Vivid Voltage,modern,Common,70.0,2,2,30,0.2776317365982795,0.23076923076923084,4.295687885010267,0.26,0.32,0,1
swsh4-87,Donphan,Vivid Voltage,modern,Rare,150.0,4,2,120,0.3001045924503381,0.02941176470588225,4.295687885010267,0.34,0.35,2,0
swsh4-88,Hitmontop,Vivid Voltage,modern,Uncommon,90.0,1,2,50,0.15700374880966478,-0.05555555555555547,4.295687885010267,0.18,0.17,0,1
swsh4-89,Regirock,Vivid Voltage,modern,Rare Holo,130.0,3,2,130,0.2151113796169455,0.0,4.295687885010267,0.24,0.24,2,0
swsh4-90,Riolu,Vivid Voltage,modern,Common,70.0,1,1,30,0.1988508587451652,0.22222222222222232,4.295687885010267,0.18,0.22,0,2
swsh4-91,Drilbur,Vivid Voltage,modern,Common,70.0,2,2,50,0.18232155679395465,0.11111111111111116,4.295687885010267,0.18,0.2,0,1
swsh4-92,Terrakion,Vivid Voltage,modern,Rare,140.0,4,2,80,0.15700374880966478,0.13333333333333353,4.295687885010267,0.15,0.17,2,1
swsh4-93,Zygarde,Vivid Voltage,modern,Rare Holo,150.0,4,2,80,0.27002713721306015,-0.03125,4.295687885010267,0.32,0.31,2,1
swsh4-94,Rockruff,Vivid Voltage,modern,Common,70.0,1,2,20,0.15700374880966478,0.2142857142857142,4.295687885010267,0.14,0.17,0,1
swsh4-95,Lycanroc,Vivid Voltage,modern,Rare,120.0,2,2,70,0.2546422183735807,0.0,4.295687885010267,0.29,0.29,0,1
swsh4-96,Mudbray,Vivid Voltage,modern,Common,80.0,2,2,60,0.16551443847757338,0.0,4.295687885010267,0.18,0.18,0,1
swsh4-97,Mudsdale,Vivid Voltage,modern,Rare,140.0,3,2,180,0.1988508587451652,0.0,4.295687885010267,0.22,0.22,2,0
swsh4-98,Coalossal V,Vivid Voltage,modern,Rare Holo V,220.0,4,2,180,0.3987761199573678,-0.03921568627450989,4.295687885010267,0.51,0.49,2,0
swsh4-99,Coalossal VMAX,Vivid Voltage,modern,Rare Holo VMAX,330.0,4,2,240,0.8544153281560676,-0.028776978417266008,4.295687885010267,1.39,1.35,2,0
swsh4-100,Clobbopus,Vivid Voltage,modern,Common,80.0,2,2,40,0.1484200051182733,0.06666666666666665,4.295687885010267,0.15,0.16,0,1
swsh4-101,Grapploct,Vivid Voltage,modern,Rare,130.0,2,2,50,0.17395330712343804,0.0,4.295687885010267,0.19,0.19,0,1
swsh4-102,Zamazenta,Vivid Voltage,modern,Amazing Rare,110.0,2,2,180,0.9321640810304452,0.0769230769230771,4.295687885010267,1.43,1.54,2,0
swsh4-103,Poochyena,Vivid Voltage,modern,Common,70.0,1,2,20,0.17395330712343804,0.1875,4.295687885010267,0.16,0.19,0,1
swsh4-104,Mightyena,Vivid Voltage,modern,Uncommon,110.0,1,2,100,0.1397619423751587,0.0,4.295687885010267,0.15,0.15,0,1
swsh4-105,Sableye,Vivid Voltage,modern,Uncommon,70.0,1,2,30,0.20701416938432615,0.09523809523809534,4.295687885010267,0.21,0.23,0,1
swsh4-106,Drapion V,Vivid Voltage,modern,Rare Holo V,210.0,3,2,130,0.3435897043900769,-0.10869565217391308,4.295687885010267,0.46,0.41,2,0
swsh4-107,Sandile,Vivid Voltage,modern,Common,70.0,2,1,0,0.12221763272424921,0.08333333333333348,4.295687885010267,0.12,0.13,0,2
swsh4-108,Krokorok,Vivid Voltage,modern,Uncommon,90.0,2,2,20,0.10436001532424277,0.0,4.295687885010267,0.11,0.11,0,1
swsh4-109,Krookodile,Vivid Voltage,modern,Rare,150.0,3,2,180,0.20701416938432615,-0.04166666666666663,4.295687885010267,0.24,0.23,2,0
swsh4-110,Trubbish,Vivid Voltage,modern,Common,70.0,2,2,30,0.1397619423751587,0.15384615384615374,4.295687885010267,0.13,0.15,0,1
swsh4-111,Garbodor,Vivid Voltage,modern,Rare,120.0,3,2,80,0.16551443847757338,0.0,4.295687885010267,0.18,0.18,2,1
swsh4-112,Galarian Meowth,Vivid Voltage,modern,Common,70.0,1,2,20,0.1397619423751587,0.0,4.295687885010267,0.15,0.15,0,1
swsh4-113,Galarian Perrserker,Vivid Voltage,modern,Rare,120.0,2,2,90,0.20701416938432615,0.0,4.295687885010267,0.23,0.23,0,1
swsh4-114,Forretress,Vivid Voltage,modern,Rare,120.0,3,2,120,0.18232155679395465,0.05263157894736836,4.295687885010267,0.19,0.2,2,0
swsh4-115,Steelix V,Vivid Voltage,modern,Rare Holo V,250.0,4,2,210,0.5364933705145685,0.109375,4.295687885010267,0.64,0.71,2,0
swsh4-116,Beldum,Vivid Voltage,modern,Common,70.0,2,2,20,0.15700374880966478,0.13333333333333353,4.295687885010267,0.15,0.17,0,1
swsh4-117,Metang,Vivid Voltage,modern,Uncommon,100.0,3,2,60,0.13102826240640408,0.0,4.295687885010267,0.14,0.14,0,1
swsh4-118,Metagross,Vivid Voltage,modern,Rare,170.0,3,1,100,0.22314355131420976,0.04166666666666674,4.295687885010267,0.24,0.25,2,0
swsh4-119,Jirachi,Vivid Voltage,modern,Amazing Rare,70.0,1,1,0,1.3029127521808397,0.2017937219730943,4.295687885010267,2.23,2.68,0,2
swsh4-120,Lucario,Vivid Voltage,modern,Rare,130.0,2,2,160,0.31481073984003355,0.0,4.295687885010267,0.37,0.37,2,0
swsh4-121,Dialga,Vivid Voltage,modern,Rare Holo,130.0,2,2,130,0.3001045924503381,0.12903225806451601,4.295687885010267,0.31,0.35,2,1
swsh4-122,Excadrill,Vivid Voltage,modern,Uncommon,130.0,3,2,130,0.12221763272424921,0.08333333333333348,4.295687885010267,0.12,0.13,2,0
swsh4-123,Ferroseed,Vivid Voltage,modern,Common,60.0,3,1,10,0.12221763272424921,0.08333333333333348,4.295687885010267,0.12,0.13,0,2
swsh4-124,Ferrothorn,Vivid Voltage,modern,Uncommon,110.0,3,1,30,0.12221763272424921,0.18181818181818188,4.295687885010267,0.11,0.13,0,2
swsh4-125,Galarian Stunfisk,Vivid Voltage,modern,Uncommon,120.0,3,1,90,0.12221763272424921,0.08333333333333348,4.295687885010267,0.12,0.13,0,0
swsh4-126,Aegislash V,Vivid Voltage,modern,Rare Holo V,210.0,3,2,130,0.3852624007906449,0.09302325581395343,4.295687885010267,0.43,0.47,2,0
swsh4-127,Aegislash VMAX,Vivid Voltage,modern,Rare Holo VMAX,320.0,3,1,160,0.8241754429663494,0.04065040650406515,4.295687885010267,1.23,1.28,2,0
swsh4-128,Magearna,Vivid Voltage,modern,Rare Holo,90.0,1,2,10,0.2151113796169455,0.0,4.295687885010267,0.24,0.24,0,1
swsh4-129,Duraludon,Vivid Voltage,modern,Rare Holo,130.0,2,2,120,0.2468600779315258,0.03703703703703698,4.295687885010267,0.27,0.28,2,1
swsh4-130,Eevee,Vivid Voltage,modern,Common,70.0,1,2,20,0.31481073984003355,0.0277777777777779,4.295687885010267,0.36,0.37,0,1
swsh4-131,Snorlax,Vivid Voltage,modern,Rare Holo,130.0,3,1,100,0.4510756193602166,0.0,4.295687885010267,0.57,0.57,2,0
swsh4-132,Lugia,Vivid Voltage,modern,Rare Holo,130.0,2,2,250,0.4510756193602166,-0.017241379310344862,4.295687885010267,0.58,0.57,2,0
swsh4-133,Taillow,Vivid Voltage,modern,Common,60.0,1,1,20,0.1988508587451652,0.04761904761904767,4.295687885010267,0.21,0.22,0,2
swsh4-134,Swellow,Vivid Voltage,modern,Uncommon,90.0,0,2,40,0.1397619423751587,0.0714285714285714,4.295687885010267,0.14,0.15,0,1
swsh4-135,Whismur,Vivid Voltage,modern,Common,60.0,1,1,40,0.1397619423751587,0.15384615384615374,4.295687885010267,0.13,0.15,0,2
swsh4-136,Loudred,Vivid Voltage,modern,Uncommon,100.0,2,2,50,0.13102826240640408,0.0,4.295687885010267,0.14,0.14,0,1
swsh4-137,Exploud,Vivid Voltage,modern,Rare,160.0,3,2,120,0.1988508587451652,-0.08333333333333326,4.295687885010267,0.24,0.22,2,0
swsh4-138,Rayquaza,Vivid Voltage,modern,Amazing Rare,120.0,2,1,80,2.1150499691472033,0.05499276410998544,4.295687885010267,6.91,7.29,0,2
swsh4-139,Chatot,Vivid Voltage,modern,Common,70.0,1,2,20,0.13102826240640408,0.0769230769230771,4.295687885010267,0.13,0.14,0,1
swsh4-140,Togekiss V,Vivid Voltage,modern,Rare Holo V,200.0,1,2,130,0.4510756193602166,-0.06557377049180335,4.295687885010267,0.61,0.57,2,0
swsh4-141,Togekiss VMAX,Vivid Voltage,modern,Rare Holo VMAX,310.0,0,1,120,0.9477893989335261,0.14492753623188426,4.295687885010267,1.38,1.58,2,0
swsh4-142,Tornadus,Vivid Voltage,modern,Rare Holo,120.0,1,2,120,0.2151113796169455,0.0,4.295687885010267,0.24,0.24,0,1
swsh4-143,Pikipek,Vivid Voltage,modern,Common,60.0,1,1,10,0.16551443847757338,0.0,4.295687885010267,0.18,0.18,0,2
swsh4-144,Trumbeak,Vivid Voltage,modern,Uncommon,80.0,1,1,50,0.1397619423751587,0.0,4.295687885010267,0.15,0.15,0,2
swsh4-145,Toucannon,Vivid Voltage,modern,Rare,150.0,2,2,160,0.2776317365982795,0.032258064516129004,4.295687885010267,0.31,0.32,2,0
swsh4-166,Orbeetle V,Vivid Voltage,modern,Rare Ultra,180.0,1,2,50,1.0224509277025458,0.028901734104046284,4.295687885010267,1.73,1.78,0,0
swsh4-167,Zarude V,Vivid Voltage,modern,Rare Ultra,210.0,1,2,100,1.2864740258376797,-0.011320754716981019,4.295687885010267,2.65,2.62,2,0
swsh4-168,Talonflame V,Vivid Voltage,modern,Rare Ultra,190.0,0,2,160,1.199964782928397,0.12077294685990347,4.295687885010267,2.07,2.32,2,1
swsh4-169,Galarian Darmanitan V,Vivid Voltage,modern,Rare Ultra,220.0,2,2,190,0.8544153281560676,-0.021739130434782483,4.295687885010267,1.38,1.35,2,0
swsh4-170,Pikachu V,Vivid Voltage,modern,Rare Ultra,190.0,1,2,200,2.731115474033206,-0.03755868544600938,4.295687885010267,14.91,14.35,2,0
swsh4-171,Ampharos V,Vivid Voltage,modern,Rare Ultra,210.0,3,2,120,1.4929040961781488,0.011730205278592365,4.295687885010267,3.41,3.45,2,0
swsh4-172,Alakazam V,Vivid Voltage,modern,Rare Ultra,190.0,1,2,30,1.095273387402595,0.010152284263959421,4.295687885010267,1.97,1.99,0,0
swsh4-173,Coalossal V,Vivid Voltage,modern,Rare Ultra,220.0,4,2,180,1.1249295969854831,0.13661202185792343,4.295687885010267,1.83,2.08,2,0
swsh4-174,Galarian Sirfetch'd V,Vivid Voltage,modern,Rare Ultra,210.0,2,1,200,0.8285518175661483,-0.007692307692307665,4.295687885010267,1.3,1.29,2,0
swsh4-175,Drapion V,Vivid Voltage,modern,Rare Ultra,210.0,3,2,130,0.8796267475025635,-0.007042253521126751,4.295687885010267,1.42,1.41,2,0
swsh4-176,Steelix V,Vivid Voltage,modern,Rare Ultra,250.0,4,2,210,1.366091653802371,0.05035971223021596,4.295687885010267,2.78,2.92,2,0
swsh4-177,Aegislash V,Vivid Voltage,modern,Rare Ultra,210.0,3,2,130,1.1118575154181303,0.07936507936507953,4.295687885010267,1.89,2.04,2,0
swsh4-178,Togekiss V,Vivid Voltage,modern,Rare Ultra,200.0,1,2,130,1.2809338454620642,0.14035087719298267,4.295687885010267,2.28,2.6,2,0
swsh4-186,Orbeetle VMAX,Vivid Voltage,modern,Rare Rainbow,310.0,1,1,50,1.916922612182061,0.07606679035250474,4.295687885010267,5.39,5.8,2,0
swsh4-187,Galarian Darmanitan VMAX,Vivid Voltage,modern,Rare Rainbow,320.0,3,1,200,1.890095369948917,0.019963702359346636,4.295687885010267,5.51,5.62,2,0
swsh4-188,Pikachu VMAX,Vivid Voltage,modern,Rare Rainbow,310.0,2,1,120,5.126282717622217,0.03679157633942398,4.295687885010267,161.45,167.39,2,0
swsh4-189,Coalossal VMAX,Vivid Voltage,modern,Rare Rainbow,330.0,4,2,240,1.9401794743463283,0.04378283712784592,4.295687885010267,5.71,5.96,2,0
swsh4-190,Aegislash VMAX,Vivid Voltage,modern,Rare Rainbow,320.0,3,1,160,2.1724764076470255,0.011703511053315907,4.295687885010267,7.69,7.78,2,0
swsh4-191,Togekiss VMAX,Vivid Voltage,modern,Rare Rainbow,310.0,0,1,120,2.281361456542419,0.04767580452920117,4.295687885010267,8.39,8.79,2,0
swsh4-198,Galarian Obstagoon,Vivid Voltage,modern,Rare Secret,160.0,2,1,90,1.8468787684491346,0.08097165991902822,4.295687885010267,4.94,5.34,2,0
swsh4-199,Oranguru,Vivid Voltage,modern,Rare Secret,120.0,2,1,70,1.6582280766035324,0.051980198019802026,4.295687885010267,4.04,4.25,0,2
swsh45-1,Yanma,Shining Fates,modern,Common,80.0,1,2,30,0.13102826240640408,0.0769230769230771,4.027378507871321,0.13,0.14,0,1
swsh45-2,Yanmega,Shining Fates,modern,Rare,120.0,0,2,120,0.17395330712343804,0.0,4.027378507871321,0.19,0.19,0,1
swsh45-3,Celebi,Shining Fates,modern,Rare,70.0,1,1,40,0.22314355131420976,-0.07407407407407418,4.027378507871321,0.27,0.25,0,2
swsh45-4,Cacnea,Shining Fates,modern,Common,70.0,2,1,50,0.09531017980432487,0.11111111111111116,4.027378507871321,0.09,0.1,0,2
swsh45-5,Tropius,Shining Fates,modern,Uncommon,110.0,1,2,30,0.09531017980432487,-0.2857142857142857,4.027378507871321,0.14,0.1,0,1
swsh45-6,Rowlet,Shining Fates,modern,Common,50.0,1,1,0,0.1397619423751587,0.0,4.027378507871321,0.15,0.15,0,2
swsh45-7,Dartrix,Shining Fates,modern,Uncommon,80.0,1,1,40,0.1397619423751587,-0.0625,4.027378507871321,0.16,0.15,0,2
swsh45-8,Decidueye,Shining Fates,modern,Rare Holo,140.0,2,1,90,0.18232155679395465,0.0,4.027378507871321,0.2,0.2,0,0
swsh45-9,Dhelmise V,Shining Fates,modern,Rare Holo V,220.0,2,2,200,0.3852624007906449,-0.12962962962962976,4.027378507871321,0.54,0.47,2,0
swsh45-10,Dhelmise VMAX,Shining Fates,modern,Rare Holo VMAX,330.0,3,2,240,0.7466879474879752,-0.13953488372093015,4.027378507871321,1.29,1.11,2,0
swsh45-11,Grookey,Shining Fates,modern,Common,60.0,1,1,10,0.13102826240640408,0.0,4.027378507871321,0.14,0.14,0,2
swsh45-12,Thwackey,Shining Fates,modern,Uncommon,90.0,2,1,20,0.1397619423751587,-0.16666666666666663,4.027378507871321,0.18,0.15,0,2
swsh45-13,Rillaboom,Shining Fates,modern,Rare Holo,170.0,3,1,140,0.19062035960864973,0.04999999999999982,4.027378507871321,0.2,0.21,2,0
swsh45-14,Gossifleur,Shining Fates,modern,Common,60.0,1,1,10,0.10436001532424277,0.0,4.027378507871321,0.11,0.11,0,2
swsh45-15,Eldegoss,Shining Fates,modern,Uncommon,90.0,1,2,50,0.12221763272424921,0.08333333333333348,4.027378507871321,0.12,0.13,0,1
swsh45-16,Zarude,Shining Fates,modern,Rare,120.0,2,2,110,0.15700374880966478,0.0,4.027378507871321,0.17,0.17,0,1
swsh45-17,Reshiram,Shining Fates,modern,Amazing Rare,120.0,3,1,270,0.7178397931503169,0.01941747572815533,4.027378507871321,1.03,1.05,2,0
swsh45-18,Cinderace V,Shining Fates,modern,Rare Holo V,210.0,2,1,140,0.4762341789963716,0.016666666666666607,4.027378507871321,0.6,0.61,2,0
swsh45-19,Cinderace VMAX,Shining Fates,modern,Rare Holo VMAX,320.0,2,2,170,1.0043016091968684,0.14569536423841067,4.027378507871321,1.51,1.73,2,0
swsh45-20,Horsea,Shining Fates,modern,Common,40.0,0,1,10,0.1397619423751587,0.0714285714285714,4.027378507871321,0.14,0.15,0,2
swsh45-21,Kyogre,Shining Fates,modern,Amazing Rare,120.0,3,1,0,0.7030975114131134,0.00990099009900991,4.027378507871321,1.01,1.02,0,2
swsh45-22,Buizel,Shining Fates,modern,Common,70.0,1,1,20,0.16551443847757338,0.0,4.027378507871321,0.18,0.18,0,2
swsh45-23,Floatzel,Shining Fates,modern,Uncommon,110.0,1,1,50,0.12221763272424921,0.0,4.027378507871321,0.13,0.13,0,2
swsh45-24,Manaphy,Shining Fates,modern,Rare,70.0,1,1,30,0.27002713721306015,0.03333333333333344,4.027378507871321,0.3,0.31,0,2
swsh45-25,Volcanion,Shining Fates,modern,Rare,130.0,3,2,120,0.13102826240640408,0.0,4.027378507871321,0.14,0.14,2,0
swsh45-26,Chewtle,Shining Fates,modern,Common,80.0,2,2,30,0.12221763272424921,0.0,4.027378507871321,0.13,0.13,0,1
swsh45-27,Drednaw,Shining Fates,modern,Rare,140.0,3,1,130,0.18232155679395465,0.05263157894736836,4.027378507871321,0.19,0.2,2,0
swsh45-28,Cramorant,Shining Fates,modern,Uncommon,90.0,1,1,0,0.13102826240640408,0.0,4.027378507871321,0.14,0.14,0,2
swsh45-29,Snom,Shining Fates,modern,Common,50.0,2,1,0,0.16551443847757338,-0.21739130434782616,4.027378507871321,0.23,0.18,0,2
swsh45-30,Frosmoth,Shining Fates,modern,Rare Holo,90.0,2,1,30,0.1988508587451652,0.04761904761904767,4.027378507871321,0.21,0.22,0,2
swsh45-31,Shinx,Shining Fates,modern,Common,60.0,1,1,10,0.12221763272424921,0.0,4.027378507871321,0.13,0.13,0,2
swsh45-32,Luxio,Shining Fates,modern,Uncommon,90.0,1,1,30,0.18232155679395465,0.05263157894736836,4.027378507871321,0.19,0.2,0,2
swsh45-33,Luxray,Shining Fates,modern,Rare Holo,160.0,1,2,120,0.18232155679395465,0.0,4.027378507871321,0.2,0.2,0,1
swsh45-34,Rotom,Shining Fates,modern,Uncommon,80.0,1,1,30,0.12221763272424921,-0.07142857142857151,4.027378507871321,0.14,0.13,0,2
swsh45-35,Morpeko,Shining Fates,modern,Common,80.0,1,2,40,0.17395330712343804,0.11764705882352944,4.027378507871321,0.17,0.19,0,1
swsh45-36,Morpeko,Shining Fates,modern,Common,80.0,1,2,40,0.1484200051182733,0.0,4.027378507871321,0.16,0.16,0,1
swsh45-37,Morpeko V,Shining Fates,modern,Rare Holo V,170.0,2,2,150,0.4824261492442927,0.08771929824561409,4.027378507871321,0.57,0.62,2,0
swsh45-38,Morpeko VMAX,Shining Fates,modern,Rare Holo VMAX,300.0,1,1,180,0.9969486348916096,0.08917197452229297,4.027378507871321,1.57,1.71,2,0
swsh45-39,Indeedee V,Shining Fates,modern,Rare Holo V,180.0,2,1,10,0.3987761199573678,-0.07547169811320764,4.027378507871321,0.53,0.49,0,2
swsh45-40,Trapinch,Shining Fates,modern,Common,60.0,1,1,10,0.12221763272424921,0.0,4.027378507871321,0.13,0.13,0,2
swsh45-41,Koffing,Shining Fates,modern,Common,60.0,1,1,0,0.12221763272424921,-0.07142857142857151,4.027378507871321,0.14,0.13,0,2
swsh45-42,Galarian Weezing,Shining Fates,modern,Rare Holo,130.0,3,1,0,0.2151113796169455,-0.07692307692307698,4.027378507871321,0.26,0.24,0,2
swsh45-43,Spinarak,Shining Fates,modern,Common,60.0,1,2,20,0.09531017980432487,-0.09090909090909083,4.027378507871321,0.11,0.1,0,1
swsh45-44,Crobat V,Shining Fates,modern,Rare Holo V,180.0,1,1,70,0.4637340162321401,0.0,4.027378507871321,0.59,0.59,0,2
swsh45-45,Crobat VMAX,Shining Fates,modern,Rare Holo VMAX,300.0,1,2,180,0.9082585601768908,0.034965034965035,4.027378507871321,1.43,1.48,2,0
swsh45-46,Yveltal,Shining Fates,modern,Amazing Rare,110.0,2,1,0,0.5933268452777344,0.09459459459459474,4.027378507871321,0.74,0.81,0,2
swsh45-47,Nickit,Shining Fates,modern,Common,70.0,1,1,0,0.13102826240640408,0.0769230769230771,4.027378507871321,0.13,0.14,0,2
swsh45-48,Thievul,Shining Fates,modern,Rare Holo,100.0,1,2,80,0.1484200051182733,0.0,4.027378507871321,0.16,0.16,0,1
swsh45-49,Cufant,Shining Fates,modern,Common,100.0,3,1,60,0.1484200051182733,0.06666666666666665,4.027378507871321,0.15,0.16,0,2
swsh45-50,Ditto V,Shining Fates,modern,Rare Holo V,170.0,2,1,0,0.6097655716208943,0.09090909090909083,4.027378507871321,0.77,0.84,0,0
swsh45-51,Ditto VMAX,Shining Fates,modern,Rare Holo VMAX,320.0,3,1,0,1.252762968495368,0.11607142857142838,4.027378507871321,2.24,2.5,2,0
swsh45-52,Eevee,Shining Fates,modern,Common,60.0,1,2,30,0.3220834991691133,0.26666666666666683,4.027378507871321,0.3,0.38,0,1
swsh45-53,Greedent V,Shining Fates,modern,Rare Holo V,200.0,2,2,180,0.41871033485818504,-0.03703703703703709,4.027378507871321,0.54,0.52,2,0
swsh45-54,Cramorant V,Shining Fates,modern,Rare Holo V,200.0,1,2,0,0.37156355643248307,0.0,4.027378507871321,0.45,0.45,0,0
swsh45-55,Cramorant VMAX,Shining Fates,modern,Rare Holo VMAX,320.0,2,1,80,0.7514160886839212,-0.04273504273504258,4.027378507871321,1.17,1.12,2,0
swsh45-56,Indeedee,Shining Fates,modern,Rare Holo,100.0,1,2,20,0.15700374880966478,0.0,4.027378507871321,0.17,0.17,0,1
swsh45-64,Alcremie V,Shining Fates,modern,Rare Ultra,170.0,2,2,100,1.2178757094949273,-0.1707317073170732,4.027378507871321,2.87,2.38,2,0
swsh45-73,Alcremie VMAX,Shining Fates,modern,Rare Rainbow,310.0,3,2,60,1.6467336971777973,-0.060538116591928204,4.027378507871321,4.46,4.19,2,0
swsh45sv-SV001,Rowlet,Shining Fates Shiny Vault,modern,Rare Shiny,50.0,1,1,0,1.000631880307906,0.15436241610738244,4.027378507871321,1.49,1.72,0,2
swsh45sv-SV002,Dartrix,Shining Fates Shiny Vault,modern,Rare Shiny,80.0,1,1,40,1.308332819650179,0.11111111111111116,4.027378507871321,2.43,2.7,0,2
swsh45sv-SV003,Decidueye,Shining Fates Shiny Vault,modern,Rare Shiny,140.0,2,1,90,1.6601310267496185,-0.1530815109343937,4.027378507871321,5.03,4.26,0,0
swsh45sv-SV004,Grookey,Shining Fates Shiny Vault,modern,Rare Shiny,60.0,1,1,10,0.8878912573524571,0.10852713178294571,4.027378507871321,1.29,1.43,0,2
swsh45sv-SV005,Thwackey,Shining Fates Shiny Vault,modern,Rare Shiny,90.0,2,1,20,1.252762968495368,0.008064516129032251,4.027378507871321,2.48,2.5,0,2
swsh45sv-SV006,Rillaboom,Shining Fates Shiny Vault,modern,Rare Shiny,170.0,3,1,140,1.2237754316221157,0.03896103896103886,4.027378507871321,2.31,2.4,2,0
swsh45sv-SV007,Blipbug,Shining Fates Shiny Vault,modern,Rare Shiny,50.0,1,1,20,0.8197798314933114,0.0,4.027378507871321,1.27,1.27,0,2
swsh45sv-SV008,Dottler,Shining Fates Shiny Vault,modern,Rare Shiny,70.0,2,2,30,0.8020015854720274,0.025000000000000133,4.027378507871321,1.2,1.23,0,1
swsh45sv-SV009,Orbeetle,Shining Fates Shiny Vault,modern,Rare Shiny,130.0,1,1,90,0.9360933591703349,-0.01273885350318471,4.027378507871321,1.57,1.55,0,2
swsh45sv-SV010,Gossifleur,Shining Fates Shiny Vault,modern,Rare Shiny,50.0,1,2,10,0.883767540168595,-0.046979865771812124,4.027378507871321,1.49,1.42,0,1
swsh45sv-SV011,Eldegoss,Shining Fates Shiny Vault,modern,Rare Shiny,80.0,1,2,30,0.8960880245566356,0.021126760563380254,4.027378507871321,1.42,1.45,0,1
swsh45sv-SV012,Applin,Shining Fates Shiny Vault,modern,Rare Shiny,40.0,1,1,0,1.6114359150967734,0.10468319559228645,4.027378507871321,3.63,4.01,0,2
swsh45sv-SV013,Flapple,Shining Fates Shiny Vault,modern,Rare Shiny,80.0,1,1,60,1.2556160374777743,-0.23241590214067287,4.027378507871321,3.27,2.51,0,2
swsh45sv-SV014,Appletun,Shining Fates Shiny Vault,modern,Rare Shiny,90.0,3,1,70,1.4060969884160703,-0.022222222222222143,4.027378507871321,3.15,3.08,0,2
swsh45sv-SV015,Scorbunny,Shining Fates Shiny Vault,modern,Rare Shiny,60.0,1,1,30,0.9631743177730056,-0.07428571428571418,4.027378507871321,1.75,1.62,0,2
swsh45sv-SV016,Raboot,Shining Fates Shiny Vault,modern,Rare Shiny,90.0,1,2,70,1.62924053973028,-0.11827956989247324,4.027378507871321,4.65,4.1,0,1
swsh45sv-SV017,Cinderace,Shining Fates Shiny Vault,modern,Rare Shiny,170.0,1,1,190,1.7595805708638197,0.05021834061135366,4.027378507871321,4.58,4.81,2,0
swsh45sv-SV018,Sizzlipede,Shining Fates Shiny Vault,modern,Rare Shiny,70.0,1,2,50,0.9669838461896731,0.006172839506172645,4.027378507871321,1.62,1.63,0,1
swsh45sv-SV019,Centiskorch,Shining Fates Shiny Vault,modern,Rare Shiny,130.0,3,2,110,1.000631880307906,0.07499999999999996,4.027378507871321,1.6,1.72,2,0
swsh45sv-SV020,Galarian Mr. Mime,Shining Fates Shiny Vault,modern,Rare Shiny,80.0,1,2,30,0.8960880245566356,0.10687022900763354,4.027378507871321,1.31,1.45,0,1
swsh45sv-SV021,Galarian Mr. Rime,Shining Fates Shiny Vault,modern,Rare Shiny,120.0,2,1,20,0.5877866649021191,-0.05882352941176461,4.027378507871321,0.85,0.8,0,2
swsh45sv-SV022,Suicune,Shining Fates Shiny Vault,modern,Rare Shiny,120.0,1,2,130,2.3646204839134985,-0.0272452068617558,4.027378507871321,9.91,9.64,2,1
swsh45sv-SV023,Galarian Darumaka,Shining Fates Shiny Vault,modern,Rare Shiny,80.0,2,1,30,0.9162907318741551,0.0869565217391306,4.027378507871321,1.38,1.5,0,2
swsh45sv-SV024,Galarian Darmanitan,Shining Fates Shiny Vault,modern,Rare Shiny,140.0,3,2,170,0.8501509293696101,-0.007407407407407418,4.027378507871321,1.35,1.34,2,0
swsh45sv-SV025,Sobble,Shining Fates Shiny Vault,modern,Rare Shiny,60.0,1,1,20,0.8064758658669484,-0.03875968992248069,4.027378507871321,1.29,1.24,0,2
swsh45sv-SV026,Drizzile,Shining Fates Shiny Vault,modern,Rare Shiny,90.0,1,1,30,1.501852701754163,0.00867052023121384,4.027378507871321,3.46,3.49,0,2
swsh45sv-SV027,Inteleon,Shining Fates Shiny Vault,modern,Rare Shiny,160.0,1,1,120,1.6094379124341003,0.0,4.027378507871321,4.0,4.0,0,0
swsh45sv-SV028,Chewtle,Shining Fates Shiny Vault,modern,Rare Shiny,80.0,2,2,50,0.883767540168595,-0.03401360544217691,4.027378507871321,1.47,1.42,0,1
swsh45sv-SV029,Drednaw,Shining Fates Shiny Vault,modern,Rare Shiny,130.0,3,2,130,0.883767540168595,0.0,4.027378507871321,1.42,1.42,2,0
swsh45sv-SV030,Cramorant,Shining Fates Shiny Vault,modern,Rare Shiny,110.0,1,2,50,0.5766133643039938,-0.025000000000000022,4.027378507871321,0.8,0.78,0,1
swsh45sv-SV031,Arrokuda,Shining Fates Shiny Vault,modern,Rare Shiny,60.0,1,1,20,0.8501509293696101,0.030769230769230882,4.027378507871321,1.3,1.34,0,2
swsh45sv-SV032,Barraskewda,Shining Fates Shiny Vault,modern,Rare Shiny,120.0,1,2,130,0.7654678421395714,-0.025423728813559365,4.027378507871321,1.18,1.15,0,1
swsh45sv-SV033,Snom,Shining Fates Shiny Vault,modern,Rare Shiny,50.0,2,1,0,0.9631743177730056,-0.018181818181818077,4.027378507871321,1.65,1.62,0,2
swsh45sv-SV034,Frosmoth,Shining Fates Shiny Vault,modern,Rare Shiny,90.0,2,1,30,1.3454723665996355,-0.020689655172413834,4.027378507871321,2.9,2.84,0,2
swsh45sv-SV035,Eiscue,Shining Fates Shiny Vault,modern,Rare Shiny,120.0,2,1,70,1.169381359556317,-0.0512820512820511,4.027378507871321,2.34,2.22,0,2
swsh45sv-SV036,Dracovish,Shining Fates Shiny Vault,modern,Rare Shiny,150.0,3,1,120,1.0818051703517284,-0.07582938388625593,4.027378507871321,2.11,1.95,2,0
swsh45sv-SV037,Arctovish,Shining Fates Shiny Vault,modern,Rare Shiny,150.0,2,2,130,0.9122827104766162,-0.08588957055214719,4.027378507871321,1.63,1.49,2,0
swsh45sv-SV038,Rotom,Shining Fates Shiny Vault,modern,Rare Shiny,80.0,1,1,30,1.2267122912954254,-0.04365079365079361,4.027378507871321,2.52,2.41,0,2
swsh45sv-SV039,Yamper,Shining Fates Shiny Vault,modern,Rare Shiny,70.0,1,2,10,1.8484548129046001,0.10766045548654235,4.027378507871321,4.83,5.35,0,1
swsh45sv-SV040,Boltund,Shining Fates Shiny Vault,modern,Rare Shiny,130.0,1,2,90,0.8628899551470398,-0.08053691275167774,4.027378507871321,1.49,1.37,0,1
swsh45sv-SV041,Toxel,Shining Fates Shiny Vault,modern,Rare Shiny,70.0,2,2,20,1.275362800412609,0.06611570247933884,4.027378507871321,2.42,2.58,0,1
swsh45sv-SV042,Toxtricity,Shining Fates Shiny Vault,modern,Rare Shiny,120.0,2,2,160,0.5877866649021191,-0.036144578313252906,4.027378507871321,0.83,0.8,2,0
swsh45sv-SV043,Pincurchin,Shining Fates Shiny Vault,modern,Rare Shiny,80.0,2,1,30,0.7654678421395714,0.0,4.027378507871321,1.15,1.15,0,2
swsh45sv-SV044,Morpeko,Shining Fates Shiny Vault,modern,Rare Shiny,80.0,1,2,50,1.506297153514587,0.014450867052023142,4.027378507871321,3.46,3.51,0,1
swsh45sv-SV045,Dracozolt,Shining Fates Shiny Vault,modern,Rare Shiny,160.0,4,2,200,0.9516578757114464,0.0,4.027378507871321,1.59,1.59,2,0
swsh45sv-SV046,Arctozolt,Shining Fates Shiny Vault,modern,Rare Shiny,130.0,2,1,70,1.1817271953786161,0.041474654377880116,4.027378507871321,2.17,2.26,0,2
swsh45sv-SV047,Galarian Ponyta,Shining Fates Shiny Vault,modern,Rare Shiny,70.0,1,1,10,1.925707441737794,-0.00340136054421758,4.027378507871321,5.88,5.86,0,2
swsh45sv-SV048,Galarian Rapidash,Shining Fates Shiny Vault,modern,Rare Shiny,100.0,1,1,30,1.814824742159051,-0.09982486865148865,4.027378507871321,5.71,5.14,0,2
swsh45sv-SV049,Galarian Corsola,Shining Fates Shiny Vault,modern,Rare Shiny,80.0,2,1,0,1.007957920399979,0.054545454545454675,4.027378507871321,1.65,1.74,0,2
swsh45sv-SV050,Galarian Cursola,Shining Fates Shiny Vault,modern,Rare Shiny,100.0,2,1,60,0.9202827531436926,0.0,4.027378507871321,1.51,1.51,0,2
swsh45sv-SV051,Dedenne,Shining Fates Shiny Vault,modern,Rare Shiny,70.0,1,1,20,0.7747271675523681,0.026315789473684292,4.027378507871321,1.14,1.17,0,2
swsh45sv-SV052,Sinistea,Shining Fates Shiny Vault,modern,Rare Shiny,30.0,1,1,0,1.0681530811834012,0.026881720430107503,4.027378507871321,1.86,1.91,0,2
swsh45sv-SV053,Polteageist,Shining Fates Shiny Vault,modern,Rare Shiny,60.0,1,1,20,0.5653138090500605,-0.06172839506172845,4.027378507871321,0.81,0.76,0,2
swsh45sv-SV054,Hatenna,Shining Fates Shiny Vault,modern,Rare Shiny,60.0,1,2,20,1.0647107369924282,0.016042780748662944,4.027378507871321,1.87,1.9,0,1
swsh45sv-SV055,Hattrem,Shining Fates Shiny Vault,modern,Rare Shiny,80.0,1,2,30,1.1019400787607843,-0.09865470852017943,4.027378507871321,2.23,2.01,0,1
swsh45sv-SV056,Hatterene,Shining Fates Shiny Vault,modern,Rare Shiny,150.0,2,1,0,1.0784095813505903,-0.010204081632653073,4.027378507871321,1.96,1.94,0,2
swsh45sv-SV057,Milcery,Shining Fates Shiny Vault,modern,Rare Shiny,50.0,1,2,20,1.1662709371419244,0.0,4.027378507871321,2.21,2.21,0,1
swsh45sv-SV058,Alcremie,Shining Fates Shiny Vault,modern,Rare Shiny,110.0,1,2,50,1.1817271953786161,-0.030042918454935785,4.027378507871321,2.33,2.26,0,1
swsh45sv-SV059,Indeedee,Shining Fates Shiny Vault,modern,Rare Shiny,100.0,1,2,30,0.832909122935104,-0.022556390977443663,4.027378507871321,1.33,1.3,0,1
swsh45sv-SV060,Dreepy,Shining Fates Shiny Vault,modern,Rare Shiny,60.0,1,1,10,1.4929040961781488,0.03915662650602414,4.027378507871321,3.32,3.45,0,2
swsh45sv-SV061,Drakloak,Shining Fates Shiny Vault,modern,Rare Shiny,90.0,1,2,40,1.4350845252893227,-0.0778097982708934,4.027378507871321,3.47,3.2,0,1
swsh45sv-SV062,Dragapult,Shining Fates Shiny Vault,modern,Rare Shiny,150.0,0,1,120,0.9477893989335261,0.03947368421052633,4.027378507871321,1.52,1.58,0,2
swsh45sv-SV063,Galarian Farfetch'd,Shining Fates Shiny Vault,modern,Rare Shiny,80.0,1,2,30,1.0116009116784799,0.02941176470588247,4.027378507871321,1.7,1.75,0,1
swsh45sv-SV064,Galarian Sirfetch'd,Shining Fates Shiny Vault,modern,Rare Shiny,130.0,2,2,180,0.5306282510621704,-0.11392405063291144,4.027378507871321,0.79,0.7,2,0
swsh45sv-SV065,Galarian Yamask,Shining Fates Shiny Vault,modern,Rare Shiny,70.0,2,1,50,0.8712933659434193,0.0692307692307692,4.027378507871321,1.3,1.39,0,2
swsh45sv-SV066,Galarian Runerigus,Shining Fates Shiny Vault,modern,Rare Shiny,100.0,2,2,120,0.9555114450274363,-0.018404907975460016,4.027378507871321,1.63,1.6,2,0
swsh45sv-SV067,Rolycoly,Shining Fates Shiny Vault,modern,Rare Shiny,70.0,2,1,10,0.7884573603642702,-0.055118110236220486,4.027378507871321,1.27,1.2,0,2
swsh45sv-SV068,Carkol,Shining Fates Shiny Vault,modern,Rare Shiny,100.0,3,2,60,0.8415671856782186,-0.02941176470588236,4.027378507871321,1.36,1.32,0,1
swsh45sv-SV069,Coalossal,Shining Fates Shiny Vault,modern,Rare Shiny,160.0,4,1,130,0.9042181506398859,0.02083333333333326,4.027378507871321,1.44,1.47,2,0
swsh45sv-SV070,Silicobra,Shining Fates Shiny Vault,modern,Rare Shiny,80.0,2,1,0,0.7793248768009976,-0.07086614173228356,4.027378507871321,1.27,1.18,0,2
swsh45sv-SV071,Sandaconda,Shining Fates Shiny Vault,modern,Rare Shiny,140.0,2,2,100,0.8501509293696101,0.08943089430894324,4.027378507871321,1.23,1.34,2,1
swsh45sv-SV072,Clobbopus,Shining Fates Shiny Vault,modern,Rare Shiny,60.0,2,1,20,0.8671004876833833,-0.06756756756756765,4.027378507871321,1.48,1.38,0,2
swsh45sv-SV073,Grapploct,Shining Fates Shiny Vault,modern,Rare Shiny,130.0,2,2,130,0.9122827104766162,0.020547945205479534,4.027378507871321,1.46,1.49,2,0
swsh45sv-SV074,Falinks,Shining Fates Shiny Vault,modern,Rare Shiny,90.0,1,2,30,0.5364933705145685,-0.06578947368421062,4.027378507871321,0.76,0.71,0,1
swsh45sv-SV075,Stonjourner,Shining Fates Shiny Vault,modern,Rare Shiny,140.0,4,2,120,0.7227059828014898,-0.0535714285714286,4.027378507871321,1.12,1.06,2,0
swsh45sv-SV076,Koffing,Shining Fates Shiny Vault,modern,Rare Shiny,60.0,1,1,0,1.7263316639055997,0.026666666666666616,4.027378507871321,4.5,4.62,0,2
swsh45sv-SV077,Galarian Weezing,Shining Fates Shiny Vault,modern,Rare Shiny,130.0,3,1,0,1.423108334242607,0.11307420494699638,4.027378507871321,2.83,3.15,0,2
swsh45sv-SV078,Galarian Zigzagoon,Shining Fates Shiny Vault,modern,Rare Shiny,70.0,1,1,30,0.7793248768009976,-0.07086614173228356,4.027378507871321,1.27,1.18,0,2
swsh45sv-SV079,Galarian Linoone,Shining Fates Shiny Vault,modern,Rare Shiny,100.0,2,2,70,0.9969486348916096,-0.03389830508474578,4.027378507871321,1.77,1.71,0,1
swsh45sv-SV080,Galarian Obstagoon,Shining Fates Shiny Vault,modern,Rare Shiny,160.0,2,1,90,1.1631508098056809,0.037735849056603765,4.027378507871321,2.12,2.2,0,0
swsh45sv-SV081,Nickit,Shining Fates Shiny Vault,modern,Rare Shiny,70.0,1,1,0,0.9360933591703349,-0.0064102564102563875,4.027378507871321,1.56,1.55,0,2
swsh45sv-SV082,Thievul,Shining Fates Shiny Vault,modern,Rare Shiny,100.0,1,2,90,0.959350221334602,-0.047337278106508784,4.027378507871321,1.69,1.61,0,1
swsh45sv-SV083,Impidimp,Shining Fates Shiny Vault,modern,Rare Shiny,70.0,1,2,20,0.9783261227936076,-0.0292397660818714,4.027378507871321,1.71,1.66,0,1
swsh45sv-SV084,Morgrem,Shining Fates Shiny Vault,modern,Rare Shiny,90.0,2,2,60,0.959350221334602,0.018987341772152,4.027378507871321,1.58,1.61,0,1
swsh45sv-SV085,Grimmsnarl,Shining Fates Shiny Vault,modern,Rare Shiny,170.0,3,1,100,1.1052568313867783,-0.04265402843601884,4.027378507871321,2.11,2.02,2,0
swsh45sv-SV086,Galarian Meowth,Shining Fates Shiny Vault,modern,Rare Shiny,60.0,2,1,20,1.2119409739751128,-0.01666666666666672,4.027378507871321,2.4,2.36,0,2
swsh45sv-SV087,Galarian Perrserker,Shining Fates Shiny Vault,modern,Rare Shiny,120.0,2,1,70,1.0986122886681098,0.13636363636363646,4.027378507871321,1.76,2.0,0,2
swsh45sv-SV088,Galarian Stunfisk,Shining Fates Shiny Vault,modern,Rare Shiny,120.0,2,1,30,0.8064758658669484,-0.03125,4.027378507871321,1.28,1.24,0,2
swsh45sv-SV089,Corviknight,Shining Fates Shiny Vault,modern,Rare Shiny,170.0,2,2,130,0.6626879730752367,-0.10476190476190483,4.027378507871321,1.05,0.94,2,0
swsh45sv-SV090,Cufant,Shining Fates Shiny Vault,modern,Rare Shiny,100.0,3,1,60,0.9783261227936076,-0.04597701149425293,4.027378507871321,1.74,1.66,0,2
swsh45sv-SV091,Copperajah,Shining Fates Shiny Vault,modern,Rare Shiny,190.0,4,1,120,0.708035793053696,-0.03738317757009346,4.027378507871321,1.07,1.03,2,0
swsh45sv-SV092,Duraludon,Shining Fates Shiny Vault,modern,Rare Shiny,130.0,2,2,110,1.2584609896100056,-0.07692307692307687,4.027378507871321,2.73,2.52,2,0
swsh45sv-SV093,Minccino,Shining Fates Shiny Vault,modern,Rare Shiny,70.0,1,2,20,1.4655675420143985,0.0741935483870968,4.027378507871321,3.1,3.33,0,1
swsh45sv-SV094,Cinccino,Shining Fates Shiny Vault,modern,Rare Shiny,90.0,1,1,40,1.4279160358107101,0.0,4.027378507871321,3.17,3.17,0,2
swsh45sv-SV095,Ducklett,Shining Fates Shiny Vault,modern,Rare Shiny,50.0,1,1,20,1.0260415958332743,-0.02717391304347827,4.027378507871321,1.84,1.79,0,2
swsh45sv-SV096,Swanna,Shining Fates Shiny Vault,modern,Rare Shiny,110.0,0,1,70,0.8458682675776092,-0.04316546762589912,4.027378507871321,1.39,1.33,0,2
swsh45sv-SV097,Bunnelby,Shining Fates Shiny Vault,modern,Rare Shiny,40.0,1,1,20,0.5068176023684519,-0.108108108108108,4.027378507871321,0.74,0.66,0,2
swsh45sv-SV098,Oranguru,Shining Fates Shiny Vault,modern,Rare Shiny,120.0,2,1,70,0.8109302162163288,-0.03100775193798455,4.027378507871321,1.29,1.25,0,2
swsh45sv-SV099,Skwovet,Shining Fates Shiny Vault,modern,Rare Shiny,70.0,1,2,20,0.8796267475025635,0.014388489208633004,4.027378507871321,1.39,1.41,0,1
swsh45sv-SV100,Greedent,Shining Fates Shiny Vault,modern,Rare Shiny,120.0,1,1,80,0.8586616190375187,-0.007299270072992692,4.027378507871321,1.37,1.36,0,2
swsh45sv-SV101,Rookidee,Shining Fates Shiny Vault,modern,Rare Shiny,60.0,1,2,30,1.0296194171811581,-0.016393442622950838,4.027378507871321,1.83,1.8,0,1
swsh45sv-SV102,Corvisquire,Shining Fates Shiny Vault,modern,Rare Shiny,80.0,1,2,50,0.9858167945227653,0.04347826086956519,4.027378507871321,1.61,1.68,0,1
swsh45sv-SV103,Wooloo,Shining Fates Shiny Vault,modern,Rare Shiny,70.0,1,1,30,0.883767540168595,0.0,4.027378507871321,1.42,1.42,0,2
swsh45sv-SV104,Dubwool,Shining Fates Shiny Vault,modern,Rare Shiny,130.0,2,2,120,0.8285518175661483,-0.007692307692307665,4.027378507871321,1.3,1.29,2,0
swsh45sv-SV105,Rillaboom V,Shining Fates Shiny Vault,modern,Rare Holo V,220.0,3,2,220,0.7275486072772778,0.08080808080808088,4.027378507871321,0.99,1.07,2,0
swsh45sv-SV106,Rillaboom VMAX,Shining Fates Shiny Vault,modern,Rare Holo VMAX,330.0,3,2,130,1.2412685890696329,0.18840579710144945,4.027378507871321,2.07,2.46,2,0
swsh45sv-SV107,Charizard VMAX,Shining Fates Shiny Vault,modern,Rare Holo VMAX,330.0,3,2,300,4.789905494005981,0.011532264902908596,4.027378507871321,117.93,119.29,2,0
swsh45sv-SV108,Centiskorch V,Shining Fates Shiny Vault,modern,Rare Holo V,210.0,3,2,180,0.6259384308664953,-0.04395604395604402,4.027378507871321,0.91,0.87,2,0
swsh45sv-SV109,Centiskorch VMAX,Shining Fates Shiny Vault,modern,Rare Holo VMAX,320.0,3,1,40,1.0296194171811581,-0.0055248618784530246,4.027378507871321,1.81,1.8,2,0
swsh45sv-SV110,Lapras V,Shining Fates Shiny Vault,modern,Rare Holo V,210.0,2,2,210,1.208960345836975,-0.03292181069958855,4.027378507871321,2.43,2.35,2,0
swsh45sv-SV111,Lapras VMAX,Shining Fates Shiny Vault,modern,Rare Holo VMAX,320.0,3,1,90,1.7681496035889213,-0.002053388090349051,4.027378507871321,4.87,4.86,2,0
swsh45sv-SV112,Toxtricity V,Shining Fates Shiny Vault,modern,Rare Holo V,210.0,2,2,90,0.8109302162163288,0.11607142857142838,4.027378507871321,1.12,1.25,2,0
swsh45sv-SV113,Toxtricity VMAX,Shining Fates Shiny Vault,modern,Rare Holo VMAX,320.0,2,1,160,1.410986973710262,-0.07738095238095233,4.027378507871321,3.36,3.1,2,0
swsh45sv-SV114,Indeedee V,Shining Fates Shiny Vault,modern,Rare Holo V,180.0,2,1,10,0.6312717768418579,0.06024096385542177,4.027378507871321,0.83,0.88,0,0
swsh45sv-SV115,Falinks V,Shining Fates Shiny Vault,modern,Rare Holo V,160.0,2,1,210,0.6312717768418579,-0.022222222222222254,4.027378507871321,0.9,0.88,2,0
swsh45sv-SV116,Grimmsnarl V,Shining Fates Shiny Vault,modern,Rare Holo V,220.0,2,2,200,0.6780335427498971,-0.03960396039603964,4.027378507871321,1.01,0.97,2,0
swsh45sv-SV117,Grimmsnarl VMAX,Shining Fates Shiny Vault,modern,Rare Holo VMAX,330.0,3,1,170,1.4883995840570443,-0.04456824512534807,4.027378507871321,3.59,3.43,2,0
swsh45sv-SV118,Ditto V,Shining Fates Shiny Vault,modern,Rare Holo V,170.0,2,1,0,1.5129270120532565,0.08923076923076922,4.027378507871321,3.25,3.54,0,0
swsh45sv-SV119,Ditto VMAX,Shining Fates Shiny Vault,modern,Rare Holo VMAX,320.0,3,1,0,2.2278615467981093,0.16619718309859155,4.027378507871321,7.1,8.28,2,0
swsh45sv-SV120,Dubwool V,Shining Fates Shiny Vault,modern,Rare Holo V,210.0,2,1,120,0.6259384308664953,-0.04395604395604402,4.027378507871321,0.91,0.87,2,0
swsh45sv-SV121,Eternatus V,Shining Fates Shiny Vault,modern,Rare Secret,220.0,2,2,120,1.556037135706985,0.07163323782234965,4.027378507871321,3.49,3.74,2,0
swsh45sv-SV122,Eternatus VMAX,Shining Fates Shiny Vault,modern,Rare Secret,340.0,3,1,30,1.864080130807681,0.058252427184465994,4.027378507871321,5.15,5.45,2,0
swsh5-1,Bellsprout,Battle Styles,modern,Common,50.0,1,1,10,0.15700374880966478,-0.05555555555555547,3.9507186858316223,0.18,0.17,0,2
swsh5-2,Weepinbell,Battle Styles,modern,Uncommon,80.0,2,1,40,0.17395330712343804,0.0,3.9507186858316223,0.19,0.19,0,2
swsh5-3,Victreebel,Battle Styles,modern,Rare,150.0,3,2,120,0.17395330712343804,-0.09523809523809523,3.9507186858316223,0.21,0.19,2,0
swsh5-4,Cacnea,Battle Styles,modern,Common,70.0,2,2,20,0.13102826240640408,0.0,3.9507186858316223,0.14,0.14,0,1
swsh5-5,Cacturne,Battle Styles,modern,Uncommon,120.0,2,2,60,0.15700374880966478,-0.05555555555555547,3.9507186858316223,0.18,0.17,0,1
swsh5-6,Kricketune V,Battle Styles,modern,Rare Holo V,180.0,1,1,80,0.412109650826833,-0.019230769230769273,3.9507186858316223,0.52,0.51,0,2
swsh5-7,Cherubi,Battle Styles,modern,Common,50.0,1,1,10,0.16551443847757338,0.0,3.9507186858316223,0.18,0.18,0,2
swsh5-8,Cherrim,Battle Styles,modern,Rare Holo,80.0,2,1,70,0.48858001481867097,-0.059701492537313494,3.9507186858316223,0.67,0.63,0,2
swsh5-9,Carnivine,Battle Styles,modern,Uncommon,110.0,2,2,60,0.1397619423751587,0.0,3.9507186858316223,0.15,0.15,0,1
swsh5-10,Durant,Battle Styles,modern,Uncommon,90.0,1,2,20,0.1484200051182733,0.0,3.9507186858316223,0.16,0.16,0,1
swsh5-11,Scatterbug,Battle Styles,modern,Common,40.0,1,1,30,0.10436001532424277,0.0,3.9507186858316223,0.11,0.11,0,2
swsh5-12,Spewpa,Battle Styles,modern,Uncommon,80.0,3,2,40,0.1397619423751587,0.0,3.9507186858316223,0.15,0.15,0,1
swsh5-13,Vivillon,Battle Styles,modern,Rare,120.0,1,2,90,0.17395330712343804,0.11764705882352944,3.9507186858316223,0.17,0.19,0,1
swsh5-14,Fomantis,Battle Styles,modern,Common,60.0,1,1,20,0.16551443847757338,0.0,3.9507186858316223,0.18,0.18,0,2
swsh5-15,Lurantis,Battle Styles,modern,Rare,120.0,2,2,70,0.20701416938432615,0.0,3.9507186858316223,0.23,0.23,0,1
swsh5-16,Tapu Bulu,Battle Styles,modern,Rare Holo,130.0,2,2,80,0.22314355131420976,0.04166666666666674,3.9507186858316223,0.24,0.25,0,1
swsh5-17,Blipbug,Battle Styles,modern,Common,50.0,1,1,10,0.12221763272424921,0.0,3.9507186858316223,0.13,0.13,0,2
swsh5-18,Flapple V,Battle Styles,modern,Rare Holo V,190.0,1,2,120,0.4700036292457356,0.11111111111111094,3.9507186858316223,0.54,0.6,2,0
swsh5-19,Flapple VMAX,Battle Styles,modern,Rare Holo VMAX,320.0,3,1,250,1.0296194171811581,0.3432835820895521,3.9507186858316223,1.34,1.8,2,0
swsh5-20,Entei,Battle Styles,modern,Rare Holo,130.0,2,2,90,0.2468600779315258,0.0,3.9507186858316223,0.28,0.28,0,1
swsh5-21,Victini V,Battle Styles,modern,Rare Holo V,190.0,1,2,120,0.5423242908253617,0.19999999999999996,3.9507186858316223,0.6,0.72,2,0
swsh5-22,Victini VMAX,Battle Styles,modern,Rare Holo VMAX,310.0,2,2,100,1.091923300517313,0.22981366459627317,3.9507186858316223,1.61,1.98,2,0
swsh5-23,Tepig,Battle Styles,modern,Common,80.0,2,2,50,0.15700374880966478,0.0,3.9507186858316223,0.17,0.17,0,1
swsh5-24,Pignite,Battle Styles,modern,Uncommon,100.0,3,2,90,0.18232155679395465,0.0,3.9507186858316223,0.2,0.2,2,1
swsh5-25,Emboar,Battle Styles,modern,Rare Holo,180.0,4,1,130,0.23111172096338664,0.0,3.9507186858316223,0.26,0.26,2,0
swsh5-26,Heatmor,Battle Styles,modern,Uncommon,120.0,2,2,70,0.13102826240640408,0.0769230769230771,3.9507186858316223,0.13,0.14,0,1
swsh5-27,Salandit,Battle Styles,modern,Common,70.0,1,1,0,0.1988508587451652,0.04761904761904767,3.9507186858316223,0.21,0.22,0,2
swsh5-28,Salazzle,Battle Styles,modern,Rare,90.0,1,2,90,0.18232155679395465,0.0,3.9507186858316223,0.2,0.2,0,1
swsh5-29,Sizzlipede,Battle Styles,modern,Common,70.0,1,1,20,0.19062035960864973,-0.045454545454545525,3.9507186858316223,0.22,0.21,0,2
swsh5-30,Centiskorch,Battle Styles,modern,Rare,130.0,2,1,130,0.16551443847757338,-0.1428571428571429,3.9507186858316223,0.21,0.18,0,0
swsh5-31,Horsea,Battle Styles,modern,Common,60.0,1,1,10,0.16551443847757338,0.0,3.9507186858316223,0.18,0.18,0,2
swsh5-32,Seadra,Battle Styles,modern,Uncommon,90.0,1,1,40,0.15700374880966478,0.0,3.9507186858316223,0.17,0.17,0,2
swsh5-33,Kingdra,Battle Styles,modern,Rare Holo,150.0,1,1,40,0.23111172096338664,0.23809523809523814,3.9507186858316223,0.21,0.26,0,2
swsh5-34,Galarian Mr. Mime,Battle Styles,modern,Common,80.0,1,2,10,0.19062035960864973,0.10526315789473673,3.9507186858316223,0.19,0.21,0,1
swsh5-35,Galarian Mr. Rime,Battle Styles,modern,Rare,110.0,2,2,80,0.16551443847757338,0.0,3.9507186858316223,0.18,0.18,0,1
swsh5-36,Remoraid,Battle Styles,modern,Common,60.0,1,2,20,0.262364264467491,0.4285714285714286,3.9507186858316223,0.21,0.3,0,1
swsh5-37,Octillery,Battle Styles,modern,Rare Holo,110.0,2,1,50,0.20701416938432615,0.0,3.9507186858316223,0.23,0.23,0,2
swsh5-38,Corphish,Battle Styles,modern,Common,70.0,2,1,30,0.15700374880966478,0.0625,3.9507186858316223,0.16,0.17,0,2
swsh5-39,Crawdaunt,Battle Styles,modern,Uncommon,130.0,3,2,140,0.1397619423751587,0.0,3.9507186858316223,0.15,0.15,2,0
swsh5-40,Empoleon V,Battle Styles,modern,Rare Holo V,210.0,2,1,130,0.4762341789963716,0.1090909090909089,3.9507186858316223,0.55,0.61,2,0
swsh5-41,Frillish,Battle Styles,modern,Common,80.0,2,2,10,0.15700374880966478,-0.05555555555555547,3.9507186858316223,0.18,0.17,0,1
swsh5-42,Jellicent,Battle Styles,modern,Rare,120.0,3,1,10,0.18232155679395465,0.0,3.9507186858316223,0.2,0.2,0,2
swsh5-43,Bruxish,Battle Styles,modern,Uncommon,110.0,1,2,110,0.1484200051182733,-0.05882352941176472,3.9507186858316223,0.17,0.16,0,1
swsh5-44,Electabuzz,Battle Styles,modern,Common,80.0,2,1,30,0.1484200051182733,0.0,3.9507186858316223,0.16,0.16,0,2
swsh5-45,Electivire,Battle Styles,modern,Rare,140.0,3,2,180,0.18232155679395465,0.05263157894736836,3.9507186858316223,0.19,0.2,2,0
swsh5-46,Shinx,Battle Styles,modern,Common,60.0,1,1,20,0.18232155679395465,0.0,3.9507186858316223,0.2,0.2,0,2
swsh5-47,Luxio,Battle Styles,modern,Uncommon,80.0,1,2,50,0.20701416938432615,0.045454545454545414,3.9507186858316223,0.22,0.23,0,1
swsh5-48,Luxray,Battle Styles,modern,Rare Holo,150.0,1,2,100,0.2151113796169455,-0.14285714285714302,3.9507186858316223,0.28,0.24,0,1
swsh5-49,Pachirisu,Battle Styles,modern,Common,70.0,1,2,30,0.2151113796169455,0.0,3.9507186858316223,0.24,0.24,0,1
swsh5-50,Tapu Koko V,Battle Styles,modern,Rare Holo V,210.0,1,2,40,0.4824261492442927,-0.08823529411764708,3.9507186858316223,0.68,0.62,0,0
swsh5-51,Tapu Koko VMAX,Battle Styles,modern,Rare Holo VMAX,320.0,1,1,180,0.9242589015233319,0.07801418439716312,3.9507186858316223,1.41,1.52,2,0
swsh5-52,Yamper,Battle Styles,modern,Common,60.0,1,1,20,0.20701416938432615,0.045454545454545414,3.9507186858316223,0.22,0.23,0,2
swsh5-53,Boltund,Battle Styles,modern,Rare,130.0,1,2,130,0.15700374880966478,-0.05555555555555547,3.9507186858316223,0.18,0.17,0,1
swsh5-54,Galarian Slowpoke,Battle Styles,modern,Common,70.0,2,1,0,0.22314355131420976,0.08695652173913038,3.9507186858316223,0.23,0.25,0,2
swsh5-55,Spoink,Battle Styles,modern,Common,60.0,1,2,30,0.18232155679395465,0.05263157894736836,3.9507186858316223,0.19,0.2,0,1
swsh5-56,Grumpig,Battle Styles,modern,Uncommon,130.0,3,2,120,0.18232155679395465,0.11111111111111116,3.9507186858316223,0.18,0.2,2,0
swsh5-57,Baltoy,Battle Styles,modern,Common,60.0,1,1,60,0.12221763272424921,0.0,3.9507186858316223,0.13,0.13,0,2
swsh5-58,Claydol,Battle Styles,modern,Rare,120.0,2,2,100,0.11332868530700317,0.09090909090909083,3.9507186858316223,0.11,0.12,0,1
swsh5-59,Chimecho,Battle Styles,modern,Common,70.0,1,2,20,0.15700374880966478,0.0625,3.9507186858316223,0.16,0.17,0,1
swsh5-60,Espurr,Battle Styles,modern,Common,60.0,1,1,20,0.1484200051182733,-0.11111111111111105,3.9507186858316223,0.18,0.16,0,2
swsh5-61,Meowstic,Battle Styles,modern,Rare Holo,90.0,1,1,50,0.262364264467491,-0.032258064516129115,3.9507186858316223,0.31,0.3,0,2
swsh5-62,Mimikyu V,Battle Styles,modern,Rare Holo V,160.0,2,1,0,0.6097655716208943,0.06329113924050622,3.9507186858316223,0.79,0.84,0,0
swsh5-63,Necrozma V,Battle Styles,modern,Rare Holo V,220.0,3,2,100,0.6678293725756554,0.07954545454545459,3.9507186858316223,0.88,0.95,2,0
swsh5-64,Dottler,Battle Styles,modern,Uncommon,70.0,2,2,20,0.12221763272424921,0.0,3.9507186858316223,0.13,0.13,0,1
swsh5-65,Orbeetle,Battle Styles,modern,Rare Holo,110.0,1,2,120,0.17395330712343804,0.0,3.9507186858316223,0.19,0.19,0,1
swsh5-66,Mankey,Battle Styles,modern,Common,60.0,1,1,50,0.1484200051182733,0.0,3.9507186858316223,0.16,0.16,0,2
swsh5-67,Primeape,Battle Styles,modern,Rare,120.0,2,2,50,0.15700374880966478,0.0,3.9507186858316223,0.17,0.17,0,1
swsh5-68,Onix,Battle Styles,modern,Common,110.0,4,2,170,0.12221763272424921,0.0,3.9507186858316223,0.13,0.13,2,0
swsh5-69,Cubone,Battle Styles,modern,Common,70.0,1,2,30,0.2151113796169455,-0.040000000000000036,3.9507186858316223,0.25,0.24,0,1
swsh5-70,Marowak,Battle Styles,modern,Rare,110.0,2,1,90,0.18232155679395465,0.0,3.9507186858316223,0.2,0.2,0,0
swsh5-71,Gligar,Battle Styles,modern,Common,70.0,1,1,30,0.1397619423751587,0.15384615384615374,3.9507186858316223,0.13,0.15,0,2
swsh5-72,Gliscor,Battle Styles,modern,Uncommon,120.0,1,2,90,0.1397619423751587,0.0714285714285714,3.9507186858316223,0.14,0.15,0,1
swsh5-73,Timburr,Battle Styles,modern,Common,80.0,2,1,20,0.13102826240640408,0.0,3.9507186858316223,0.14,0.14,0,2
swsh5-74,Gurdurr,Battle Styles,modern,Uncommon,100.0,3,2,60,0.13102826240640408,0.0,3.9507186858316223,0.14,0.14,0,1
swsh5-75,Conkeldurr,Battle Styles,modern,Rare,160.0,3,2,150,0.1397619423751587,-0.0625,3.9507186858316223,0.16,0.15,2,0
swsh5-76,Mienfoo,Battle Styles,modern,Common,60.0,1,1,30,0.13102826240640408,0.0,3.9507186858316223,0.14,0.14,0,2
swsh5-77,Mienshao,Battle Styles,modern,Rare,90.0,1,2,90,0.1397619423751587,0.0,3.9507186858316223,0.15,0.15,0,1
swsh5-78,Rolycoly,Battle Styles,modern,Common,70.0,2,1,30,0.13102826240640408,0.0,3.9507186858316223,0.14,0.14,0,2
swsh5-79,Carkol,Battle Styles,modern,Uncommon,100.0,3,2,100,0.1397619423751587,0.0,3.9507186858316223,0.15,0.15,2,1
swsh5-80,Coalossal,Battle Styles,modern,Rare Holo,180.0,4,2,200,0.22314355131420976,0.0,3.9507186858316223,0.25,0.25,2,0
swsh5-81,Silicobra,Battle Styles,modern,Common,80.0,2,2,60,0.15700374880966478,0.0625,3.9507186858316223,0.16,0.17,0,1
swsh5-82,Sandaconda,Battle Styles,modern,Rare Holo,130.0,3,2,120,0.18232155679395465,0.25,3.9507186858316223,0.16,0.2,2,1
swsh5-83,Falinks,Battle Styles,modern,Rare,110.0,2,1,20,0.1484200051182733,0.06666666666666665,3.9507186858316223,0.15,0.16,0,2
swsh5-84,Stonjourner,Battle Styles,modern,Rare,130.0,3,2,120,0.15700374880966478,-0.05555555555555547,3.9507186858316223,0.18,0.17,2,0
swsh5-85,Single Strike Urshifu V,Battle Styles,modern,Rare Holo V,220.0,2,2,180,0.4700036292457356,0.13207547169811318,3.9507186858316223,0.53,0.6,2,0
swsh5-86,Single Strike Urshifu VMAX,Battle Styles,modern,Rare Holo VMAX,330.0,3,2,270,1.0402767116551463,0.2534246575342467,3.9507186858316223,1.46,1.83,2,0
swsh5-87,Rapid Strike Urshifu V,Battle Styles,modern,Rare Holo V,220.0,2,2,150,0.4637340162321401,0.20408163265306123,3.9507186858316223,0.49,0.59,2,0
swsh5-88,Rapid Strike Urshifu VMAX,Battle Styles,modern,Rare Holo VMAX,330.0,2,2,30,0.8796267475025635,0.1015625,3.9507186858316223,1.28,1.41,2,0
swsh5-89,Zubat,Battle Styles,modern,Common,50.0,1,2,20,0.1988508587451652,-0.08333333333333326,3.9507186858316223,0.24,0.22,0,1
swsh5-90,Golbat,Battle Styles,modern,Uncommon,80.0,1,1,50,0.13102826240640408,0.0,3.9507186858316223,0.14,0.14,0,2
swsh5-91,Crobat,Battle Styles,modern,Rare Holo,130.0,0,1,100,0.262364264467491,0.034482758620689724,3.9507186858316223,0.29,0.3,0,2
swsh5-92,Galarian Slowbro,Battle Styles,modern,Rare,130.0,3,2,100,0.2468600779315258,0.0769230769230771,3.9507186858316223,0.26,0.28,2,1
swsh5-93,Murkrow,Battle Styles,modern,Common,70.0,1,2,20,0.1397619423751587,-0.0625,3.9507186858316223,0.16,0.15,0,1
swsh5-94,Honchkrow,Battle Styles,modern,Uncommon,130.0,2,1,80,0.15700374880966478,0.0,3.9507186858316223,0.17,0.17,0,0
swsh5-95,Houndour,Battle Styles,modern,Common,60.0,1,1,20,0.18232155679395465,0.0,3.9507186858316223,0.2,0.2,0,2
swsh5-96,Houndoom,Battle Styles,modern,Rare Holo,130.0,2,1,50,0.23111172096338664,0.040000000000000036,3.9507186858316223,0.25,0.26,0,2
swsh5-97,Tyranitar V,Battle Styles,modern,Rare Holo V,230.0,3,2,240,0.4700036292457356,0.0714285714285714,3.9507186858316223,0.56,0.6,2,0
swsh5-98,Morpeko,Battle Styles,modern,Uncommon,80.0,1,2,20,0.18232155679395465,0.11111111111111116,3.9507186858316223,0.18,0.2,0,1
swsh5-99,Steelix,Battle Styles,modern,Rare Holo,190.0,4,2,200,0.29266961396282,0.030303030303030276,3.9507186858316223,0.33,0.34,2,0
swsh5-100,Mawile,Battle Styles,modern,Common,90.0,1,2,100,0.16551443847757338,0.0,3.9507186858316223,0.18,0.18,0,1
swsh5-101,Bronzor,Battle Styles,modern,Common,60.0,1,1,30,0.12221763272424921,-0.1333333333333333,3.9507186858316223,0.15,0.13,0,2
swsh5-102,Bronzong,Battle Styles,modern,Rare Holo,110.0,3,1,70,0.19062035960864973,-0.08695652173913049,3.9507186858316223,0.23,0.21,0,2
swsh5-103,Pawniard,Battle Styles,modern,Common,60.0,1,2,10,0.12221763272424921,0.0,3.9507186858316223,0.13,0.13,0,1
swsh5-104,Bisharp,Battle Styles,modern,Uncommon,110.0,1,2,90,0.16551443847757338,0.0,3.9507186858316223,0.18,0.18,0,1
swsh5-105,Honedge,Battle Styles,modern,Common,60.0,2,1,10,0.17395330712343804,0.05555555555555558,3.9507186858316223,0.18,0.19,0,2
swsh5-106,Doublade,Battle Styles,modern,Uncommon,80.0,2,1,40,0.16551443847757338,0.0588235294117645,3.9507186858316223,0.17,0.18,0,2
swsh5-107,Aegislash,Battle Styles,modern,Rare Holo,150.0,3,1,210,0.2151113796169455,0.04347826086956519,3.9507186858316223,0.23,0.24,2,0
swsh5-108,Aegislash,Battle Styles,modern,Rare,150.0,3,1,70,0.1484200051182733,0.06666666666666665,3.9507186858316223,0.15,0.16,0,0
swsh5-109,Corviknight V,Battle Styles,modern,Rare Holo V,210.0,1,2,190,0.5247285289349821,-0.014285714285714346,3.9507186858316223,0.7,0.69,2,0
swsh5-110,Corviknight VMAX,Battle Styles,modern,Rare Holo VMAX,320.0,0,1,240,1.0715836162801904,-0.005181347150259086,3.9507186858316223,1.93,1.92,2,0
swsh5-111,Spearow,Battle Styles,modern,Common,50.0,1,1,20,0.17395330712343804,0.0,3.9507186858316223,0.19,0.19,0,2
swsh5-112,Fearow,Battle Styles,modern,Uncommon,90.0,0,1,70,0.1484200051182733,-0.05882352941176472,3.9507186858316223,0.17,0.16,0,2
swsh5-113,Lickitung,Battle Styles,modern,Common,110.0,4,2,80,0.1397619423751587,-0.0625,3.9507186858316223,0.16,0.15,2,1
swsh5-114,Lickilicky,Battle Styles,modern,Rare,140.0,4,2,100,0.17395330712343804,0.05555555555555558,3.9507186858316223,0.18,0.19,2,1
swsh5-115,Glameow,Battle Styles,modern,Common,60.0,1,2,40,0.1484200051182733,0.0,3.9507186858316223,0.16,0.16,0,1
swsh5-116,Purugly,Battle Styles,modern,Uncommon,120.0,3,2,120,0.13102826240640408,0.0,3.9507186858316223,0.14,0.14,2,0
swsh5-117,Stoutland V,Battle Styles,modern,Rare Holo V,210.0,3,2,200,0.4510756193602166,0.21276595744680837,3.9507186858316223,0.47,0.57,2,0
swsh5-118,Bouffalant,Battle Styles,modern,Uncommon,120.0,2,1,120,0.12221763272424921,0.0,3.9507186858316223,0.13,0.13,0,0
swsh5-119,Drampa,Battle Styles,modern,Rare,120.0,2,2,30,0.13102826240640408,-0.06666666666666654,3.9507186858316223,0.15,0.14,0,1
swsh5-120,Indeedee,Battle Styles,modern,Uncommon,90.0,2,2,10,0.16551443847757338,0.0,3.9507186858316223,0.18,0.18,0,1
swsh5-142,Kricketune V,Battle Styles,modern,Rare Ultra,180.0,1,1,80,1.1085626195212777,0.09729729729729719,3.9507186858316223,1.85,2.03,0,0
swsh5-143,Flapple V,Battle Styles,modern,Rare Ultra,190.0,1,2,120,1.3454723665996355,0.10077519379844957,3.9507186858316223,2.58,2.84,2,0
swsh5-144,Victini V,Battle Styles,modern,Rare Ultra,190.0,1,2,120,1.4586150226995167,0.04100946372239744,3.9507186858316223,3.17,3.3,2,0
swsh5-145,Empoleon V,Battle Styles,modern,Rare Ultra,210.0,2,1,130,1.7698546338400052,-0.043222003929273,3.9507186858316223,5.09,4.87,2,0
swsh5-146,Empoleon V,Battle Styles,modern,Rare Ultra,210.0,2,1,130,3.984343667007772,0.016769468003084098,3.9507186858316223,51.88,52.75,2,0
swsh5-147,Tapu Koko V,Battle Styles,modern,Rare Ultra,210.0,1,2,40,1.3506671834767394,0.07116104868913853,3.9507186858316223,2.67,2.86,0,0
swsh5-148,Mimikyu V,Battle Styles,modern,Rare Ultra,160.0,2,1,0,2.5687881337687024,0.012605042016806678,3.9507186858316223,11.9,12.05,0,2
swsh5-149,Necrozma V,Battle Styles,modern,Rare Ultra,220.0,3,2,100,1.6789639750827108,0.0092592592592593,3.9507186858316223,4.32,4.36,2,0
swsh5-150,Single Strike Urshifu V,Battle Styles,modern,Rare Ultra,220.0,2,2,180,1.3862943611198906,0.023890784982935065,3.9507186858316223,2.93,3.0,2,0
swsh5-151,Single Strike Urshifu V,Battle Styles,modern,Rare Ultra,220.0,2,2,180,2.9172300453990334,0.00575043128234598,3.9507186858316223,17.39,17.49,2,0
swsh5-152,Rapid Strike Urshifu V,Battle Styles,modern,Rare Ultra,220.0,2,2,150,1.4422019930581866,0.02215189873417711,3.9507186858316223,3.16,3.23,2,0
swsh5-153,Rapid Strike Urshifu V,Battle Styles,modern,Rare Ultra,220.0,2,2,150,2.8627721462977607,0.09048877146631451,3.9507186858316223,15.14,16.51,2,0
swsh5-154,Tyranitar V,Battle Styles,modern,Rare Ultra,230.0,3,2,240,2.081938421878423,-0.055181695827725474,3.9507186858316223,7.43,7.02,2,0
swsh5-155,Tyranitar V,Battle Styles,modern,Rare Ultra,230.0,3,2,240,5.394627046685445,0.03488646556200714,3.9507186858316223,211.83,219.22,2,0
swsh5-156,Corviknight V,Battle Styles,modern,Rare Ultra,210.0,1,2,190,1.4678743481123135,-0.01183431952662728,3.9507186858316223,3.38,3.34,2,0
swsh5-157,Stoutland V,Battle Styles,modern,Rare Ultra,210.0,3,2,200,1.269760544863939,0.09871244635193133,3.9507186858316223,2.33,2.56,2,0
swsh5-168,Single Strike Urshifu VMAX,Battle Styles,modern,Rare Rainbow,330.0,3,2,270,3.5843519247600018,0.0014293882218412435,3.9507186858316223,34.98,35.03,2,0
swsh5-170,Rapid Strike Urshifu VMAX,Battle Styles,modern,Rare Rainbow,330.0,2,2,30,4.2710950739666,0.04670126019273524,3.9507186858316223,67.45,70.6,2,0
swsh5-164,Flapple VMAX,Battle Styles,modern,Rare Rainbow,320.0,3,1,250,2.191653532286764,0.14388489208633093,3.9507186858316223,6.95,7.95,2,0
swsh5-165,Victini VMAX,Battle Styles,modern,Rare Rainbow,310.0,2,2,100,2.322387720290225,-0.002169197396963307,3.9507186858316223,9.22,9.2,2,0
swsh5-166,Tapu Koko VMAX,Battle Styles,modern,Rare Rainbow,320.0,1,1,180,2.1424163408412245,0.03013698630136985,3.9507186858316223,7.3,7.52,2,0
swsh5-167,Single Strike Urshifu VMAX,Battle Styles,modern,Rare Rainbow,330.0,3,2,270,2.3758355547336385,0.01349948078920038,3.9507186858316223,9.63,9.76,2,0
swsh5-169,Rapid Strike Urshifu VMAX,Battle Styles,modern,Rare Rainbow,330.0,2,2,30,2.0268315914075385,-0.02370370370370367,3.9507186858316223,6.75,6.59,2,0
swsh5-171,Corviknight VMAX,Battle Styles,modern,Rare Rainbow,320.0,0,1,240,2.427454075039915,0.027860696517412853,3.9507186858316223,10.05,10.33,2,0
swsh5-178,Octillery,Battle Styles,modern,Rare Secret,110.0,2,1,50,2.0162354657760435,0.09228187919463093,3.9507186858316223,5.96,6.51,0,2
swsh5-179,Houndoom,Battle Styles,modern,Rare Secret,130.0,2,1,50,3.1293886583666644,0.049447911665866595,3.9507186858316223,20.83,21.86,0,2
swsh6-1,Weedle,Chilling Reign,modern,Common,40.0,1,1,20,0.15700374880966478,0.0,3.701574264202601,0.17,0.17,0,2
swsh6-2,Kakuna,Chilling Reign,modern,Uncommon,80.0,3,1,0,0.11332868530700317,0.0,3.701574264202601,0.12,0.12,0,2
swsh6-3,Beedrill,Chilling Reign,modern,Rare Holo,130.0,1,2,110,0.2468600779315258,0.0769230769230771,3.701574264202601,0.26,0.28,0,1
swsh6-4,Ledyba,Chilling Reign,modern,Common,60.0,1,2,20,0.12221763272424921,0.0,3.701574264202601,0.13,0.13,0,1
swsh6-5,Ledian,Chilling Reign,modern,Uncommon,90.0,1,2,100,0.1397619423751587,0.0,3.701574264202601,0.15,0.15,0,1
swsh6-6,Heracross,Chilling Reign,modern,Common,120.0,2,2,40,0.1397619423751587,0.0,3.701574264202601,0.15,0.15,0,1
swsh6-7,Celebi V,Chilling Reign,modern,Rare Holo V,190.0,1,2,60,0.6259384308664953,-0.022471910112359605,3.701574264202601,0.89,0.87,0,0
swsh6-8,Celebi VMAX,Chilling Reign,modern,Rare Holo VMAX,310.0,1,1,130,1.1118575154181303,0.05154639175257736,3.701574264202601,1.94,2.04,2,0
swsh6-9,Snover,Chilling Reign,modern,Common,80.0,2,1,60,0.10436001532424277,0.0,3.701574264202601,0.11,0.11,0,2
swsh6-10,Abomasnow,Chilling Reign,modern,Rare,140.0,3,1,90,0.1484200051182733,0.06666666666666665,3.701574264202601,0.15,0.16,2,0
swsh6-11,Deerling,Chilling Reign,modern,Common,60.0,1,2,20,0.1397619423751587,0.0,3.701574264202601,0.15,0.15,0,1
swsh6-12,Sawsbuck,Chilling Reign,modern,Rare,110.0,1,2,80,0.18232155679395465,0.05263157894736836,3.701574264202601,0.19,0.2,0,1
swsh6-13,Bounsweet,Chilling Reign,modern,Common,60.0,1,1,30,0.13102826240640408,0.0,3.701574264202601,0.14,0.14,0,2
swsh6-14,Steenee,Chilling Reign,modern,Uncommon,80.0,1,2,50,0.1484200051182733,0.1428571428571428,3.701574264202601,0.14,0.16,0,1
swsh6-15,Tsareena,Chilling Reign,modern,Rare,140.0,2,2,120,0.16551443847757338,0.125,3.701574264202601,0.16,0.18,2,1
swsh6-16,Grookey,Chilling Reign,modern,Common,60.0,1,1,30,0.12221763272424921,0.08333333333333348,3.701574264202601,0.12,0.13,0,2
swsh6-17,Thwackey,Chilling Reign,modern,Uncommon,100.0,2,1,30,0.1397619423751587,0.0,3.701574264202601,0.15,0.15,0,2
swsh6-18,Rillaboom,Chilling Reign,modern,Rare Holo,180.0,3,2,120,0.262364264467491,0.034482758620689724,3.701574264202601,0.29,0.3,2,0
swsh6-19,Zarude,Chilling Reign,modern,Rare Holo,130.0,2,2,60,0.3001045924503381,0.02941176470588225,3.701574264202601,0.34,0.35,0,1
swsh6-20,Blaziken V,Chilling Reign,modern,Rare Holo V,210.0,2,2,210,0.6471032420585384,0.12345679012345667,3.701574264202601,0.81,0.91,2,0
swsh6-21,Blaziken VMAX,Chilling Reign,modern,Rare Holo VMAX,320.0,2,2,130,1.4422019930581866,0.11379310344827598,3.701574264202601,2.9,3.23,2,0
swsh6-22,Castform Sunny Form,Chilling Reign,modern,Common,70.0,0,1,150,0.18232155679395465,-0.19999999999999996,3.701574264202601,0.25,0.2,0,2
swsh6-23,Larvesta,Chilling Reign,modern,Common,80.0,3,1,10,0.13102826240640408,0.0,3.701574264202601,0.14,0.14,0,2
swsh6-24,Volcarona,Chilling Reign,modern,Rare,130.0,2,2,170,0.15700374880966478,0.0625,3.701574264202601,0.16,0.17,2,0
swsh6-25,Volcanion V,Chilling Reign,modern,Rare Holo V,220.0,3,2,100,0.48858001481867097,0.0,3.701574264202601,0.63,0.63,2,0
swsh6-26,Scorbunny,Chilling Reign,modern,Common,60.0,1,1,20,0.1988508587451652,0.0,3.701574264202601,0.22,0.22,0,2
swsh6-27,Raboot,Chilling Reign,modern,Uncommon,90.0,1,1,60,0.13102826240640408,-0.06666666666666654,3.701574264202601,0.15,0.14,0,2
swsh6-28,Cinderace,Chilling Reign,modern,Rare Holo,170.0,1,1,150,0.2546422183735807,-0.09375000000000011,3.701574264202601,0.32,0.29,0,0
swsh6-29,Lapras,Chilling Reign,modern,Common,110.0,1,2,50,0.22314355131420976,0.0,3.701574264202601,0.25,0.25,0,1
swsh6-30,Sneasel,Chilling Reign,modern,Common,70.0,1,1,0,0.15700374880966478,0.13333333333333353,3.701574264202601,0.15,0.17,0,2
swsh6-31,Weavile,Chilling Reign,modern,Rare Holo,110.0,1,2,0,0.1988508587451652,0.0,3.701574264202601,0.22,0.22,0,1
swsh6-32,Delibird,Chilling Reign,modern,Common,90.0,1,2,10,0.15700374880966478,0.0,3.701574264202601,0.17,0.17,0,1
swsh6-33,Castform Rainy Form,Chilling Reign,modern,Common,70.0,0,1,0,0.19062035960864973,0.10526315789473673,3.701574264202601,0.19,0.21,0,2
swsh6-34,Castform Snowy Form,Chilling Reign,modern,Common,70.0,0,1,120,0.15700374880966478,-0.05555555555555547,3.701574264202601,0.18,0.17,0,2
swsh6-35,Snorunt,Chilling Reign,modern,Common,60.0,1,1,30,0.15700374880966478,-0.05555555555555547,3.701574264202601,0.18,0.17,0,2
swsh6-36,Froslass,Chilling Reign,modern,Rare Holo,90.0,1,1,90,0.1988508587451652,-0.08333333333333326,3.701574264202601,0.24,0.22,0,2
swsh6-37,Spheal,Chilling Reign,modern,Common,70.0,2,1,10,0.1484200051182733,0.0,3.701574264202601,0.16,0.16,0,2
swsh6-38,Sealeo,Chilling Reign,modern,Uncommon,110.0,4,2,70,0.12221763272424921,0.0,3.701574264202601,0.13,0.13,2,1
swsh6-39,Walrein,Chilling Reign,modern,Rare,170.0,4,2,160,0.18232155679395465,0.0,3.701574264202601,0.2,0.2,2,0
swsh6-40,Tapu Fini,Chilling Reign,modern,Rare Holo,120.0,1,2,120,0.3001045924503381,0.0,3.701574264202601,0.35,0.35,0,1
swsh6-41,Sobble,Chilling Reign,modern,Common,60.0,1,2,20,0.23111172096338664,0.040000000000000036,3.701574264202601,0.25,0.26,0,1
swsh6-42,Drizzile,Chilling Reign,modern,Uncommon,90.0,1,1,40,0.15700374880966478,0.0,3.701574264202601,0.17,0.17,0,2
swsh6-43,Inteleon,Chilling Reign,modern,Rare Holo,150.0,1,1,70,0.262364264467491,0.034482758620689724,3.701574264202601,0.29,0.3,0,2
swsh6-44,Rapid Strike Urshifu,Chilling Reign,modern,Rare Holo,140.0,2,2,40,0.20701416938432615,0.0,3.701574264202601,0.23,0.23,0,1
swsh6-45,Ice Rider Calyrex V,Chilling Reign,modern,Rare Holo V,210.0,2,2,200,0.3784364357202451,-0.0980392156862745,3.701574264202601,0.51,0.46,2,0
swsh6-46,Ice Rider Calyrex VMAX,Chilling Reign,modern,Rare Holo VMAX,320.0,2,2,10,0.7747271675523681,0.008620689655172376,3.701574264202601,1.16,1.17,2,0
swsh6-47,Mareep,Chilling Reign,modern,Common,70.0,2,2,20,0.1397619423751587,0.0,3.701574264202601,0.15,0.15,0,1
swsh6-48,Flaaffy,Chilling Reign,modern,Uncommon,100.0,2,1,50,0.13102826240640408,0.0,3.701574264202601,0.14,0.14,0,2
swsh6-49,Ampharos,Chilling Reign,modern,Rare,160.0,2,2,90,0.22314355131420976,0.0,3.701574264202601,0.25,0.25,2,1
swsh6-50,Blitzle,Chilling Reign,modern,Common,60.0,1,1,0,0.11332868530700317,0.09090909090909083,3.701574264202601,0.11,0.12,0,2
swsh6-51,Zebstrika,Chilling Reign,modern,Rare,120.0,1,2,90,0.13102826240640408,0.0769230769230771,3.701574264202601,0.13,0.14,0,1
swsh6-52,Thundurus,Chilling Reign,modern,Rare Holo,120.0,1,2,130,0.19062035960864973,-0.045454545454545525,3.701574264202601,0.22,0.21,0,1
swsh6-53,Zeraora V,Chilling Reign,modern,Rare Holo V,210.0,2,1,100,0.4824261492442927,0.016393442622950838,3.701574264202601,0.61,0.62,2,0
swsh6-54,Galarian Slowpoke,Chilling Reign,modern,Common,70.0,2,2,20,0.1988508587451652,0.09999999999999987,3.701574264202601,0.2,0.22,0,1
swsh6-55,Gastly,Chilling Reign,modern,Common,50.0,1,1,10,0.17395330712343804,0.1875,3.701574264202601,0.16,0.19,0,2
swsh6-56,Haunter,Chilling Reign,modern,Uncommon,80.0,1,1,30,0.22314355131420976,0.19047619047619047,3.701574264202601,0.21,0.25,0,2
swsh6-57,Gengar,Chilling Reign,modern,Rare Holo,130.0,1,1,10,0.7514160886839212,0.21739130434782616,3.701574264202601,0.92,1.12,0,2
swsh6-58,Galarian Articuno V,Chilling Reign,modern,Rare Holo V,210.0,2,1,110,0.712949807856125,0.1428571428571428,3.701574264202601,0.91,1.04,2,0
swsh6-59,Ralts,Chilling Reign,modern,Common,60.0,1,1,0,0.1484200051182733,-0.05882352941176472,3.701574264202601,0.17,0.16,0,2
swsh6-60,Kirlia,Chilling Reign,modern,Uncommon,80.0,1,1,0,0.1988508587451652,0.09999999999999987,3.701574264202601,0.2,0.22,0,2
swsh6-61,Gardevoir,Chilling Reign,modern,Rare Holo,140.0,2,1,60,0.5128236264286639,0.0,3.701574264202601,0.67,0.67,0,2
swsh6-62,Shuppet,Chilling Reign,modern,Common,50.0,1,1,20,0.10436001532424277,-0.08333333333333326,3.701574264202601,0.12,0.11,0,2
swsh6-63,Banette,Chilling Reign,modern,Rare,80.0,1,2,50,0.16551443847757338,0.125,3.701574264202601,0.16,0.18,0,1
swsh6-64,Cresselia,Chilling Reign,modern,Rare Holo,120.0,1,2,30,0.27002713721306015,-0.11428571428571421,3.701574264202601,0.35,0.31,0,1
swsh6-65,Golett,Chilling Reign,modern,Common,90.0,3,2,30,0.13102826240640408,-0.06666666666666654,3.701574264202601,0.15,0.14,0,1
swsh6-66,Golurk,Chilling Reign,modern,Rare,150.0,4,2,190,0.1484200051182733,0.0,3.701574264202601,0.16,0.16,2,0
swsh6-67,Swirlix,Chilling Reign,modern,Common,60.0,1,1,20,0.19062035960864973,0.04999999999999982,3.701574264202601,0.2,0.21,0,2
swsh6-68,Slurpuff,Chilling Reign,modern,Rare,110.0,2,2,80,0.15700374880966478,0.0,3.701574264202601,0.17,0.17,0,1
swsh6-69,Inkay,Chilling Reign,modern,Common,50.0,1,1,20,0.10436001532424277,-0.08333333333333326,3.701574264202601,0.12,0.11,0,2
swsh6-70,Malamar,Chilling Reign,modern,Rare,120.0,3,1,40,0.10436001532424277,0.0,3.701574264202601,0.11,0.11,0,2
swsh6-71,Hatenna,Chilling Reign,modern,Common,60.0,1,1,20,0.12221763272424921,-0.07142857142857151,3.701574264202601,0.14,0.13,0,2
swsh6-72,Hattrem,Chilling Reign,modern,Uncommon,80.0,1,1,30,0.1397619423751587,0.0,3.701574264202601,0.15,0.15,0,2
swsh6-73,Hatterene,Chilling Reign,modern,Rare Holo,130.0,1,1,30,0.2468600779315258,0.03703703703703698,3.701574264202601,0.27,0.28,0,2
swsh6-74,Shadow Rider Calyrex V,Chilling Reign,modern,Rare Holo V,210.0,2,2,10,0.5364933705145685,0.3653846153846152,3.701574264202601,0.52,0.71,0,0
swsh6-75,Shadow Rider Calyrex VMAX,Chilling Reign,modern,Rare Holo VMAX,320.0,2,1,10,0.8458682675776092,0.16666666666666674,3.701574264202601,1.14,1.33,2,0
swsh6-76,Diglett,Chilling Reign,modern,Common,50.0,1,1,10,0.09531017980432487,0.0,3.701574264202601,0.1,0.1,0,2
swsh6-77,Dugtrio,Chilling Reign,modern,Rare,90.0,1,1,60,0.12221763272424921,0.0,3.701574264202601,0.13,0.13,0,2
swsh6-78,Galarian Farfetch'd,Chilling Reign,modern,Common,80.0,1,1,20,0.1484200051182733,0.0,3.701574264202601,0.16,0.16,0,2
swsh6-79,Galarian Sirfetch'd,Chilling Reign,modern,Rare,130.0,2,2,70,0.2151113796169455,0.0,3.701574264202601,0.24,0.24,0,1
swsh6-80,Galarian Zapdos V,Chilling Reign,modern,Rare Holo V,200.0,1,1,170,0.5766133643039938,-0.03703703703703709,3.701574264202601,0.81,0.78,2,0
swsh6-81,Gallade,Chilling Reign,modern,Rare,170.0,2,2,60,0.20701416938432615,0.09523809523809534,3.701574264202601,0.21,0.23,0,1
swsh6-82,Galarian Yamask,Chilling Reign,modern,Common,60.0,2,1,10,0.10436001532424277,0.0,3.701574264202601,0.11,0.11,0,2
swsh6-83,Galarian Runerigus,Chilling Reign,modern,Rare Holo,120.0,2,1,60,0.2546422183735807,-0.033333333333333326,3.701574264202601,0.3,0.29,0,2
swsh6-84,Crabrawler,Chilling Reign,modern,Common,80.0,3,2,40,0.11332868530700317,0.0,3.701574264202601,0.12,0.12,0,1
swsh6-85,Crabominable,Chilling Reign,modern,Uncommon,150.0,4,2,130,0.10436001532424277,0.0,3.701574264202601,0.11,0.11,2,0
swsh6-86,Rockruff,Chilling Reign,modern,Common,70.0,1,1,30,0.1484200051182733,-0.05882352941176472,3.701574264202601,0.17,0.16,0,2
swsh6-87,Lycanroc,Chilling Reign,modern,Rare Holo,120.0,2,1,80,0.2546422183735807,0.15999999999999992,3.701574264202601,0.25,0.29,0,2
swsh6-88,Passimian,Chilling Reign,modern,Rare,110.0,1,1,0,0.10436001532424277,-0.08333333333333326,3.701574264202601,0.12,0.11,0,2
swsh6-89,Sandaconda V,Chilling Reign,modern,Rare Holo V,220.0,2,1,140,0.4824261492442927,0.26530612244897966,3.701574264202601,0.49,0.62,2,0
swsh6-90,Sandaconda VMAX,Chilling Reign,modern,Rare Holo VMAX,320.0,3,2,180,0.8878912573524571,0.08333333333333326,3.701574264202601,1.32,1.43,2,0
swsh6-91,Clobbopus,Chilling Reign,modern,Common,70.0,2,1,30,0.1484200051182733,0.0,3.701574264202601,0.16,0.16,0,2
swsh6-92,Grapploct,Chilling Reign,modern,Rare Holo,140.0,3,1,80,0.18232155679395465,0.0,3.701574264202601,0.2,0.2,0,0
swsh6-93,Kubfu,Chilling Reign,modern,Common,70.0,1,2,60,0.18232155679395465,0.0,3.701574264202601,0.2,0.2,0,1
swsh6-94,Koffing,Chilling Reign,modern,Common,70.0,1,1,20,0.1484200051182733,0.0,3.701574264202601,0.16,0.16,0,2
swsh6-95,Weezing,Chilling Reign,modern,Rare,130.0,2,2,20,0.17395330712343804,0.0,3.701574264202601,0.19,0.19,0,1
swsh6-96,Galarian Weezing,Chilling Reign,modern,Rare,130.0,2,1,50,0.22314355131420976,0.0,3.701574264202601,0.25,0.25,0,2
swsh6-97,Galarian Moltres V,Chilling Reign,modern,Rare Holo V,220.0,2,1,190,0.9242589015233319,0.6170212765957448,3.701574264202601,0.94,1.52,2,0
swsh6-98,Galarian Slowking,Chilling Reign,modern,Rare Holo,120.0,3,1,90,0.262364264467491,0.11111111111111094,3.701574264202601,0.27,0.3,0,0
swsh6-99,Galarian Slowking V,Chilling Reign,modern,Rare Holo V,220.0,3,2,0,0.5596157879354227,0.19047619047619047,3.701574264202601,0.63,0.75,2,0
swsh6-100,Galarian Slowking VMAX,Chilling Reign,modern,Rare Holo VMAX,320.0,3,1,10,0.8415671856782186,-0.07692307692307687,3.701574264202601,1.43,1.32,2,0
swsh6-101,Qwilfish,Chilling Reign,modern,Common,90.0,1,1,30,0.10436001532424277,0.0,3.701574264202601,0.11,0.11,0,2
swsh6-102,Seviper,Chilling Reign,modern,Rare,110.0,2,1,90,0.11332868530700317,0.0,3.701574264202601,0.12,0.12,0,0
swsh6-103,Spiritomb,Chilling Reign,modern,Rare,70.0,1,2,20,0.1988508587451652,0.0,3.701574264202601,0.22,0.22,0,1
swsh6-104,Liepard V,Chilling Reign,modern,Rare Holo V,190.0,1,1,110,0.5364933705145685,0.02898550724637694,3.701574264202601,0.69,0.71,0,2
swsh6-105,Venipede,Chilling Reign,modern,Common,70.0,2,1,10,0.11332868530700317,-0.07692307692307698,3.701574264202601,0.13,0.12,0,2
swsh6-106,Whirlipede,Chilling Reign,modern,Uncommon,90.0,3,2,50,0.11332868530700317,0.0,3.701574264202601,0.12,0.12,0,1
swsh6-107,Scolipede,Chilling Reign,modern,Rare,160.0,3,2,100,0.20701416938432615,0.045454545454545414,3.701574264202601,0.22,0.23,2,0
swsh6-108,Single Strike Urshifu,Chilling Reign,modern,Rare Holo,140.0,2,2,100,0.22314355131420976,-0.07407407407407418,3.701574264202601,0.27,0.25,0,1
swsh6-109,Aron,Chilling Reign,modern,Common,70.0,2,2,50,0.13102826240640408,0.0769230769230771,3.701574264202601,0.13,0.14,0,1
swsh6-110,Lairon,Chilling Reign,modern,Uncommon,100.0,3,2,90,0.11332868530700317,0.09090909090909083,3.701574264202601,0.11,0.12,2,1
swsh6-111,Aggron,Chilling Reign,modern,Rare,180.0,4,2,240,0.23901690047049992,0.08000000000000007,3.701574264202601,0.25,0.27,2,0
swsh6-112,Metagross V,Chilling Reign,modern,Rare Holo V,220.0,3,2,60,0.49469624183610705,0.049180327868852514,3.701574264202601,0.61,0.64,2,0
swsh6-113,Metagross VMAX,Chilling Reign,modern,Rare Holo VMAX,330.0,3,2,100,1.085189268335969,0.22499999999999987,3.701574264202601,1.6,1.96,2,0
swsh6-114,Cobalion,Chilling Reign,modern,Rare Holo,120.0,2,2,130,0.2151113796169455,0.04347826086956519,3.701574264202601,0.23,0.24,2,1
swsh6-115,Tauros,Chilling Reign,modern,Rare Holo,130.0,2,2,80,0.22314355131420976,0.08695652173913038,3.701574264202601,0.23,0.25,0,1
swsh6-116,Porygon,Chilling Reign,modern,Common,60.0,2,1,20,0.1397619423751587,0.0714285714285714,3.701574264202601,0.14,0.15,0,2
swsh6-117,Porygon2,Chilling Reign,modern,Uncommon,90.0,2,1,30,0.12221763272424921,0.0,3.701574264202601,0.13,0.13,0,2
swsh6-118,Porygon-Z,Chilling Reign,modern,Rare Holo,140.0,2,1,170,0.2468600779315258,0.0,3.701574264202601,0.28,0.28,2,0
swsh6-119,Blissey V,Chilling Reign,modern,Rare Holo V,250.0,4,1,10,0.4700036292457356,-0.07692307692307698,3.701574264202601,0.65,0.6,2,0
swsh6-120,Zangoose,Chilling Reign,modern,Rare,110.0,2,1,50,0.17395330712343804,-0.050000000000000044,3.701574264202601,0.2,0.19,0,2
swsh6-121,Castform,Chilling Reign,modern,Common,70.0,0,1,80,0.1988508587451652,0.04761904761904767,3.701574264202601,0.21,0.22,0,2
swsh6-122,Kecleon,Chilling Reign,modern,Rare,90.0,2,1,90,0.16551443847757338,0.0,3.701574264202601,0.18,0.18,0,0
swsh6-123,Shaymin,Chilling Reign,modern,Rare Holo,70.0,1,2,30,0.1988508587451652,-0.0434782608695653,3.701574264202601,0.23,0.22,0,1
swsh6-124,Tornadus V,Chilling Reign,modern,Rare Holo V,210.0,2,2,180,0.4252677354043441,-0.07017543859649111,3.701574264202601,0.57,0.53,2,0
swsh6-125,Tornadus VMAX,Chilling Reign,modern,Rare Holo VMAX,320.0,2,2,120,0.76080582903376,-0.04201680672268915,3.701574264202601,1.19,1.14,2,0
swsh6-126,Furfrou,Chilling Reign,modern,Common,90.0,1,2,90,0.13102826240640408,0.0769230769230771,3.701574264202601,0.13,0.14,0,1
swsh6-127,Skwovet,Chilling Reign,modern,Common,60.0,1,2,10,0.12221763272424921,0.0,3.701574264202601,0.13,0.13,0,1
swsh6-128,Greedent,Chilling Reign,modern,Rare Holo,120.0,1,1,90,0.18232155679395465,0.0,3.701574264202601,0.2,0.2,0,2
swsh6-160,Celebi V,Chilling Reign,modern,Rare Ultra,190.0,1,2,60,1.691939133945844,-0.03904555314533631,3.701574264202601,4.61,4.43,0,0
swsh6-161,Blaziken V,Chilling Reign,modern,Rare Ultra,210.0,2,2,210,1.9740810260220096,0.09347442680776008,3.701574264202601,5.67,6.2,2,0
swsh6-162,Volcanion V,Chilling Reign,modern,Rare Ultra,220.0,3,2,100,1.0152306797290584,-0.005649717514124353,3.701574264202601,1.77,1.76,2,0
swsh6-163,Ice Rider Calyrex V,Chilling Reign,modern,Rare Ultra,210.0,2,2,200,1.5432981099295553,0.005464480874316946,3.701574264202601,3.66,3.68,2,0
swsh6-164,Ice Rider Calyrex V,Chilling Reign,modern,Rare Ultra,210.0,2,2,200,2.8803214220426634,0.06321112515802785,3.701574264202601,15.82,16.82,2,0
swsh6-165,Zeraora V,Chilling Reign,modern,Rare Ultra,210.0,2,1,100,1.6845453849209058,0.03782505910165468,3.701574264202601,4.23,4.39,2,0
swsh6-166,Zeraora V,Chilling Reign,modern,Rare Ultra,210.0,2,1,100,4.127456913672303,0.005271828665568412,3.701574264202601,60.7,61.02,2,0
swsh6-167,Galarian Rapidash V,Chilling Reign,modern,Rare Ultra,210.0,1,2,60,2.382320061012899,0.04685835995740151,3.701574264202601,9.39,9.83,2,0
swsh6-168,Galarian Rapidash V,Chilling Reign,modern,Rare Ultra,210.0,1,2,60,3.98397150474073,0.0,3.701574264202601,52.73,52.73,2,0
swsh6-169,Galarian Articuno V,Chilling Reign,modern,Rare Ultra,210.0,2,1,110,2.0476928433652555,0.013513513513513598,3.701574264202601,6.66,6.75,2,0
swsh6-170,Galarian Articuno V,Chilling Reign,modern,Rare Ultra,210.0,2,1,110,4.14059181338742,-0.002580645161290307,3.701574264202601,62.0,61.84,2,0
swsh6-171,Shadow Rider Calyrex V,Chilling Reign,modern,Rare Ultra,210.0,2,2,10,1.631199404215613,0.06476683937823835,3.701574264202601,3.86,4.11,2,0
swsh6-172,Shadow Rider Calyrex V,Chilling Reign,modern,Rare Ultra,210.0,2,2,10,3.2433732964685884,-0.0012170385395536831,3.701574264202601,24.65,24.62,2,0
swsh6-173,Galarian Zapdos V,Chilling Reign,modern,Rare Ultra,200.0,1,1,170,1.8594181177018698,0.08183632734530932,3.701574264202601,5.01,5.42,2,0
swsh6-174,Galarian Zapdos V,Chilling Reign,modern,Rare Ultra,200.0,1,1,170,4.235988789957173,0.11105675146771032,3.701574264202601,61.32,68.13,2,0
swsh6-175,Sandaconda V,Chilling Reign,modern,Rare Ultra,220.0,2,1,140,0.8919980393051105,-0.040000000000000036,3.701574264202601,1.5,1.44,2,0
swsh6-176,Galarian Moltres V,Chilling Reign,modern,Rare Ultra,220.0,2,1,190,2.3523271848888596,0.019292604501607746,3.701574264202601,9.33,9.51,2,0
swsh6-177,Galarian Moltres V,Chilling Reign,modern,Rare Ultra,220.0,2,1,190,5.220572017923184,0.016346366246962507,3.701574264202601,181.08,184.04,2,0
swsh6-178,Galarian Slowking V,Chilling Reign,modern,Rare Ultra,220.0,3,2,0,1.4951487660319727,-0.05464480874316946,3.701574264202601,3.66,3.46,2,0
swsh6-179,Galarian Slowking V,Chilling Reign,modern,Rare Ultra,220.0,3,2,0,4.3154861108656375,0.17073557387444516,3.701574264202601,63.08,73.85,2,0
swsh6-180,Liepard V,Chilling Reign,modern,Rare Ultra,190.0,1,1,110,0.9439058989071284,0.03289473684210531,3.701574264202601,1.52,1.57,0,2
swsh6-181,Metagross V,Chilling Reign,modern,Rare Ultra,220.0,3,2,60,1.4861396960896067,0.15932203389830502,3.701574264202601,2.95,3.42,2,0
swsh6-182,Blissey V,Chilling Reign,modern,Rare Ultra,250.0,4,1,10,1.415853163361435,0.046979865771812124,3.701574264202601,2.98,3.12,2,0
swsh6-183,Blissey V,Chilling Reign,modern,Rare Ultra,250.0,4,1,10,3.1471649773142003,0.04065420560747679,3.701574264202601,21.4,22.27,2,0
swsh6-184,Tornadus V,Chilling Reign,modern,Rare Ultra,210.0,2,2,180,1.332366019094335,-0.017605633802816878,3.701574264202601,2.84,2.79,2,0
swsh6-185,Tornadus V,Chilling Reign,modern,Rare Ultra,210.0,2,2,180,3.288401887516811,0.016949152542372836,3.701574264202601,25.37,25.8,2,0
swsh6-199,Celebi VMAX,Chilling Reign,modern,Rare Rainbow,310.0,1,1,130,2.492378664626701,0.005439709882139709,3.701574264202601,11.03,11.09,2,0
swsh6-200,Blaziken VMAX,Chilling Reign,modern,Rare Rainbow,320.0,2,2,130,3.5133348815990053,-0.05017502917152861,3.701574264202601,34.28,32.56,2,0
swsh6-201,Blaziken VMAX,Chilling Reign,modern,Rare Rainbow,320.0,2,2,130,5.940065984021982,0.038303468683215325,3.701574264202601,364.98,378.96,2,0
swsh6-202,Ice Rider Calyrex VMAX,Chilling Reign,modern,Rare Rainbow,320.0,2,2,10,2.2407096892759584,-0.02211874272409775,3.701574264202601,8.59,8.4,2,0
swsh6-203,Ice Rider Calyrex VMAX,Chilling Reign,modern,Rare Rainbow,320.0,2,2,10,3.8046604870996465,-0.002498864152657987,3.701574264202601,44.02,43.91,2,0
swsh6-204,Shadow Rider Calyrex VMAX,Chilling Reign,modern,Rare Rainbow,320.0,2,1,10,2.145931282948669,0.020270270270270174,3.701574264202601,7.4,7.55,2,0
swsh6-205,Shadow Rider Calyrex VMAX,Chilling Reign,modern,Rare Rainbow,320.0,2,1,10,4.35040696029342,0.005255551175929574,3.701574264202601,76.11,76.51,2,0
swsh6-206,Sandaconda VMAX,Chilling Reign,modern,Rare Rainbow,320.0,3,2,180,1.9823798288367047,0.08117443868739205,3.701574264202601,5.79,6.26,2,0
swsh6-207,Galarian Slowking VMAX,Chilling Reign,modern,Rare Rainbow,320.0,3,1,10,2.061786606441115,0.013293943870014813,3.701574264202601,6.77,6.86,2,0
swsh6-208,Metagross VMAX,Chilling Reign,modern,Rare Rainbow,330.0,3,2,100,2.4042387467205457,-0.04549763033175358,3.701574264202601,10.55,10.07,2,0
swsh6-209,Tornadus VMAX,Chilling Reign,modern,Rare Rainbow,320.0,2,2,120,2.0360119837525,0.01834862385321112,3.701574264202601,6.54,6.66,2,0
swsh6-222,Electrode,Chilling Reign,modern,Rare Secret,90.0,1,1,100,2.444084655267745,0.045725646123260244,3.701574264202601,10.06,10.52,0,2
swsh6-223,Bronzong,Chilling Reign,modern,Rare Secret,110.0,3,1,70,1.9213246735826988,0.07366482504604055,3.701574264202601,5.43,5.83,2,2
swsh6-224,Snorlax,Chilling Reign,modern,Rare Secret,130.0,3,1,100,4.384523514872469,0.03326810176125239,3.701574264202601,76.65,79.2,2,2
swsh7-2,Hoppip,Evolving Skies,modern,Common,40.0,0,1,20,0.10436001532424277,0.09999999999999987,3.509924709103354,0.1,0.11,0,2
swsh7-4,Jumpluff,Evolving Skies,modern,Rare Holo,90.0,0,1,60,0.16551443847757338,-0.18181818181818188,3.509924709103354,0.22,0.18,0,2
swsh7-6,Tropius,Evolving Skies,modern,Rare,110.0,1,2,100,0.1484200051182733,0.1428571428571428,3.509924709103354,0.14,0.16,0,1
swsh7-1,Pinsir,Evolving Skies,modern,Rare,120.0,2,1,110,0.13102826240640408,0.0,3.509924709103354,0.14,0.14,0,0
swsh7-3,Skiploom,Evolving Skies,modern,Uncommon,60.0,0,1,20,0.1397619423751587,0.0714285714285714,3.509924709103354,0.14,0.15,0,2
swsh7-5,Seedot,Evolving Skies,modern,Common,50.0,1,1,10,0.1397619423751587,0.0,3.509924709103354,0.15,0.15,0,2
swsh7-8,Leafeon VMAX,Evolving Skies,modern,Rare Holo VMAX,310.0,2,2,170,1.7404661748405046,0.0064239828693790635,3.509924709103354,4.67,4.7,2,0
swsh7-10,Lilligant,Evolving Skies,modern,Rare,100.0,1,1,70,0.1397619423751587,0.0714285714285714,3.509924709103354,0.14,0.15,0,2
swsh7-9,Petilil,Evolving Skies,modern,Common,60.0,1,1,20,0.12221763272424921,0.0,3.509924709103354,0.13,0.13,0,2
swsh7-12,Crustle,Evolving Skies,modern,Uncommon,130.0,3,2,130,0.10436001532424277,0.09999999999999987,3.509924709103354,0.1,0.11,2,0
swsh7-13,Trevenant V,Evolving Skies,modern,Rare Holo V,210.0,2,2,120,0.4824261492442927,0.29166666666666674,3.509924709103354,0.48,0.62,2,0
swsh7-11,Dwebble,Evolving Skies,modern,Common,60.0,2,2,10,0.09531017980432487,0.0,3.509924709103354,0.1,0.1,0,1
swsh7-7,Leafeon V,Evolving Skies,modern,Rare Holo V,200.0,1,1,90,1.1600209167967532,0.08955223880597019,3.509924709103354,2.01,2.19,0,0
swsh7-14,Trevenant VMAX,Evolving Skies,modern,Rare Holo VMAX,320.0,3,2,180,0.9122827104766162,0.0,3.509924709103354,1.49,1.49,2,0
swsh7-36,Sharpedo,Evolving Skies,modern,Rare,120.0,1,2,120,0.18232155679395465,0.0,3.509924709103354,0.2,0.2,0,1
swsh7-41,Glaceon VMAX,Evolving Skies,modern,Rare Holo VMAX,310.0,2,1,150,1.8594181177018698,0.2234762979683973,3.509924709103354,4.43,5.42,2,0
swsh7-46,Wishiwashi,Evolving Skies,modern,Rare,30.0,1,1,30,0.15700374880966478,0.2142857142857142,3.509924709103354,0.14,0.17,0,2
swsh7-44,Bergmite,Evolving Skies,modern,Common,70.0,2,2,20,0.10436001532424277,0.09999999999999987,3.509924709103354,0.1,0.11,0,1
swsh7-35,Carvanha,Evolving Skies,modern,Common,50.0,1,2,20,0.12221763272424921,0.0,3.509924709103354,0.13,0.13,0,1
swsh7-43,Cryogonal,Evolving Skies,modern,Common,90.0,1,2,30,0.11332868530700317,0.0,3.509924709103354,0.12,0.12,0,1
swsh7-59,Dracozolt VMAX,Evolving Skies,modern,Rare Holo VMAX,330.0,3,2,200,0.9360933591703349,0.24,3.509924709103354,1.25,1.55,2,0
swsh7-58,Dracozolt V,Evolving Skies,modern,Rare Holo V,220.0,3,2,180,0.5364933705145685,0.18333333333333335,3.509924709103354,0.6,0.71,2,0
swsh7-30,Vaporeon VMAX,Evolving Skies,modern,Rare Holo VMAX,320.0,2,2,100,2.1234584270966104,0.08875739644970415,3.509924709103354,6.76,7.36,2,0
swsh7-28,Gyarados V,Evolving Skies,modern,Rare Holo V,220.0,3,2,180,0.8919980393051105,0.35849056603773577,3.509924709103354,1.06,1.44,2,0
swsh7-47,Eiscue,Evolving Skies,modern,Uncommon,120.0,2,2,70,0.10436001532424277,0.0,3.509924709103354,0.11,0.11,0,1
swsh7-34,Ludicolo,Evolving Skies,modern,Rare Holo,140.0,2,1,120,0.2546422183735807,0.07407407407407396,3.509924709103354,0.27,0.29,0,0
swsh7-42,Tympole,Evolving Skies,modern,Common,70.0,2,1,10,0.09531017980432487,0.0,3.509924709103354,0.1,0.1,0,2
swsh7-25,Golduck,Evolving Skies,modern,Uncommon,120.0,1,2,70,0.11332868530700317,0.09090909090909083,3.509924709103354,0.11,0.12,0,1
swsh7-31,Suicune V,Evolving Skies,modern,Rare Holo V,210.0,2,1,20,0.7793248768009976,0.1568627450980391,3.509924709103354,1.02,1.18,0,0
swsh7-49,Pikachu,Evolving Skies,modern,Common,60.0,1,2,30,0.2851789422336624,-0.02941176470588236,3.509924709103354,0.34,0.33,0,1
swsh7-40,Glaceon V,Evolving Skies,modern,Rare Holo V,210.0,2,2,120,1.1118575154181303,0.19999999999999996,3.509924709103354,1.7,2.04,2,0
swsh7-24,Psyduck,Evolving Skies,modern,Common,70.0,2,1,10,0.15700374880966478,-0.10526315789473684,3.509924709103354,0.19,0.17,0,2
swsh7-16,Eldegoss,Evolving Skies,modern,Rare Holo,80.0,1,1,30,0.2546422183735807,0.03571428571428559,3.509924709103354,0.28,0.29,0,2
swsh7-26,Tentacool,Evolving Skies,modern,Common,60.0,1,1,30,0.10436001532424277,0.09999999999999987,3.509924709103354,0.1,0.11,0,2
swsh7-27,Tentacruel,Evolving Skies,modern,Uncommon,120.0,2,2,100,0.13102826240640408,0.0,3.509924709103354,0.14,0.14,0,1
swsh7-32,Lotad,Evolving Skies,modern,Common,60.0,1,2,20,0.1397619423751587,0.0714285714285714,3.509924709103354,0.14,0.15,0,1
swsh7-50,Raichu,Evolving Skies,modern,Rare Holo,130.0,2,2,180,0.2468600779315258,0.16666666666666674,3.509924709103354,0.24,0.28,2,1
swsh7-53,Lanturn,Evolving Skies,modern,Uncommon,120.0,2,2,120,0.1484200051182733,-0.05882352941176472,3.509924709103354,0.17,0.16,0,1
swsh7-19,Entei,Evolving Skies,modern,Rare Holo,120.0,2,2,120,0.2151113796169455,0.09090909090909083,3.509924709103354,0.22,0.24,2,1
swsh7-39,Luvdisc,Evolving Skies,modern,Common,70.0,1,2,20,0.11332868530700317,-0.14285714285714302,3.509924709103354,0.14,0.12,0,1
swsh7-22,Litleo,Evolving Skies,modern,Common,60.0,1,1,10,0.11332868530700317,0.0,3.509924709103354,0.12,0.12,0,2
swsh7-23,Pyroar,Evolving Skies,modern,Uncommon,130.0,2,2,70,0.11332868530700317,0.0,3.509924709103354,0.12,0.12,0,1
swsh7-29,Gyarados VMAX,Evolving Skies,modern,Rare Holo VMAX,330.0,4,2,240,1.803358605071407,0.116740088105727,3.509924709103354,4.54,5.07,2,0
swsh7-52,Chinchou,Evolving Skies,modern,Common,70.0,1,1,10,0.09531017980432487,0.0,3.509924709103354,0.1,0.1,0,2
swsh7-54,Mareep,Evolving Skies,modern,Common,60.0,1,2,30,0.1484200051182733,0.0,3.509924709103354,0.16,0.16,0,1
swsh7-17,Applin,Evolving Skies,modern,Common,40.0,1,1,10,0.19062035960864973,0.10526315789473673,3.509924709103354,0.19,0.21,0,2
swsh7-37,Feebas,Evolving Skies,modern,Common,30.0,1,1,10,0.13102826240640408,-0.12499999999999989,3.509924709103354,0.16,0.14,0,2
swsh7-38,Milotic,Evolving Skies,modern,Rare,120.0,2,1,70,0.2151113796169455,-0.11111111111111116,3.509924709103354,0.27,0.24,0,2
swsh7-45,Avalugg,Evolving Skies,modern,Uncommon,150.0,4,2,140,0.1397619423751587,-0.16666666666666663,3.509924709103354,0.18,0.15,2,0
swsh7-18,Flareon VMAX,Evolving Skies,modern,Rare Holo VMAX,320.0,2,1,100,2.004179057179289,0.0735785953177257,3.509924709103354,5.98,6.42,2,0
swsh7-51,Jolteon VMAX,Evolving Skies,modern,Rare Holo VMAX,300.0,0,1,100,2.0068708488450007,0.015772870662460692,3.509924709103354,6.34,6.44,2,0
swsh7-56,Ampharos,Evolving Skies,modern,Rare,150.0,2,2,100,0.16551443847757338,0.0,3.509924709103354,0.18,0.18,2,1
swsh7-57,Emolga,Evolving Skies,modern,Common,70.0,0,1,30,0.13102826240640408,0.0769230769230771,3.509924709103354,0.13,0.14,0,2
swsh7-15,Gossifleur,Evolving Skies,modern,Common,50.0,1,1,10,0.08617769624105233,0.0,3.509924709103354,0.09,0.09,0,2
swsh7-21,Volcarona V,Evolving Skies,modern,Rare Holo V,210.0,2,2,160,0.5877866649021191,0.025641025641025772,3.509924709103354,0.78,0.8,2,0
swsh7-55,Flaaffy,Evolving Skies,modern,Uncommon,90.0,2,1,50,0.2151113796169455,-0.040000000000000036,3.509924709103354,0.25,0.24,0,2
swsh7-20,Victini,Evolving Skies,modern,Rare Holo,60.0,1,1,30,0.1988508587451652,0.04761904761904767,3.509924709103354,0.21,0.22,0,2
swsh7-33,Lombre,Evolving Skies,modern,Uncommon,90.0,1,1,50,0.13102826240640408,0.0769230769230771,3.509924709103354,0.13,0.14,0,2
swsh7-48,Arctovish V,Evolving Skies,modern,Rare Holo V,220.0,2,2,220,0.43178241642553783,-0.05263157894736825,3.509924709103354,0.57,0.54,2,0
swsh7-63,Galarian Articuno,Evolving Skies,modern,Rare Holo,120.0,2,1,0,0.3220834991691133,0.11764705882352944,3.509924709103354,0.34,0.38,0,2
swsh7-62,Hypno,Evolving Skies,modern,Uncommon,110.0,2,2,30,0.17395330712343804,0.0,3.509924709103354,0.19,0.19,0,1
swsh7-60,Regieleki,Evolving Skies,modern,Rare Holo,120.0,2,2,120,0.19062035960864973,0.0,3.509924709103354,0.21,0.21,0,1
swsh7-61,Drowzee,Evolving Skies,modern,Common,70.0,2,1,10,0.10436001532424277,-0.08333333333333326,3.509924709103354,0.12,0.11,0,2
swsh7-66,Wobbuffet,Evolving Skies,modern,Common,120.0,2,2,70,0.12221763272424921,0.08333333333333348,3.509924709103354,0.12,0.13,0,1
swsh7-64,Espeon V,Evolving Skies,modern,Rare Holo V,200.0,1,2,120,0.9969486348916096,0.23913043478260887,3.509924709103354,1.38,1.71,2,0
swsh7-65,Espeon VMAX,Evolving Skies,modern,Rare Holo VMAX,310.0,2,1,60,2.4630018143999504,0.18281938325991187,3.509924709103354,9.08,10.74,2,0
swsh7-69,Swoobat,Evolving Skies,modern,Uncommon,90.0,1,1,30,0.11332868530700317,0.09090909090909083,3.509924709103354,0.11,0.12,0,2
swsh7-67,Sableye,Evolving Skies,modern,Common,70.0,1,2,40,0.12221763272424921,-0.07142857142857151,3.509924709103354,0.14,0.13,0,1
swsh7-68,Woobat,Evolving Skies,modern,Common,60.0,1,2,10,0.16551443847757338,-0.10000000000000009,3.509924709103354,0.2,0.18,0,1
swsh7-70,Golurk V,Evolving Skies,modern,Rare Holo V,220.0,3,2,180,0.3987761199573678,-0.15517241379310343,3.509924709103354,0.58,0.49,2,0
swsh7-73,Florges,Evolving Skies,modern,Rare Holo,130.0,2,1,110,0.22314355131420976,0.0,3.509924709103354,0.25,0.25,0,0
swsh7-71,Flabébé,Evolving Skies,modern,Common,40.0,1,1,0,0.11332868530700317,0.09090909090909083,3.509924709103354,0.11,0.12,0,2
swsh7-72,Floette,Evolving Skies,modern,Uncommon,70.0,1,2,50,0.10436001532424277,0.0,3.509924709103354,0.11,0.11,0,1
swsh7-74,Sylveon V,Evolving Skies,modern,Rare Holo V,200.0,1,1,60,1.3837912309017721,0.4037558685446012,3.509924709103354,2.13,2.99,0,0
swsh7-75,Sylveon VMAX,Evolving Skies,modern,Rare Holo VMAX,310.0,2,2,70,2.3135250330323798,-0.07135575942915406,3.509924709103354,9.81,9.11,2,0
swsh7-76,Pumpkaboo,Evolving Skies,modern,Common,60.0,2,1,20,0.17395330712343804,-0.09523809523809523,3.509924709103354,0.21,0.19,0,2
swsh7-77,Gourgeist,Evolving Skies,modern,Rare,120.0,2,1,60,0.11332868530700317,-0.07692307692307698,3.509924709103354,0.13,0.12,0,2
swsh7-78,Cutiefly,Evolving Skies,modern,Common,30.0,0,1,10,0.12221763272424921,0.18181818181818188,3.509924709103354,0.11,0.13,0,2
swsh7-81,Hitmonchan,Evolving Skies,modern,Common,110.0,1,2,40,0.15700374880966478,0.0,3.509924709103354,0.17,0.17,0,1
swsh7-79,Ribombee,Evolving Skies,modern,Uncommon,70.0,0,1,30,0.12221763272424921,-0.23529411764705888,3.509924709103354,0.17,0.13,0,2
swsh7-80,Marshadow,Evolving Skies,modern,Rare Holo,80.0,1,2,10,0.20701416938432615,0.0,3.509924709103354,0.23,0.23,0,1
swsh7-83,Medicham V,Evolving Skies,modern,Rare Holo V,210.0,2,2,100,0.4054651081081644,-0.09090909090909094,3.509924709103354,0.55,0.5,2,0
swsh7-84,Hippopotas,Evolving Skies,modern,Common,100.0,4,2,50,0.07696104113612832,-0.20000000000000007,3.509924709103354,0.1,0.08,2,1
swsh7-85,Hippowdon,Evolving Skies,modern,Uncommon,150.0,4,2,220,0.12221763272424921,0.0,3.509924709103354,0.13,0.13,2,0
swsh7-82,Galarian Zapdos,Evolving Skies,modern,Rare Holo,110.0,0,1,70,0.2546422183735807,0.1153846153846152,3.509924709103354,0.26,0.29,0,2
swsh7-88,Gigalith,Evolving Skies,modern,Rare,180.0,4,2,180,0.19062035960864973,0.23529411764705865,3.509924709103354,0.17,0.21,2,1
swsh7-86,Roggenrola,Evolving Skies,modern,Common,70.0,3,2,20,0.1397619423751587,0.0,3.509924709103354,0.15,0.15,0,1
swsh7-87,Boldore,Evolving Skies,modern,Uncommon,110.0,4,2,60,0.13102826240640408,0.0,3.509924709103354,0.14,0.14,2,1
swsh7-90,Seismitoad,Evolving Skies,modern,Rare,170.0,3,2,160,0.1397619423751587,0.0,3.509924709103354,0.15,0.15,2,0
swsh7-89,Palpitoad,Evolving Skies,modern,Uncommon,100.0,3,2,50,0.08617769624105233,-0.10000000000000009,3.509924709103354,0.1,0.09,0,1
swsh7-91,Lycanroc V,Evolving Skies,modern,Rare Holo V,200.0,1,2,200,0.5068176023684519,0.26923076923076916,3.509924709103354,0.52,0.66,2,0
swsh7-94,Umbreon V,Evolving Skies,modern,Rare Holo V,200.0,2,2,80,1.4770487243883548,-0.09866666666666668,3.509924709103354,3.75,3.38,2,0
swsh7-92,Lycanroc VMAX,Evolving Skies,modern,Rare Holo VMAX,320.0,1,2,190,0.9745596399981308,0.10738255033557031,3.509924709103354,1.49,1.65,2,0
swsh7-96,Nuzleaf,Evolving Skies,modern,Uncommon,80.0,1,1,20,0.10436001532424277,-0.08333333333333326,3.509924709103354,0.12,0.11,0,2
swsh7-95,Umbreon VMAX,Evolving Skies,modern,Rare Holo VMAX,310.0,2,1,160,2.9269179575536315,0.005119453924914863,3.509924709103354,17.58,17.67,2,0
swsh7-93,Galarian Moltres,Evolving Skies,modern,Rare Holo,120.0,2,1,20,0.3506568716131694,0.19999999999999996,3.509924709103354,0.35,0.42,0,2
swsh7-99,Scrafty,Evolving Skies,modern,Uncommon,120.0,2,2,90,0.10436001532424277,0.22222222222222232,3.509924709103354,0.09,0.11,0,1
swsh7-98,Scraggy,Evolving Skies,modern,Common,70.0,1,1,10,0.1484200051182733,0.1428571428571428,3.509924709103354,0.14,0.16,0,2
swsh7-97,Shiftry,Evolving Skies,modern,Rare,150.0,3,2,130,0.13102826240640408,-0.06666666666666654,3.509924709103354,0.15,0.14,2,0
swsh7-103,Zoroark,Evolving Skies,modern,Rare Holo,120.0,2,1,70,0.262364264467491,-0.032258064516129115,3.509924709103354,0.31,0.3,0,2
swsh7-102,Zorua,Evolving Skies,modern,Common,70.0,1,1,30,0.16551443847757338,0.0588235294117645,3.509924709103354,0.17,0.18,0,2
swsh7-100,Garbodor V,Evolving Skies,modern,Rare Holo V,210.0,3,2,130,0.4700036292457356,-0.15492957746478875,3.509924709103354,0.71,0.6,2,0
swsh7-101,Garbodor VMAX,Evolving Skies,modern,Rare Holo VMAX,330.0,3,1,120,0.9895411936137477,0.2158273381294964,3.509924709103354,1.39,1.69,2,0
swsh7-106,Altaria,Evolving Skies,modern,Rare,90.0,0,1,60,0.1484200051182733,0.1428571428571428,3.509924709103354,0.14,0.16,0,2
swsh7-104,Nickit,Evolving Skies,modern,Common,70.0,1,1,30,0.1484200051182733,0.06666666666666665,3.509924709103354,0.15,0.16,0,2
swsh7-105,Thievul,Evolving Skies,modern,Rare,100.0,1,1,60,0.12221763272424921,0.0,3.509924709103354,0.13,0.13,0,2
swsh7-108,Shelgon,Evolving Skies,modern,Uncommon,90.0,3,1,50,0.1397619423751587,-0.0625,3.509924709103354,0.16,0.15,0,2
swsh7-107,Bagon,Evolving Skies,modern,Common,70.0,2,2,30,0.1397619423751587,-0.0625,3.509924709103354,0.16,0.15,0,1
swsh7-109,Salamence,Evolving Skies,modern,Rare Holo,170.0,2,1,100,0.2851789422336624,0.0,3.509924709103354,0.33,0.33,0,0
swsh7-111,Rayquaza VMAX,Evolving Skies,modern,Rare Holo VMAX,320.0,2,1,20,1.884034745337226,0.041044776119402826,3.509924709103354,5.36,5.58,2,0
swsh7-112,Dialga,Evolving Skies,modern,Rare Holo,130.0,2,2,210,0.22314355131420976,0.04166666666666674,3.509924709103354,0.24,0.25,2,0
swsh7-113,Deino,Evolving Skies,modern,Common,60.0,1,2,30,0.13102826240640408,0.0,3.509924709103354,0.14,0.14,0,1
swsh7-110,Rayquaza V,Evolving Skies,modern,Rare Holo V,210.0,2,2,40,0.5822156198526637,0.025974025974025983,3.509924709103354,0.77,0.79,2,0
swsh7-116,Kyurem,Evolving Skies,modern,Rare Holo,120.0,2,1,60,0.22314355131420976,0.13636363636363646,3.509924709103354,0.22,0.25,0,2
swsh7-115,Hydreigon,Evolving Skies,modern,Rare Holo,170.0,3,2,210,0.20701416938432615,-0.04166666666666663,3.509924709103354,0.24,0.23,2,0
swsh7-117,Noivern V,Evolving Skies,modern,Rare Holo V,200.0,0,2,60,0.5653138090500605,0.2881355932203391,3.509924709103354,0.59,0.76,0,0
swsh7-114,Zweilous,Evolving Skies,modern,Uncommon,100.0,2,2,100,0.13102826240640408,0.0,3.509924709103354,0.14,0.14,0,1
swsh7-119,Drampa,Evolving Skies,modern,Rare,120.0,2,2,70,0.16551443847757338,-0.10000000000000009,3.509924709103354,0.2,0.18,0,1
swsh7-118,Zygarde,Evolving Skies,modern,Rare Holo,130.0,2,2,30,0.18232155679395465,-0.04761904761904756,3.509924709103354,0.21,0.2,0,1
swsh7-120,Flapple,Evolving Skies,modern,Rare,80.0,1,2,80,0.1988508587451652,-0.12,3.509924709103354,0.25,0.22,0,1
swsh7-121,Appletun,Evolving Skies,modern,Rare,90.0,3,2,80,0.19062035960864973,0.16666666666666674,3.509924709103354,0.18,0.21,0,1
swsh7-122,Duraludon V,Evolving Skies,modern,Rare Holo V,220.0,2,2,140,0.3852624007906449,-0.02083333333333337,3.509924709103354,0.48,0.47,2,0
swsh7-124,Regidrago,Evolving Skies,modern,Rare Holo,130.0,3,2,240,0.23901690047049992,0.03846153846153855,3.509924709103354,0.26,0.27,2,0
swsh7-123,Duraludon VMAX,Evolving Skies,modern,Rare Holo VMAX,330.0,3,1,220,0.8415671856782186,-0.014925373134328401,3.509924709103354,1.34,1.32,2,0
swsh7-128,Smeargle,Evolving Skies,modern,Rare,80.0,1,1,30,0.19062035960864973,0.0,3.509924709103354,0.21,0.21,0,2
swsh7-126,Teddiursa,Evolving Skies,modern,Common,70.0,2,1,10,0.1397619423751587,0.0,3.509924709103354,0.15,0.15,0,2
swsh7-129,Slakoth,Evolving Skies,modern,Common,70.0,2,1,30,0.10436001532424277,0.09999999999999987,3.509924709103354,0.1,0.11,0,2
swsh7-130,Vigoroth,Evolving Skies,modern,Uncommon,90.0,1,2,50,0.12221763272424921,-0.07142857142857151,3.509924709103354,0.14,0.13,0,1
swsh7-125,Eevee,Evolving Skies,modern,Common,70.0,1,2,20,0.3074846997479606,-0.18181818181818188,3.509924709103354,0.44,0.36,0,1
swsh7-127,Ursaring,Evolving Skies,modern,Uncommon,140.0,3,2,110,0.12221763272424921,-0.1875,3.509924709103354,0.16,0.13,2,0
swsh7-131,Slaking,Evolving Skies,modern,Rare Holo,180.0,4,1,120,0.20701416938432615,0.0,3.509924709103354,0.23,0.23,2,0
swsh7-132,Swablu,Evolving Skies,modern,Common,50.0,1,1,30,0.15700374880966478,-0.05555555555555547,3.509924709103354,0.18,0.17,0,2
swsh7-138,Fletchling,Evolving Skies,modern,Common,40.0,1,2,20,0.09531017980432487,0.11111111111111116,3.509924709103354,0.09,0.1,0,1
swsh7-134,Herdier,Evolving Skies,modern,Uncommon,100.0,2,2,80,0.11332868530700317,0.0,3.509924709103354,0.12,0.12,0,1
swsh7-133,Lillipup,Evolving Skies,modern,Common,60.0,1,2,20,0.13102826240640408,0.0769230769230771,3.509924709103354,0.13,0.14,0,1
swsh7-136,Rufflet,Evolving Skies,modern,Common,60.0,1,1,10,0.1484200051182733,-0.05882352941176472,3.509924709103354,0.17,0.16,0,2
swsh7-137,Braviary,Evolving Skies,modern,Uncommon,130.0,1,2,150,0.1397619423751587,0.0714285714285714,3.509924709103354,0.14,0.15,0,1
swsh7-139,Fletchinder,Evolving Skies,modern,Uncommon,80.0,1,1,20,0.08617769624105233,0.0,3.509924709103354,0.09,0.09,0,2
swsh7-135,Stoutland,Evolving Skies,modern,Rare,160.0,3,1,120,0.13102826240640408,0.0,3.509924709103354,0.14,0.14,2,0
swsh7-140,Talonflame,Evolving Skies,modern,Rare,140.0,0,2,80,0.19062035960864973,0.0,3.509924709103354,0.21,0.21,0,1
swsh7-166,Leafeon V,Evolving Skies,modern,Rare Ultra,200.0,1,1,90,2.7006898466959175,-0.005726556907659219,3.509924709103354,13.97,13.89,2,0
swsh7-167,Leafeon V,Evolving Skies,modern,Rare Ultra,200.0,1,1,90,5.0463884638020735,0.05390283842794763,3.509924709103354,146.56,154.46,2,0
swsh7-168,Trevenant V,Evolving Skies,modern,Rare Ultra,210.0,2,2,120,1.1908875647772805,0.07511737089201875,3.509924709103354,2.13,2.29,2,0
swsh7-169,Flareon V,Evolving Skies,modern,Rare Ultra,210.0,2,2,120,2.5900171341906173,-0.024525316455696222,3.509924709103354,12.64,12.33,2,0
swsh7-173,Suicune V,Evolving Skies,modern,Rare Ultra,210.0,2,1,20,1.860974538249528,0.03824091778202665,3.509924709103354,5.23,5.43,0,0
swsh7-170,Volcarona V,Evolving Skies,modern,Rare Ultra,210.0,2,2,160,1.6639260977181702,0.09743589743589753,3.509924709103354,3.9,4.28,2,0
swsh7-171,Gyarados V,Evolving Skies,modern,Rare Ultra,220.0,3,2,180,2.309560706730471,0.019101123595505642,3.509924709103354,8.9,9.07,2,0
swsh7-172,Vaporeon V,Evolving Skies,modern,Rare Ultra,210.0,2,2,90,2.9258461460898246,0.023781902552204137,3.509924709103354,17.24,17.65,2,0
swsh7-178,Dracozolt V,Evolving Skies,modern,Rare Ultra,220.0,3,2,180,1.1537315878891892,0.05339805825242716,3.509924709103354,2.06,2.17,2,0
swsh7-177,Jolteon V,Evolving Skies,modern,Rare Ultra,190.0,0,2,60,3.0086484988205373,-0.012813941568426412,3.509924709103354,19.51,19.26,0,0
swsh7-174,Glaceon V,Evolving Skies,modern,Rare Ultra,210.0,2,2,120,2.750470916986162,0.004112405757368043,3.509924709103354,14.59,14.65,2,0
swsh7-175,Glaceon V,Evolving Skies,modern,Rare Ultra,210.0,2,2,120,4.96535894922662,-0.016850828729281786,3.509924709103354,144.8,142.36,2,0
swsh7-176,Arctovish V,Evolving Skies,modern,Rare Ultra,220.0,2,2,220,0.9969486348916096,-0.050000000000000044,3.509924709103354,1.8,1.71,2,0
swsh7-180,Espeon V,Evolving Skies,modern,Rare Ultra,200.0,1,2,120,5.13143599424196,-0.022028480092996294,3.509924709103354,172.05,168.26,2,0
swsh7-181,Golurk V,Evolving Skies,modern,Rare Ultra,220.0,3,2,180,1.3937663759585914,0.13909774436090205,3.509924709103354,2.66,3.03,2,0
swsh7-179,Espeon V,Evolving Skies,modern,Rare Ultra,200.0,1,2,120,2.710048203764883,-0.03838245373543525,3.509924709103354,14.59,14.03,2,0
swsh7-184,Sylveon V,Evolving Skies,modern,Rare Ultra,200.0,1,1,60,4.987366667156902,0.024062478013086697,3.509924709103354,142.13,145.55,2,0
swsh7-182,Golurk V,Evolving Skies,modern,Rare Ultra,220.0,3,2,180,3.071303460401065,0.007839294463498403,3.509924709103354,20.41,20.57,2,0
swsh7-185,Medicham V,Evolving Skies,modern,Rare Ultra,210.0,2,2,100,1.0612565021243408,-0.02577319587628868,3.509924709103354,1.94,1.89,2,0
swsh7-186,Medicham V,Evolving Skies,modern,Rare Ultra,210.0,2,2,100,2.6979998652487085,0.054033485540334825,3.509924709103354,13.14,13.85,2,0
swsh7-183,Sylveon V,Evolving Skies,modern,Rare Ultra,200.0,1,1,60,3.212455257065278,-0.04830339321357291,3.509924709103354,25.05,23.84,2,0
swsh7-187,Lycanroc V,Evolving Skies,modern,Rare Ultra,200.0,1,2,200,1.3297240096314962,0.12550607287449367,3.509924709103354,2.47,2.78,2,0
swsh7-188,Umbreon V,Evolving Skies,modern,Rare Ultra,200.0,2,2,80,3.6740195912069122,0.07984256395839173,3.509924709103354,35.57,38.41,2,0
swsh7-189,Umbreon V,Evolving Skies,modern,Rare Ultra,200.0,2,2,80,5.636645023668709,0.05344086831989148,3.509924709103354,265.34,279.52,2,0
swsh7-191,Dragonite V,Evolving Skies,modern,Rare Ultra,230.0,3,2,250,2.8524391037275145,0.0542285345384117,3.509924709103354,15.49,16.33,2,0
swsh7-190,Garbodor V,Evolving Skies,modern,Rare Ultra,210.0,3,2,130,1.2809338454620642,0.12554112554112562,3.509924709103354,2.31,2.6,2,0
swsh7-193,Rayquaza V,Evolving Skies,modern,Rare Ultra,210.0,2,2,40,3.031099417391282,0.023352361183186288,3.509924709103354,19.27,19.72,2,0
swsh7-192,Dragonite V,Evolving Skies,modern,Rare Ultra,230.0,3,2,250,5.406364270631171,0.024336181020549352,3.509924709103354,216.55,221.82,2,0
swsh7-195,Noivern V,Evolving Skies,modern,Rare Ultra,200.0,0,2,60,1.3110318766193438,-0.08445945945945943,3.509924709103354,2.96,2.71,0,0
swsh7-194,Rayquaza V,Evolving Skies,modern,Rare Ultra,210.0,2,2,40,5.325154020501596,0.03409205867475973,3.509924709103354,197.7,204.44,2,0
swsh7-196,Noivern V,Evolving Skies,modern,Rare Ultra,200.0,0,2,60,3.673765816303888,-0.007238883143743546,3.509924709103354,38.68,38.4,0,0
swsh7-197,Duraludon V,Evolving Skies,modern,Rare Ultra,220.0,2,2,140,1.000631880307906,0.10967741935483866,3.509924709103354,1.55,1.72,2,0
swsh7-198,Duraludon V,Evolving Skies,modern,Rare Ultra,220.0,2,2,140,2.5687881337687024,-0.009860312243220926,3.509924709103354,12.17,12.05,2,0
swsh7-205,Leafeon VMAX,Evolving Skies,modern,Rare Rainbow,310.0,2,2,170,6.101976769905411,0.016858674575111143,3.509924709103354,438.35,445.74,2,0
swsh7-204,Leafeon VMAX,Evolving Skies,modern,Rare Rainbow,310.0,2,2,170,3.530176762918616,-0.013988095238095188,3.509924709103354,33.6,33.13,2,0
swsh7-206,Trevenant VMAX,Evolving Skies,modern,Rare Rainbow,320.0,3,2,180,2.030776369698555,0.07119741100323629,3.509924709103354,6.18,6.62,2,0
swsh7-208,Glaceon VMAX,Evolving Skies,modern,Rare Rainbow,310.0,2,1,150,3.2954664270299134,0.0015414258188823915,3.509924709103354,25.95,25.99,2,0
swsh7-207,Gyarados VMAX,Evolving Skies,modern,Rare Rainbow,330.0,4,2,240,3.5284172316728752,0.01566339066339051,3.509924709103354,32.56,33.07,2,0
swsh7-212,Sylveon VMAX,Evolving Skies,modern,Rare Rainbow,310.0,2,2,70,6.047514012959004,-0.029814035813621964,3.509924709103354,435.03,422.06,2,0
swsh7-210,Dracozolt VMAX,Evolving Skies,modern,Rare Rainbow,330.0,3,2,200,1.9754689512968577,0.07068965517241388,3.509924709103354,5.8,6.21,2,0
swsh7-211,Sylveon VMAX,Evolving Skies,modern,Rare Rainbow,310.0,2,2,70,3.7290612437467683,0.012708696735609148,3.509924709103354,40.13,40.64,2,0
swsh7-209,Glaceon VMAX,Evolving Skies,modern,Rare Rainbow,310.0,2,1,150,5.88095189306046,0.01512093908990142,3.509924709103354,351.83,357.15,2,0
swsh7-213,Lycanroc VMAX,Evolving Skies,modern,Rare Rainbow,320.0,1,2,190,2.0992441689760155,0.00561797752808979,3.509924709103354,7.12,7.16,2,0
swsh7-214,Umbreon VMAX,Evolving Skies,modern,Rare Rainbow,310.0,2,1,160,3.952588967174808,0.028186027783370315,3.509924709103354,49.67,51.07,2,0
swsh7-218,Rayquaza VMAX,Evolving Skies,modern,Rare Rainbow,320.0,2,1,20,6.636956544164193,0.01390885375073192,3.509924709103354,751.32,761.77,2,0
swsh7-216,Garbodor VMAX,Evolving Skies,modern,Rare Rainbow,330.0,3,1,120,1.9726911717329554,0.011437908496731986,3.509924709103354,6.12,6.19,2,0
swsh7-215,Umbreon VMAX,Evolving Skies,modern,Rare Rainbow,310.0,2,1,160,7.455096036041947,-0.011489188833515462,3.509924709103354,1747.73,1727.65,2,0
swsh7-217,Rayquaza VMAX,Evolving Skies,modern,Rare Rainbow,320.0,2,1,20,3.847377811934615,0.017073170731707332,3.509924709103354,45.1,45.87,2,0
swsh7-219,Duraludon VMAX,Evolving Skies,modern,Rare Rainbow,330.0,3,1,220,2.124653884501384,-0.005398110661268607,3.509924709103354,7.41,7.37,2,0
swsh7-220,Duraludon VMAX,Evolving Skies,modern,Rare Rainbow,330.0,3,1,220,3.078693794268338,-0.03983325613710054,3.509924709103354,21.59,20.73,2,0
swsh7-228,Cresselia,Evolving Skies,modern,Rare Secret,120.0,1,2,30,2.3997118037247684,0.05807814149947199,3.509924709103354,9.47,10.02,0,1
swsh7-226,Froslass,Evolving Skies,modern,Rare Secret,90.0,1,1,90,1.8809906029559975,0.020183486238531945,3.509924709103354,5.45,5.56,0,2
swsh7-227,Inteleon,Evolving Skies,modern,Rare Secret,150.0,1,1,70,2.0162354657760435,-0.06866952789699576,3.509924709103354,6.99,6.51,0,0
swsh8-1,Caterpie,Fusion Strike,modern,Common,50.0,1,2,10,0.19062035960864973,0.04999999999999982,3.299110198494182,0.2,0.21,0,1
swsh8-2,Metapod,Fusion Strike,modern,Uncommon,80.0,3,1,10,0.17395330712343804,0.11764705882352944,3.299110198494182,0.17,0.19,0,2
swsh8-3,Butterfree,Fusion Strike,modern,Rare Holo,120.0,1,1,90,0.2546422183735807,0.03571428571428559,3.299110198494182,0.28,0.29,0,2
swsh8-4,Shroomish,Fusion Strike,modern,Common,60.0,1,2,20,0.1484200051182733,0.06666666666666665,3.299110198494182,0.15,0.16,0,1
swsh8-6,Breloom V,Fusion Strike,modern,Rare Holo V,210.0,2,2,140,0.5481214085096876,0.37735849056603765,3.299110198494182,0.53,0.73,2,0
swsh8-5,Breloom,Fusion Strike,modern,Uncommon,120.0,2,2,150,0.16551443847757338,0.0588235294117645,3.299110198494182,0.17,0.18,2,0
swsh8-7,Pansage,Fusion Strike,modern,Common,60.0,1,1,20,0.17395330712343804,0.05555555555555558,3.299110198494182,0.18,0.19,0,2
swsh8-8,Simisage,Fusion Strike,modern,Uncommon,100.0,1,2,70,0.16551443847757338,0.0,3.299110198494182,0.18,0.18,0,1
swsh8-9,Sewaddle,Fusion Strike,modern,Common,50.0,1,1,10,0.1988508587451652,0.0,3.299110198494182,0.22,0.22,0,2
swsh8-10,Swadloon,Fusion Strike,modern,Uncommon,80.0,2,2,60,0.23901690047049992,0.0,3.299110198494182,0.27,0.27,0,1
swsh8-11,Leavanny,Fusion Strike,modern,Rare,130.0,1,2,120,0.23111172096338664,0.13043478260869557,3.299110198494182,0.23,0.26,0,1
swsh8-12,Maractus,Fusion Strike,modern,Rare,110.0,2,2,50,0.1988508587451652,0.0,3.299110198494182,0.22,0.22,0,1
swsh8-13,Shelmet,Fusion Strike,modern,Common,70.0,3,1,20,0.15700374880966478,0.0,3.299110198494182,0.17,0.17,0,2
swsh8-17,Trevenant,Fusion Strike,modern,Uncommon,120.0,2,2,90,0.1988508587451652,0.0,3.299110198494182,0.22,0.22,0,1
swsh8-16,Phantump,Fusion Strike,modern,Common,60.0,1,2,20,0.13102826240640408,0.0,3.299110198494182,0.14,0.14,0,1
swsh8-14,Accelgor,Fusion Strike,modern,Rare,90.0,1,1,120,0.18232155679395465,0.0,3.299110198494182,0.2,0.2,0,2
swsh8-15,Virizion,Fusion Strike,modern,Rare,110.0,1,2,90,0.19062035960864973,0.0,3.299110198494182,0.21,0.21,0,1
swsh8-18,Grubbin,Fusion Strike,modern,Common,70.0,2,2,50,0.1484200051182733,-0.05882352941176472,3.299110198494182,0.17,0.16,0,1
swsh8-20,Araquanid,Fusion Strike,modern,Rare,120.0,2,2,110,0.1988508587451652,0.0,3.299110198494182,0.22,0.22,0,1
swsh8-19,Dewpider,Fusion Strike,modern,Common,50.0,1,1,20,0.10436001532424277,-0.08333333333333326,3.299110198494182,0.12,0.11,0,2
swsh8-22,Rillaboom V,Fusion Strike,modern,Rare Holo V,220.0,2,2,160,0.3987761199573678,-0.020000000000000018,3.299110198494182,0.5,0.49,2,0
swsh8-21,Tsareena V,Fusion Strike,modern,Rare Holo V,200.0,2,1,20,0.4252677354043441,0.1777777777777778,3.299110198494182,0.45,0.53,0,0
swsh8-24,Gossifleur,Fusion Strike,modern,Common,50.0,1,1,10,0.1484200051182733,0.06666666666666665,3.299110198494182,0.15,0.16,0,2
swsh8-25,Eldegoss,Fusion Strike,modern,Uncommon,90.0,1,1,50,0.16551443847757338,0.0588235294117645,3.299110198494182,0.17,0.18,0,2
swsh8-23,Rillaboom VMAX,Fusion Strike,modern,Rare Holo VMAX,330.0,3,1,180,0.9042181506398859,0.006849315068493178,3.299110198494182,1.46,1.47,2,0
swsh8-26,Appletun V,Fusion Strike,modern,Rare Holo V,210.0,3,2,100,0.5364933705145685,0.18333333333333335,3.299110198494182,0.6,0.71,2,0
swsh8-27,Zarude,Fusion Strike,modern,Uncommon,110.0,2,2,40,0.2546422183735807,0.0,3.299110198494182,0.29,0.29,0,1
swsh8-31,Ninetales,Fusion Strike,modern,Uncommon,120.0,2,1,60,0.27002713721306015,0.0,3.299110198494182,0.31,0.31,0,2
swsh8-29,Vulpix,Fusion Strike,modern,Common,70.0,1,1,10,0.262364264467491,0.15384615384615374,3.299110198494182,0.26,0.3,0,2
swsh8-30,Ninetales,Fusion Strike,modern,Uncommon,110.0,1,1,70,0.27002713721306015,0.03333333333333344,3.299110198494182,0.3,0.31,0,2
swsh8-28,Vulpix,Fusion Strike,modern,Common,70.0,1,1,30,0.19062035960864973,0.04999999999999982,3.299110198494182,0.2,0.21,0,2
swsh8-34,Slugma,Fusion Strike,modern,Common,80.0,3,2,20,0.10436001532424277,0.0,3.299110198494182,0.11,0.11,0,1
swsh8-32,Growlithe,Fusion Strike,modern,Common,80.0,2,2,30,0.1484200051182733,-0.05882352941176472,3.299110198494182,0.17,0.16,0,1
swsh8-33,Arcanine,Fusion Strike,modern,Rare,130.0,2,2,160,0.262364264467491,0.0,3.299110198494182,0.3,0.3,2,0
swsh8-35,Magcargo,Fusion Strike,modern,Uncommon,130.0,3,2,150,0.16551443847757338,0.0588235294117645,3.299110198494182,0.17,0.18,2,0
swsh8-42,Oricorio,Fusion Strike,modern,Rare,90.0,1,1,0,0.15700374880966478,0.0625,3.299110198494182,0.16,0.17,0,2
swsh8-37,Pansear,Fusion Strike,modern,Common,60.0,1,1,30,0.16551443847757338,0.0,3.299110198494182,0.18,0.18,0,2
swsh8-38,Simisear,Fusion Strike,modern,Uncommon,100.0,1,2,60,0.1988508587451652,0.09999999999999987,3.299110198494182,0.2,0.22,0,1
swsh8-39,Chandelure V,Fusion Strike,modern,Rare Holo V,200.0,2,2,40,0.5364933705145685,0.26785714285714257,3.299110198494182,0.56,0.71,2,0
swsh8-40,Chandelure VMAX,Fusion Strike,modern,Rare Holo VMAX,320.0,2,1,70,1.007957920399979,0.041916167664670656,3.299110198494182,1.67,1.74,2,0
swsh8-43,Cinderace V,Fusion Strike,modern,Rare Holo V,220.0,2,1,210,0.3987761199573678,0.0,3.299110198494182,0.49,0.49,2,0
swsh8-36,Victini,Fusion Strike,modern,Uncommon,80.0,1,2,20,0.17395330712343804,0.05555555555555558,3.299110198494182,0.18,0.19,0,1
swsh8-41,Heatmor,Fusion Strike,modern,Uncommon,110.0,2,2,90,0.2151113796169455,0.0,3.299110198494182,0.24,0.24,0,1
swsh8-48,Centiskorch,Fusion Strike,modern,Rare,130.0,2,2,120,0.16551443847757338,0.0,3.299110198494182,0.18,0.18,2,1
swsh8-44,Cinderace V,Fusion Strike,modern,Rare Holo V,210.0,2,2,210,0.4252677354043441,0.06000000000000005,3.299110198494182,0.5,0.53,2,0
swsh8-49,Centiskorch,Fusion Strike,modern,Uncommon,130.0,3,2,100,0.16551443847757338,0.0588235294117645,3.299110198494182,0.17,0.18,2,1
swsh8-45,Cinderace VMAX,Fusion Strike,modern,Rare Holo VMAX,320.0,2,1,230,1.0986122886681098,0.0,3.299110198494182,2.0,2.0,2,0
swsh8-46,Sizzlipede,Fusion Strike,modern,Common,80.0,2,2,20,0.16551443847757338,0.0588235294117645,3.299110198494182,0.17,0.18,0,1
swsh8-47,Sizzlipede,Fusion Strike,modern,Common,70.0,2,1,0,0.15700374880966478,0.0,3.299110198494182,0.17,0.17,0,2
swsh8-50,Shellder,Fusion Strike,modern,Common,70.0,2,2,20,0.20701416938432615,0.045454545454545414,3.299110198494182,0.22,0.23,0,1
swsh8-53,Starmie,Fusion Strike,modern,Rare Holo,90.0,1,1,0,0.23901690047049992,0.03846153846153855,3.299110198494182,0.26,0.27,0,2
swsh8-51,Cloyster,Fusion Strike,modern,Rare,130.0,2,1,60,0.29266961396282,0.1724137931034484,3.299110198494182,0.29,0.34,0,2
swsh8-55,Totodile,Fusion Strike,modern,Common,70.0,1,1,20,0.18232155679395465,0.05263157894736836,3.299110198494182,0.19,0.2,0,2
swsh8-54,Lapras,Fusion Strike,modern,Uncommon,120.0,2,2,0,0.23111172096338664,0.040000000000000036,3.299110198494182,0.25,0.26,0,1
swsh8-52,Staryu,Fusion Strike,modern,Common,60.0,1,2,10,0.19062035960864973,0.04999999999999982,3.299110198494182,0.2,0.21,0,1
swsh8-56,Croconaw,Fusion Strike,modern,Uncommon,100.0,2,2,60,0.19062035960864973,0.0,3.299110198494182,0.21,0.21,0,1
swsh8-57,Feraligatr,Fusion Strike,modern,Rare Holo,170.0,3,1,140,0.23111172096338664,-0.07142857142857151,3.299110198494182,0.28,0.26,2,0
swsh8-61,Mantine,Fusion Strike,modern,Common,110.0,1,2,80,0.1397619423751587,0.0,3.299110198494182,0.15,0.15,0,1
swsh8-58,Marill,Fusion Strike,modern,Common,50.0,1,2,20,0.2776317365982795,-0.030303030303030276,3.299110198494182,0.33,0.32,0,1
swsh8-59,Azumarill,Fusion Strike,modern,Rare,120.0,2,2,90,0.17395330712343804,0.0,3.299110198494182,0.19,0.19,0,1
swsh8-60,Qwilfish,Fusion Strike,modern,Common,80.0,1,2,30,0.1988508587451652,-0.0434782608695653,3.299110198494182,0.23,0.22,0,1
swsh8-62,Mudkip,Fusion Strike,modern,Common,70.0,1,2,30,0.3074846997479606,0.0588235294117645,3.299110198494182,0.34,0.36,0,1
swsh8-63,Marshtomp,Fusion Strike,modern,Uncommon,90.0,2,2,80,0.262364264467491,0.034482758620689724,3.299110198494182,0.29,0.3,0,1
swsh8-65,Clamperl,Fusion Strike,modern,Common,60.0,2,1,10,0.16551443847757338,0.0,3.299110198494182,0.18,0.18,0,2
swsh8-66,Huntail,Fusion Strike,modern,Rare,110.0,1,1,80,0.17395330712343804,-0.050000000000000044,3.299110198494182,0.2,0.19,0,2
swsh8-64,Swampert,Fusion Strike,modern,Rare Holo,170.0,3,1,180,0.2546422183735807,-0.27500000000000013,3.299110198494182,0.4,0.29,2,0
swsh8-69,Simipour,Fusion Strike,modern,Uncommon,100.0,1,2,60,0.1397619423751587,0.0,3.299110198494182,0.15,0.15,0,1
swsh8-70,Basculin,Fusion Strike,modern,Common,80.0,1,1,30,0.15700374880966478,0.0,3.299110198494182,0.17,0.17,0,2
swsh8-71,Galarian Darumaka,Fusion Strike,modern,Common,80.0,2,1,20,0.16551443847757338,0.0588235294117645,3.299110198494182,0.17,0.18,0,2
swsh8-68,Panpour,Fusion Strike,modern,Common,60.0,1,1,10,0.1484200051182733,0.0,3.299110198494182,0.16,0.16,0,2
swsh8-67,Gorebyss,Fusion Strike,modern,Rare,110.0,1,1,50,0.20701416938432615,-0.07999999999999996,3.299110198494182,0.25,0.23,0,2
swsh8-74,Clauncher,Fusion Strike,modern,Common,70.0,2,2,20,0.1988508587451652,0.04761904761904767,3.299110198494182,0.21,0.22,0,1
swsh8-73,Greninja V,Fusion Strike,modern,Rare Holo V,210.0,2,2,80,0.883767540168595,0.10077519379844957,3.299110198494182,1.29,1.42,2,0
swsh8-72,Galarian Darmanitan,Fusion Strike,modern,Uncommon,130.0,2,2,130,0.16551443847757338,0.0,3.299110198494182,0.18,0.18,2,1
swsh8-75,Clawitzer,Fusion Strike,modern,Uncommon,110.0,2,2,110,0.19062035960864973,0.0,3.299110198494182,0.21,0.21,0,1
swsh8-78,Inteleon V,Fusion Strike,modern,Rare Holo V,200.0,2,2,120,0.5128236264286639,0.17543859649122817,3.299110198494182,0.57,0.67,2,0
swsh8-76,Crabominable V,Fusion Strike,modern,Rare Holo V,220.0,4,2,90,0.37156355643248307,0.0714285714285714,3.299110198494182,0.42,0.45,2,0
swsh8-77,Pyukumuku,Fusion Strike,modern,Uncommon,80.0,1,1,50,0.2776317365982795,0.1428571428571428,3.299110198494182,0.28,0.32,0,2
swsh8-79,Inteleon VMAX,Fusion Strike,modern,Rare Holo VMAX,320.0,2,1,70,0.9042181506398859,0.185483870967742,3.299110198494182,1.24,1.47,2,0
swsh8-82,Arrokuda,Fusion Strike,modern,Common,60.0,1,1,10,0.18232155679395465,0.0,3.299110198494182,0.2,0.2,0,2
swsh8-80,Chewtle,Fusion Strike,modern,Common,80.0,2,1,30,0.16551443847757338,0.0588235294117645,3.299110198494182,0.17,0.18,0,2
swsh8-81,Drednaw,Fusion Strike,modern,Uncommon,140.0,4,1,80,0.18232155679395465,0.0,3.299110198494182,0.2,0.2,2,0
swsh8-83,Barraskewda,Fusion Strike,modern,Uncommon,120.0,1,1,50,0.2468600779315258,0.03703703703703698,3.299110198494182,0.27,0.28,0,2
swsh8-84,Snom,Fusion Strike,modern,Common,40.0,1,1,0,0.18232155679395465,-0.16666666666666663,3.299110198494182,0.24,0.2,0,2
swsh8-85,Frosmoth,Fusion Strike,modern,Uncommon,90.0,1,2,160,0.15700374880966478,0.0625,3.299110198494182,0.16,0.17,0,1
swsh8-86,Pikachu V,Fusion Strike,modern,Rare Holo V,200.0,1,2,100,0.7323678937132266,0.05882352941176472,3.299110198494182,1.02,1.08,2,0
swsh8-89,Plusle,Fusion Strike,modern,Common,70.0,1,1,20,0.16551443847757338,0.0,3.299110198494182,0.18,0.18,0,2
swsh8-87,Voltorb,Fusion Strike,modern,Common,60.0,1,1,30,0.13102826240640408,-0.06666666666666654,3.299110198494182,0.15,0.14,0,2
swsh8-88,Electrode,Fusion Strike,modern,Rare,90.0,1,2,120,0.18232155679395465,0.05263157894736836,3.299110198494182,0.19,0.2,0,1
swsh8-90,Minun,Fusion Strike,modern,Common,70.0,1,2,20,0.19062035960864973,0.04999999999999982,3.299110198494182,0.2,0.21,0,1
swsh8-91,Shinx,Fusion Strike,modern,Common,50.0,1,2,20,0.20701416938432615,0.045454545454545414,3.299110198494182,0.22,0.23,0,1
swsh8-92,Luxio,Fusion Strike,modern,Uncommon,90.0,1,1,50,0.17395330712343804,0.05555555555555558,3.299110198494182,0.18,0.19,0,2
swsh8-93,Luxray,Fusion Strike,modern,Rare,160.0,0,1,90,0.1988508587451652,0.09999999999999987,3.299110198494182,0.2,0.22,0,2
swsh8-95,Tynamo,Fusion Strike,modern,Common,40.0,1,2,20,0.1397619423751587,-0.16666666666666663,3.299110198494182,0.18,0.15,0,1
swsh8-94,Rotom,Fusion Strike,modern,Common,80.0,1,2,30,0.18232155679395465,0.0,3.299110198494182,0.2,0.2,0,1
swsh8-96,Eelektrik,Fusion Strike,modern,Uncommon,90.0,2,2,80,0.16551443847757338,0.0,3.299110198494182,0.18,0.18,0,1
swsh8-98,Helioptile,Fusion Strike,modern,Common,70.0,1,2,20,0.18232155679395465,0.0,3.299110198494182,0.2,0.2,0,1
swsh8-101,Vikavolt,Fusion Strike,modern,Rare,150.0,0,2,70,0.1397619423751587,0.0714285714285714,3.299110198494182,0.14,0.15,0,1
swsh8-99,Heliolisk,Fusion Strike,modern,Uncommon,110.0,1,2,60,0.15700374880966478,0.0625,3.299110198494182,0.16,0.17,0,1
swsh8-97,Eelektross,Fusion Strike,modern,Rare,160.0,3,2,160,0.20701416938432615,0.045454545454545414,3.299110198494182,0.22,0.23,2,0
swsh8-100,Charjabug,Fusion Strike,modern,Uncommon,100.0,3,2,60,0.1988508587451652,0.1578947368421053,3.299110198494182,0.19,0.22,0,1
swsh8-102,Zeraora,Fusion Strike,modern,Rare,120.0,1,1,70,0.2151113796169455,0.04347826086956519,3.299110198494182,0.23,0.24,0,2
swsh8-103,Boltund V,Fusion Strike,modern,Rare Holo V,200.0,1,2,120,0.4054651081081644,-0.1071428571428572,3.299110198494182,0.56,0.5,2,0
swsh8-104,Boltund VMAX,Fusion Strike,modern,Rare Holo VMAX,320.0,2,2,230,0.7839015438284094,-0.09160305343511455,3.299110198494182,1.31,1.19,2,0
swsh8-105,Toxel,Fusion Strike,modern,Common,70.0,2,1,20,0.1397619423751587,0.0714285714285714,3.299110198494182,0.14,0.15,0,2
swsh8-106,Toxel,Fusion Strike,modern,Common,60.0,1,2,10,0.1397619423751587,0.0714285714285714,3.299110198494182,0.14,0.15,0,1
swsh8-108,Toxtricity,Fusion Strike,modern,Rare Holo,120.0,2,1,90,0.16551443847757338,0.125,3.299110198494182,0.16,0.18,0,2
swsh8-107,Toxtricity,Fusion Strike,modern,Rare Holo,130.0,2,1,70,0.19062035960864973,0.04999999999999982,3.299110198494182,0.2,0.21,0,2
swsh8-113,Mew V,Fusion Strike,modern,Rare Holo V,180.0,0,2,70,0.9477893989335261,0.06756756756756754,3.299110198494182,1.48,1.58,0,0
swsh8-111,Wigglytuff,Fusion Strike,modern,Uncommon,120.0,2,2,90,0.262364264467491,0.0,3.299110198494182,0.3,0.3,0,1
swsh8-110,Jigglypuff,Fusion Strike,modern,Common,60.0,1,2,20,0.2851789422336624,0.03125,3.299110198494182,0.32,0.33,0,1
swsh8-112,Jynx,Fusion Strike,modern,Common,100.0,1,2,30,0.19062035960864973,-0.045454545454545525,3.299110198494182,0.22,0.21,0,1
swsh8-109,Morpeko,Fusion Strike,modern,Common,80.0,1,1,0,0.1484200051182733,0.23076923076923084,3.299110198494182,0.13,0.16,0,2
swsh8-114,Mew VMAX,Fusion Strike,modern,Rare Holo VMAX,310.0,0,2,130,1.9712993830601329,0.05821917808219168,3.299110198494182,5.84,6.18,2,0
swsh8-115,Snubbull,Fusion Strike,modern,Common,70.0,1,2,30,0.18232155679395465,0.05263157894736836,3.299110198494182,0.19,0.2,0,1
swsh8-116,Granbull,Fusion Strike,modern,Rare,120.0,2,1,90,0.18232155679395465,0.0,3.299110198494182,0.2,0.2,0,0
swsh8-117,Galarian Corsola,Fusion Strike,modern,Common,70.0,1,1,30,0.1484200051182733,0.0,3.299110198494182,0.16,0.16,0,2
swsh8-118,Galarian Cursola,Fusion Strike,modern,Rare,100.0,2,2,80,0.23901690047049992,0.03846153846153855,3.299110198494182,0.26,0.27,0,1
swsh8-119,Mawile,Fusion Strike,modern,Common,90.0,1,1,30,0.18232155679395465,0.0,3.299110198494182,0.2,0.2,0,2
swsh8-121,Munna,Fusion Strike,modern,Common,80.0,2,1,10,0.15700374880966478,0.0,3.299110198494182,0.17,0.17,0,2
swsh8-122,Musharna,Fusion Strike,modern,Uncommon,120.0,2,2,30,0.20701416938432615,0.09523809523809534,3.299110198494182,0.21,0.23,0,1
swsh8-120,Deoxys,Fusion Strike,modern,Rare Holo,120.0,1,1,80,0.19062035960864973,-0.2500000000000001,3.299110198494182,0.28,0.21,0,2
swsh8-123,Sigilyph,Fusion Strike,modern,Common,100.0,1,2,60,0.16551443847757338,0.0588235294117645,3.299110198494182,0.17,0.18,0,1
swsh8-124,Meloetta,Fusion Strike,modern,Rare,90.0,1,1,70,0.23901690047049992,0.0,3.299110198494182,0.27,0.27,0,2
swsh8-125,Sandygast,Fusion Strike,modern,Common,80.0,3,2,30,0.17395330712343804,0.05555555555555558,3.299110198494182,0.18,0.19,0,1
swsh8-126,Palossand,Fusion Strike,modern,Rare,140.0,4,2,120,0.16551443847757338,0.0,3.299110198494182,0.18,0.18,2,0
swsh8-127,Indeedee,Fusion Strike,modern,Common,100.0,1,2,80,0.1988508587451652,0.09999999999999987,3.299110198494182,0.2,0.22,0,1
swsh8-128,Dreepy,Fusion Strike,modern,Common,60.0,1,1,10,0.2151113796169455,-0.040000000000000036,3.299110198494182,0.25,0.24,0,2
swsh8-130,Dragapult,Fusion Strike,modern,Rare Holo,150.0,0,2,120,0.23111172096338664,0.0,3.299110198494182,0.26,0.26,0,1
swsh8-129,Drakloak,Fusion Strike,modern,Uncommon,90.0,1,2,30,0.17395330712343804,0.05555555555555558,3.299110198494182,0.18,0.19,0,1
swsh8-133,Mankey,Fusion Strike,modern,Common,60.0,1,1,10,0.19062035960864973,-0.045454545454545525,3.299110198494182,0.22,0.21,0,2
swsh8-131,Sandshrew,Fusion Strike,modern,Common,60.0,1,2,20,0.262364264467491,0.0,3.299110198494182,0.3,0.3,0,1
swsh8-132,Sandslash,Fusion Strike,modern,Uncommon,120.0,2,1,60,0.2151113796169455,0.04347826086956519,3.299110198494182,0.23,0.24,0,2
swsh8-135,Geodude,Fusion Strike,modern,Common,80.0,3,2,20,0.18232155679395465,0.05263157894736836,3.299110198494182,0.19,0.2,0,1
swsh8-134,Primeape,Fusion Strike,modern,Uncommon,100.0,1,1,30,0.19062035960864973,-0.045454545454545525,3.299110198494182,0.22,0.21,0,2
swsh8-137,Golem,Fusion Strike,modern,Rare,180.0,4,1,160,0.23111172096338664,0.040000000000000036,3.299110198494182,0.25,0.26,2,0
swsh8-139,Steelix,Fusion Strike,modern,Rare Holo,190.0,4,2,180,0.1988508587451652,-0.12,3.299110198494182,0.25,0.22,2,0
swsh8-136,Graveler,Fusion Strike,modern,Uncommon,110.0,4,2,70,0.19062035960864973,0.04999999999999982,3.299110198494182,0.2,0.21,2,1
swsh8-138,Onix,Fusion Strike,modern,Common,110.0,4,2,90,0.13102826240640408,0.0,3.299110198494182,0.14,0.14,2,1
swsh8-142,Makuhita,Fusion Strike,modern,Common,90.0,3,2,60,0.1484200051182733,0.0,3.299110198494182,0.16,0.16,0,1
swsh8-140,Gligar,Fusion Strike,modern,Common,70.0,1,2,30,0.16551443847757338,0.0,3.299110198494182,0.18,0.18,0,1
swsh8-141,Gliscor,Fusion Strike,modern,Uncommon,110.0,1,2,100,0.15700374880966478,0.13333333333333353,3.299110198494182,0.15,0.17,0,1
swsh8-144,Baltoy,Fusion Strike,modern,Common,60.0,1,1,20,0.09531017980432487,0.11111111111111116,3.299110198494182,0.09,0.1,0,2
swsh8-143,Hariyama,Fusion Strike,modern,Uncommon,140.0,4,1,100,0.16551443847757338,0.0,3.299110198494182,0.18,0.18,2,0
swsh8-147,Drilbur,Fusion Strike,modern,Common,60.0,2,1,20,0.17395330712343804,0.0,3.299110198494182,0.19,0.19,0,2
swsh8-146,Lucario V,Fusion Strike,modern,Rare Holo V,210.0,2,1,120,0.5653138090500605,0.10144927536231885,3.299110198494182,0.69,0.76,2,0
swsh8-148,Landorus,Fusion Strike,modern,Rare Holo,120.0,1,2,120,0.22314355131420976,0.0,3.299110198494182,0.25,0.25,0,1
swsh8-149,Pancham,Fusion Strike,modern,Common,60.0,2,2,30,0.12221763272424921,-0.1333333333333333,3.299110198494182,0.15,0.13,0,1
swsh8-150,Stufful,Fusion Strike,modern,Common,70.0,2,2,30,0.15700374880966478,0.0,3.299110198494182,0.17,0.17,0,1
swsh8-145,Claydol,Fusion Strike,modern,Rare,120.0,2,2,30,0.18232155679395465,0.0,3.299110198494182,0.2,0.2,0,1
swsh8-151,Bewear,Fusion Strike,modern,Uncommon,130.0,3,2,130,0.1397619423751587,0.0,3.299110198494182,0.15,0.15,2,0
swsh8-153,Grapploct,Fusion Strike,modern,Uncommon,130.0,2,2,90,0.17395330712343804,0.0,3.299110198494182,0.19,0.19,0,1
swsh8-154,Falinks,Fusion Strike,modern,Uncommon,90.0,2,2,60,0.20701416938432615,0.045454545454545414,3.299110198494182,0.22,0.23,0,1
swsh8-152,Clobbopus,Fusion Strike,modern,Common,80.0,2,2,20,0.17395330712343804,0.0,3.299110198494182,0.19,0.19,0,1
swsh8-155,Falinks,Fusion Strike,modern,Common,90.0,1,1,30,0.1484200051182733,0.0,3.299110198494182,0.16,0.16,0,2
swsh8-156,Gengar V,Fusion Strike,modern,Rare Holo V,210.0,2,2,190,1.5238800240724537,0.1887417218543046,3.299110198494182,3.02,3.59,2,0
swsh8-157,Gengar VMAX,Fusion Strike,modern,Rare Holo VMAX,320.0,3,2,250,3.1654750481410856,0.05581395348837215,3.299110198494182,21.5,22.7,2,0
swsh8-160,Galarian Linoone,Fusion Strike,modern,Uncommon,90.0,1,1,30,0.1988508587451652,-0.0434782608695653,3.299110198494182,0.23,0.22,0,2
swsh8-158,Tyranitar V,Fusion Strike,modern,Rare Holo V,230.0,4,2,150,0.5068176023684519,0.4347826086956521,3.299110198494182,0.46,0.66,2,0
swsh8-159,Galarian Zigzagoon,Fusion Strike,modern,Common,60.0,1,1,10,0.17395330712343804,-0.09523809523809523,3.299110198494182,0.21,0.19,0,2
swsh8-161,Galarian Obstagoon,Fusion Strike,modern,Rare Holo,170.0,2,2,60,0.2468600779315258,0.03703703703703698,3.299110198494182,0.27,0.28,0,1
swsh8-162,Carvanha,Fusion Strike,modern,Common,50.0,1,1,10,0.15700374880966478,0.0625,3.299110198494182,0.16,0.17,0,2
swsh8-163,Sharpedo,Fusion Strike,modern,Uncommon,100.0,1,1,70,0.16551443847757338,-0.10000000000000009,3.299110198494182,0.2,0.18,0,2
swsh8-164,Absol,Fusion Strike,modern,Rare,100.0,1,2,80,0.19062035960864973,-0.045454545454545525,3.299110198494182,0.22,0.21,0,1
swsh8-165,Croagunk,Fusion Strike,modern,Common,60.0,1,1,20,0.17395330712343804,0.0,3.299110198494182,0.19,0.19,0,2
swsh8-166,Toxicroak,Fusion Strike,modern,Rare,110.0,1,2,90,0.2151113796169455,0.04347826086956519,3.299110198494182,0.23,0.24,0,1
swsh8-167,Darkrai,Fusion Strike,modern,Uncommon,110.0,2,1,90,0.22314355131420976,0.0,3.299110198494182,0.25,0.25,0,0
swsh8-168,Trubbish,Fusion Strike,modern,Common,70.0,2,2,20,0.1988508587451652,0.09999999999999987,3.299110198494182,0.2,0.22,0,1
swsh8-170,Zorua,Fusion Strike,modern,Common,60.0,1,2,20,0.17395330712343804,0.05555555555555558,3.299110198494182,0.18,0.19,0,1
swsh8-169,Garbodor,Fusion Strike,modern,Uncommon,120.0,3,2,130,0.17395330712343804,0.05555555555555558,3.299110198494182,0.18,0.19,2,0
swsh8-171,Zoroark,Fusion Strike,modern,Uncommon,120.0,2,2,100,0.19062035960864973,0.04999999999999982,3.299110198494182,0.2,0.21,0,1
swsh8-172,Vullaby,Fusion Strike,modern,Common,60.0,1,2,30,0.16551443847757338,0.0,3.299110198494182,0.18,0.18,0,1
swsh8-173,Mandibuzz,Fusion Strike,modern,Uncommon,120.0,2,2,70,0.1484200051182733,0.0,3.299110198494182,0.16,0.16,0,1
swsh8-174,Pangoro,Fusion Strike,modern,Uncommon,140.0,4,2,150,0.1988508587451652,0.0,3.299110198494182,0.22,0.22,2,0
swsh8-178,Grimmsnarl,Fusion Strike,modern,Rare Holo,170.0,3,2,100,0.18232155679395465,-0.04761904761904756,3.299110198494182,0.21,0.2,2,0
swsh8-177,Morgrem,Fusion Strike,modern,Uncommon,90.0,2,2,40,0.17395330712343804,0.0,3.299110198494182,0.19,0.19,0,1
swsh8-180,Galarian Meowth,Fusion Strike,modern,Common,70.0,1,2,20,0.18232155679395465,0.0,3.299110198494182,0.2,0.2,0,1
swsh8-175,Yveltal,Fusion Strike,modern,Rare,130.0,2,2,110,0.23901690047049992,-0.06896551724137923,3.299110198494182,0.29,0.27,0,1
swsh8-179,Morpeko,Fusion Strike,modern,Common,50.0,1,1,30,0.17395330712343804,0.05555555555555558,3.299110198494182,0.18,0.19,0,2
swsh8-176,Impidimp,Fusion Strike,modern,Common,70.0,1,1,10,0.1988508587451652,0.04761904761904767,3.299110198494182,0.21,0.22,0,2
swsh8-184,Durant,Fusion Strike,modern,Common,70.0,1,1,70,0.15700374880966478,0.0,3.299110198494182,0.17,0.17,0,2
swsh8-182,Skarmory,Fusion Strike,modern,Common,120.0,1,2,110,0.16551443847757338,0.0,3.299110198494182,0.18,0.18,0,1
swsh8-181,Galarian Perrserker,Fusion Strike,modern,Uncommon,120.0,1,2,80,0.15700374880966478,0.0,3.299110198494182,0.17,0.17,0,1
swsh8-183,Excadrill,Fusion Strike,modern,Uncommon,130.0,2,2,120,0.15700374880966478,0.0625,3.299110198494182,0.16,0.17,2,1
swsh8-185,Genesect V,Fusion Strike,modern,Rare Holo V,190.0,2,1,210,0.5481214085096876,0.10606060606060597,3.299110198494182,0.66,0.73,2,0
swsh8-187,Togedemaru,Fusion Strike,modern,Uncommon,80.0,1,2,50,0.1397619423751587,-0.0625,3.299110198494182,0.16,0.15,0,1
swsh8-186,Klefki,Fusion Strike,modern,Common,70.0,1,1,10,0.17395330712343804,0.05555555555555558,3.299110198494182,0.18,0.19,0,2
swsh8-189,Melmetal,Fusion Strike,modern,Rare Holo,150.0,4,2,150,0.18232155679395465,0.05263157894736836,3.299110198494182,0.19,0.2,2,0
swsh8-188,Meltan,Fusion Strike,modern,Common,70.0,1,2,20,0.17395330712343804,0.0,3.299110198494182,0.19,0.19,0,1
swsh8-190,Corviknight,Fusion Strike,modern,Rare,170.0,2,2,160,0.262364264467491,0.0714285714285714,3.299110198494182,0.28,0.3,2,0
swsh8-191,Cufant,Fusion Strike,modern,Common,100.0,3,2,80,0.16551443847757338,0.0,3.299110198494182,0.18,0.18,0,1
swsh8-192,Copperajah,Fusion Strike,modern,Uncommon,190.0,4,2,160,0.17395330712343804,0.0,3.299110198494182,0.19,0.19,2,0
swsh8-193,Latias,Fusion Strike,modern,Rare,120.0,1,1,70,0.2468600779315258,0.03703703703703698,3.299110198494182,0.27,0.28,0,2
swsh8-194,Latios,Fusion Strike,modern,Rare,130.0,2,1,210,0.23901690047049992,-0.12903225806451601,3.299110198494182,0.31,0.27,2,0
swsh8-195,Goomy,Fusion Strike,modern,Common,50.0,1,2,20,0.22314355131420976,0.08695652173913038,3.299110198494182,0.23,0.25,0,1
swsh8-197,Goodra,Fusion Strike,modern,Rare,160.0,3,1,120,0.20701416938432615,0.045454545454545414,3.299110198494182,0.22,0.23,2,0
swsh8-196,Sliggoo,Fusion Strike,modern,Uncommon,80.0,3,2,50,0.2151113796169455,0.09090909090909083,3.299110198494182,0.22,0.24,0,1
swsh8-200,Persian,Fusion Strike,modern,Uncommon,110.0,1,2,70,0.16551443847757338,0.0,3.299110198494182,0.18,0.18,0,1
swsh8-198,Turtonator,Fusion Strike,modern,Uncommon,130.0,3,2,80,0.16551443847757338,0.0,3.299110198494182,0.18,0.18,2,1
swsh8-199,Meowth,Fusion Strike,modern,Common,70.0,1,1,10,0.23901690047049992,0.03846153846153855,3.299110198494182,0.26,0.27,0,2
swsh8-201,Dodrio V,Fusion Strike,modern,Rare Holo V,200.0,1,2,160,0.4574248470388754,0.05454545454545445,3.299110198494182,0.55,0.58,2,0
swsh8-202,Chansey,Fusion Strike,modern,Common,110.0,2,2,70,0.18232155679395465,0.0,3.299110198494182,0.2,0.2,0,1
swsh8-203,Blissey,Fusion Strike,modern,Rare,130.0,2,1,20,0.19062035960864973,0.0,3.299110198494182,0.21,0.21,0,2
swsh8-204,Kangaskhan,Fusion Strike,modern,Rare,120.0,2,2,60,0.22314355131420976,0.0,3.299110198494182,0.25,0.25,0,1
swsh8-205,Eevee,Fusion Strike,modern,Common,50.0,1,1,30,0.3852624007906449,0.11904761904761907,3.299110198494182,0.42,0.47,0,2
swsh8-207,Dunsparce,Fusion Strike,modern,Uncommon,60.0,1,1,30,0.16551443847757338,-0.10000000000000009,3.299110198494182,0.2,0.18,0,2
swsh8-208,Stantler,Fusion Strike,modern,Uncommon,110.0,1,2,30,0.18232155679395465,0.0,3.299110198494182,0.2,0.2,0,1
swsh8-210,Skitty,Fusion Strike,modern,Common,60.0,1,1,30,0.13102826240640408,-0.17647058823529405,3.299110198494182,0.17,0.14,0,2
swsh8-209,Smeargle,Fusion Strike,modern,Common,70.0,1,2,80,0.23901690047049992,0.03846153846153855,3.299110198494182,0.26,0.27,0,1
swsh8-206,Snorlax,Fusion Strike,modern,Common,160.0,3,1,80,0.23111172096338664,0.0,3.299110198494182,0.26,0.26,2,0
swsh8-211,Delcatty,Fusion Strike,modern,Uncommon,100.0,1,2,50,0.18232155679395465,0.0,3.299110198494182,0.2,0.2,0,1
swsh8-212,Buneary,Fusion Strike,modern,Common,50.0,1,1,20,0.17395330712343804,-0.050000000000000044,3.299110198494182,0.2,0.19,0,2
swsh8-213,Lopunny,Fusion Strike,modern,Uncommon,110.0,1,1,70,0.17395330712343804,0.05555555555555558,3.299110198494182,0.18,0.19,0,2
swsh8-215,Diggersby,Fusion Strike,modern,Uncommon,140.0,4,2,150,0.15700374880966478,0.0625,3.299110198494182,0.16,0.17,2,0
swsh8-216,Hawlucha,Fusion Strike,modern,Uncommon,90.0,1,1,20,0.19062035960864973,0.04999999999999982,3.299110198494182,0.2,0.21,0,2
swsh8-214,Bunnelby,Fusion Strike,modern,Common,60.0,1,2,30,0.1484200051182733,0.1428571428571428,3.299110198494182,0.14,0.16,0,1
swsh8-220,Corvisquire,Fusion Strike,modern,Uncommon,80.0,1,1,30,0.16551443847757338,0.0,3.299110198494182,0.18,0.18,0,2
swsh8-218,Greedent VMAX,Fusion Strike,modern,Rare Holo VMAX,320.0,3,2,160,0.8020015854720274,0.04237288135593231,3.299110198494182,1.18,1.23,2,0
swsh8-217,Greedent V,Fusion Strike,modern,Rare Holo V,210.0,2,2,120,0.4824261492442927,0.03333333333333344,3.299110198494182,0.6,0.62,2,0
swsh8-219,Rookidee,Fusion Strike,modern,Common,60.0,1,1,10,0.18232155679395465,0.05263157894736836,3.299110198494182,0.19,0.2,0,2
swsh8-221,Wooloo,Fusion Strike,modern,Common,60.0,1,2,20,0.19062035960864973,0.0,3.299110198494182,0.21,0.21,0,1
swsh8-223,Dubwool,Fusion Strike,modern,Uncommon,130.0,2,2,70,0.13102826240640408,0.0,3.299110198494182,0.14,0.14,0,1
swsh8-222,Wooloo,Fusion Strike,modern,Common,70.0,1,1,20,0.17395330712343804,0.05555555555555558,3.299110198494182,0.18,0.19,0,2
swsh8-246,Tsareena V,Fusion Strike,modern,Rare Ultra,200.0,2,1,20,0.8586616190375187,0.1826086956521742,3.299110198494182,1.15,1.36,0,0
swsh8-245,Celebi V,Fusion Strike,modern,Rare Ultra,190.0,1,2,60,4.059753117452481,-0.00662713637949075,3.299110198494182,57.34,56.96,2,0
swsh8-250,Mew V,Fusion Strike,modern,Rare Ultra,180.0,0,2,70,2.553343811341229,0.0016906170752324368,3.299110198494182,11.83,11.85,0,0
swsh8-247,Chandelure V,Fusion Strike,modern,Rare Ultra,200.0,2,2,40,0.9360933591703349,0.04026845637583887,3.299110198494182,1.49,1.55,2,0
swsh8-248,Crabominable V,Fusion Strike,modern,Rare Ultra,220.0,4,2,90,0.7275486072772778,0.01904761904761898,3.299110198494182,1.05,1.07,2,0
swsh8-249,Boltund V,Fusion Strike,modern,Rare Ultra,200.0,1,2,120,0.959350221334602,0.018987341772152,3.299110198494182,1.58,1.61,2,0
swsh8-253,Hoopa V,Fusion Strike,modern,Rare Ultra,220.0,2,1,170,0.959350221334602,-0.012269938650306678,3.299110198494182,1.63,1.61,2,0
swsh8-252,Sandaconda V,Fusion Strike,modern,Rare Ultra,220.0,2,1,140,1.8484548129046001,0.09856262833675555,3.299110198494182,4.87,5.35,2,0
swsh8-251,Mew V,Fusion Strike,modern,Rare Ultra,180.0,0,2,70,4.315753276242594,-0.035891412163925884,3.299110198494182,76.62,73.87,2,0
swsh8-254,Genesect V,Fusion Strike,modern,Rare Ultra,190.0,2,1,210,1.5871923034867808,0.5375494071146247,3.299110198494182,2.53,3.89,2,0
swsh8-257,Greedent V,Fusion Strike,modern,Rare Ultra,210.0,2,2,120,2.354228326145884,0.020342612419700146,3.299110198494182,9.34,9.53,2,0
swsh8-256,Greedent V,Fusion Strike,modern,Rare Ultra,210.0,2,2,120,1.0043016091968684,0.2536231884057971,3.299110198494182,1.38,1.73,2,0
swsh8-267,Boltund VMAX,Fusion Strike,modern,Rare Rainbow,320.0,2,2,230,2.081938421878423,0.014450867052023142,3.299110198494182,6.92,7.02,2,0
swsh8-271,Gengar VMAX,Fusion Strike,modern,Rare Rainbow,320.0,3,2,250,6.5767341579969125,-0.01014436746073355,3.299110198494182,724.54,717.19,2,0
swsh8-255,Genesect V,Fusion Strike,modern,Rare Ultra,190.0,2,1,210,3.301008654406723,0.03401898734177222,3.299110198494182,25.28,26.14,2,0
swsh8-265,Chandelure VMAX,Fusion Strike,modern,Rare Rainbow,320.0,2,1,70,2.149433913499871,0.0312925170068028,3.299110198494182,7.35,7.58,2,0
swsh8-266,Inteleon VMAX,Fusion Strike,modern,Rare Rainbow,320.0,2,1,70,3.4005304926744517,0.07174556213017746,3.299110198494182,27.04,28.98,2,0
swsh8-268,Mew VMAX,Fusion Strike,modern,Rare Rainbow,310.0,0,2,130,3.9774361439763783,0.0586095392077608,3.299110198494182,49.48,52.38,2,0
swsh8-269,Mew VMAX,Fusion Strike,modern,Rare Rainbow,310.0,0,2,130,5.180321808310329,-0.009859943977590935,3.299110198494182,178.5,176.74,2,0
swsh8-270,Espeon VMAX,Fusion Strike,modern,Rare Rainbow,310.0,2,1,60,5.804893976024612,0.014967488651699057,3.299110198494182,326.04,330.92,2,0
swsh8-272,Greedent VMAX,Fusion Strike,modern,Rare Rainbow,320.0,3,2,160,2.048982334195127,0.17770034843205562,3.299110198494182,5.74,6.76,2,0
swsh8-280,Flaaffy,Fusion Strike,modern,Rare Secret,90.0,2,1,50,1.9080599249242156,0.07289719626168245,3.299110198494182,5.35,5.74,0,2
swsh9-1,Exeggcute,Brilliant Stars,modern,Common,50.0,1,2,20,0.13102826240640408,0.0769230769230771,3.0116358658453115,0.13,0.14,0,1
swsh9-2,Exeggutor,Brilliant Stars,modern,Uncommon,140.0,3,2,130,0.11332868530700317,0.0,3.0116358658453115,0.12,0.12,2,0
swsh9-3,Shroomish,Brilliant Stars,modern,Common,50.0,1,1,20,0.1484200051182733,0.0,3.0116358658453115,0.16,0.16,0,2
swsh9-4,Breloom,Brilliant Stars,modern,Rare,110.0,1,2,130,0.1484200051182733,-0.2727272727272727,3.0116358658453115,0.22,0.16,0,1
swsh9-5,Tropius,Brilliant Stars,modern,Uncommon,110.0,1,1,100,0.12221763272424921,-0.1333333333333333,3.0116358658453115,0.15,0.13,0,2
swsh9-6,Turtwig,Brilliant Stars,modern,Common,80.0,2,2,20,0.17395330712343804,0.11764705882352944,3.0116358658453115,0.17,0.19,0,1
swsh9-7,Grotle,Brilliant Stars,modern,Uncommon,100.0,3,1,50,0.16551443847757338,0.0588235294117645,3.0116358658453115,0.17,0.18,0,2
swsh9-8,Torterra,Brilliant Stars,modern,Rare Holo,190.0,4,2,160,0.2851789422336624,0.26923076923076916,3.0116358658453115,0.26,0.33,2,1
swsh9-9,Burmy,Brilliant Stars,modern,Common,60.0,1,1,20,0.13102826240640408,0.0769230769230771,3.0116358658453115,0.13,0.14,0,2
swsh9-10,Wormadam,Brilliant Stars,modern,Rare,110.0,2,2,80,0.18232155679395465,-0.16666666666666663,3.0116358658453115,0.24,0.2,0,1
swsh9-11,Mothim,Brilliant Stars,modern,Rare,110.0,0,2,80,0.13102826240640408,-0.2222222222222221,3.0116358658453115,0.18,0.14,0,1
swsh9-12,Cherubi,Brilliant Stars,modern,Common,40.0,1,1,20,0.18232155679395465,0.0,3.0116358658453115,0.2,0.2,0,2
swsh9-13,Shaymin V,Brilliant Stars,modern,Rare Holo V,190.0,1,2,60,0.41871033485818504,-0.03703703703703709,3.0116358658453115,0.54,0.52,0,0
swsh9-14,Shaymin VSTAR,Brilliant Stars,modern,Rare Holo VSTAR,250.0,1,1,120,0.7514160886839212,0.36585365853658547,3.0116358658453115,0.82,1.12,2,0
swsh9-15,Karrablast,Brilliant Stars,modern,Common,70.0,1,1,10,0.12221763272424921,0.0,3.0116358658453115,0.13,0.13,0,2
swsh9-16,Zarude V,Brilliant Stars,modern,Rare Holo V,220.0,2,2,120,0.4510756193602166,-0.017241379310344862,3.0116358658453115,0.58,0.57,2,0
swsh9-17,Charizard V,Brilliant Stars,modern,Rare Holo V,220.0,2,2,180,1.3376291891386096,0.021818181818181737,3.0116358658453115,2.75,2.81,2,0
swsh9-18,Charizard VSTAR,Brilliant Stars,modern,Rare Holo VSTAR,280.0,2,2,320,2.0001277349601105,-0.050520059435364195,3.0116358658453115,6.73,6.39,2,0
swsh9-19,Magmar,Brilliant Stars,modern,Common,90.0,2,2,70,0.13102826240640408,-0.2222222222222221,3.0116358658453115,0.18,0.14,0,1
swsh9-20,Magmortar,Brilliant Stars,modern,Rare,140.0,3,2,120,0.19062035960864973,-0.045454545454545525,3.0116358658453115,0.22,0.21,2,0
swsh9-21,Moltres,Brilliant Stars,modern,Rare Holo,120.0,1,1,20,0.2546422183735807,0.0,3.0116358658453115,0.29,0.29,0,2
swsh9-22,Entei V,Brilliant Stars,modern,Rare Holo V,230.0,3,1,20,0.8241754429663494,-0.06569343065693434,3.0116358658453115,1.37,1.28,2,0
swsh9-23,Torkoal,Brilliant Stars,modern,Uncommon,120.0,2,2,90,0.1484200051182733,0.0,3.0116358658453115,0.16,0.16,0,1
swsh9-24,Chimchar,Brilliant Stars,modern,Common,50.0,1,1,30,0.15700374880966478,0.13333333333333353,3.0116358658453115,0.15,0.17,0,2
swsh9-25,Monferno,Brilliant Stars,modern,Uncommon,80.0,1,2,50,0.20701416938432615,0.21052631578947367,3.0116358658453115,0.19,0.23,0,1
swsh9-26,Infernape,Brilliant Stars,modern,Rare Holo,150.0,1,2,160,0.27002713721306015,-0.06060606060606066,3.0116358658453115,0.33,0.31,2,1
swsh9-27,Simisear V,Brilliant Stars,modern,Rare Holo V,210.0,1,2,90,0.3646431135879093,-0.06382978723404253,3.0116358658453115,0.47,0.44,2,0
swsh9-28,Kingler V,Brilliant Stars,modern,Rare Holo V,220.0,3,2,200,0.5007752879124893,-0.09722222222222221,3.0116358658453115,0.72,0.65,2,0
swsh9-29,Kingler VMAX,Brilliant Stars,modern,Rare Holo VMAX,330.0,3,2,240,1.0473189942805592,0.10119047619047628,3.0116358658453115,1.68,1.85,2,0
swsh9-30,Staryu,Brilliant Stars,modern,Common,60.0,1,1,10,0.16551443847757338,0.125,3.0116358658453115,0.16,0.18,0,2
swsh9-31,Lapras,Brilliant Stars,modern,Rare,130.0,2,1,110,0.1988508587451652,0.0,3.0116358658453115,0.22,0.22,0,0
swsh9-32,Corphish,Brilliant Stars,modern,Common,70.0,2,2,50,0.1484200051182733,0.0,3.0116358658453115,0.16,0.16,0,1
swsh9-33,Crawdaunt,Brilliant Stars,modern,Uncommon,130.0,3,2,150,0.13102826240640408,0.0,3.0116358658453115,0.14,0.14,2,0
swsh9-34,Snorunt,Brilliant Stars,modern,Common,60.0,2,2,20,0.1484200051182733,0.06666666666666665,3.0116358658453115,0.15,0.16,0,1
swsh9-35,Piplup,Brilliant Stars,modern,Common,60.0,1,1,10,0.17395330712343804,-0.050000000000000044,3.0116358658453115,0.2,0.19,0,2
swsh9-36,Prinplup,Brilliant Stars,modern,Uncommon,90.0,1,1,30,0.1988508587451652,-0.0434782608695653,3.0116358658453115,0.23,0.22,0,2
swsh9-37,Empoleon,Brilliant Stars,modern,Rare Holo,160.0,2,1,0,0.2468600779315258,0.0769230769230771,3.0116358658453115,0.26,0.28,0,0
swsh9-38,Buizel,Brilliant Stars,modern,Common,60.0,1,1,20,0.13102826240640408,-0.12499999999999989,3.0116358658453115,0.16,0.14,0,2
swsh9-39,Floatzel,Brilliant Stars,modern,Uncommon,110.0,1,2,60,0.12221763272424921,-0.07142857142857151,3.0116358658453115,0.14,0.13,0,1
swsh9-40,Lumineon V,Brilliant Stars,modern,Rare Holo V,170.0,1,1,120,1.5953389880545987,0.0650406504065042,3.0116358658453115,3.69,3.93,0,0
swsh9-41,Manaphy,Brilliant Stars,modern,Rare,70.0,1,1,20,0.7514160886839212,-0.22758620689655162,3.0116358658453115,1.45,1.12,0,2
swsh9-42,Cubchoo,Brilliant Stars,modern,Common,60.0,1,1,20,0.1397619423751587,0.15384615384615374,3.0116358658453115,0.13,0.15,0,2
swsh9-43,Beartic,Brilliant Stars,modern,Uncommon,140.0,3,2,130,0.1397619423751587,0.0,3.0116358658453115,0.15,0.15,2,0
swsh9-44,Eiscue,Brilliant Stars,modern,Rare,110.0,1,2,100,0.1397619423751587,-0.0625,3.0116358658453115,0.16,0.15,0,1
swsh9-45,Raichu V,Brilliant Stars,modern,Rare Holo V,200.0,1,2,60,1.1474024528375417,-0.16988416988416988,3.0116358658453115,2.59,2.15,0,0
swsh9-46,Electabuzz,Brilliant Stars,modern,Common,80.0,2,2,30,0.13102826240640408,0.0,3.0116358658453115,0.14,0.14,0,1
swsh9-47,Electivire,Brilliant Stars,modern,Rare,140.0,3,2,30,0.1988508587451652,-0.08333333333333326,3.0116358658453115,0.24,0.22,0,1
swsh9-48,Raikou V,Brilliant Stars,modern,Rare Holo V,200.0,1,1,20,1.4816045409242156,0.008902077151335286,3.0116358658453115,3.37,3.4,0,0
swsh9-49,Shinx,Brilliant Stars,modern,Common,40.0,0,1,10,0.12221763272424921,-0.07142857142857151,3.0116358658453115,0.14,0.13,0,2
swsh9-50,Luxio,Brilliant Stars,modern,Uncommon,90.0,1,1,30,0.16551443847757338,0.0,3.0116358658453115,0.18,0.18,0,2
swsh9-51,Luxray,Brilliant Stars,modern,Rare,150.0,1,2,110,0.1484200051182733,-0.11111111111111105,3.0116358658453115,0.18,0.16,0,1
swsh9-52,Pachirisu,Brilliant Stars,modern,Uncommon,70.0,1,1,30,0.13102826240640408,-0.06666666666666654,3.0116358658453115,0.15,0.14,0,2
swsh9-53,Clefairy,Brilliant Stars,modern,Common,60.0,1,2,30,0.18232155679395465,0.0,3.0116358658453115,0.2,0.2,0,1
swsh9-54,Clefable,Brilliant Stars,modern,Rare,100.0,1,2,90,0.17395330712343804,0.0,3.0116358658453115,0.19,0.19,0,1
swsh9-55,Starmie,Brilliant Stars,modern,Uncommon,90.0,0,2,60,0.1397619423751587,-0.16666666666666663,3.0116358658453115,0.18,0.15,0,1
swsh9-56,Mewtwo,Brilliant Stars,modern,Rare,130.0,2,2,110,0.2468600779315258,-0.06666666666666654,3.0116358658453115,0.3,0.28,0,1
swsh9-57,Granbull V,Brilliant Stars,modern,Rare Holo V,210.0,2,2,190,0.3852624007906449,-0.04081632653061229,3.0116358658453115,0.49,0.47,2,0
swsh9-58,Baltoy,Brilliant Stars,modern,Common,50.0,1,1,20,0.13102826240640408,0.0769230769230771,3.0116358658453115,0.13,0.14,0,2
swsh9-59,Claydol,Brilliant Stars,modern,Uncommon,110.0,2,2,90,0.1397619423751587,0.0714285714285714,3.0116358658453115,0.14,0.15,0,1
swsh9-60,Duskull,Brilliant Stars,modern,Common,60.0,1,1,10,0.20701416938432615,0.045454545454545414,3.0116358658453115,0.22,0.23,0,2
swsh9-61,Dusclops,Brilliant Stars,modern,Uncommon,90.0,2,1,30,0.1484200051182733,0.0,3.0116358658453115,0.16,0.16,0,2
swsh9-62,Dusknoir,Brilliant Stars,modern,Rare Holo,160.0,3,1,120,0.1397619423751587,-0.0625,3.0116358658453115,0.16,0.15,2,0
swsh9-63,Chimecho,Brilliant Stars,modern,Common,70.0,1,2,30,0.12221763272424921,0.0,3.0116358658453115,0.13,0.13,0,1
swsh9-64,Whimsicott V,Brilliant Stars,modern,Rare Holo V,190.0,1,2,90,0.3646431135879093,-0.0434782608695653,3.0116358658453115,0.46,0.44,0,0
swsh9-65,Whimsicott VSTAR,Brilliant Stars,modern,Rare Holo VSTAR,250.0,1,2,160,0.5933268452777344,0.025316455696202445,3.0116358658453115,0.79,0.81,2,0
swsh9-66,Sigilyph,Brilliant Stars,modern,Uncommon,110.0,1,2,10,0.11332868530700317,0.0,3.0116358658453115,0.12,0.12,0,1
swsh9-67,Dedenne,Brilliant Stars,modern,Common,70.0,1,1,20,0.1397619423751587,0.0,3.0116358658453115,0.15,0.15,0,2
swsh9-68,Mimikyu V,Brilliant Stars,modern,Rare Holo V,160.0,2,1,0,0.5822156198526637,0.012820512820512775,3.0116358658453115,0.78,0.79,0,2
swsh9-69,Mimikyu VMAX,Brilliant Stars,modern,Rare Holo VMAX,300.0,1,2,120,1.4350845252893227,0.045751633986928164,3.0116358658453115,3.06,3.2,2,0
swsh9-70,Milcery,Brilliant Stars,modern,Common,50.0,1,2,10,0.15700374880966478,-0.10526315789473684,3.0116358658453115,0.19,0.17,0,1
swsh9-71,Alcremie,Brilliant Stars,modern,Rare,90.0,1,1,10,0.23111172096338664,0.30000000000000004,3.0116358658453115,0.2,0.26,0,2
swsh9-72,Hitmontop,Brilliant Stars,modern,Uncommon,100.0,1,2,100,0.1397619423751587,0.0714285714285714,3.0116358658453115,0.14,0.15,0,1
swsh9-73,Nosepass,Brilliant Stars,modern,Common,90.0,4,1,20,0.12221763272424921,-0.07142857142857151,3.0116358658453115,0.14,0.13,0,2
swsh9-74,Trapinch,Brilliant Stars,modern,Common,60.0,1,1,10,0.1484200051182733,0.0,3.0116358658453115,0.16,0.16,0,2
swsh9-75,Vibrava,Brilliant Stars,modern,Uncommon,90.0,1,1,30,0.15700374880966478,0.13333333333333353,3.0116358658453115,0.15,0.17,0,2
swsh9-76,Flygon,Brilliant Stars,modern,Rare,150.0,1,2,110,0.17395330712343804,0.1875,3.0116358658453115,0.16,0.19,0,1
swsh9-77,Wormadam,Brilliant Stars,modern,Rare,110.0,2,2,80,0.1484200051182733,0.06666666666666665,3.0116358658453115,0.15,0.16,0,1
swsh9-78,Riolu,Brilliant Stars,modern,Common,60.0,1,1,50,0.15700374880966478,0.2142857142857142,3.0116358658453115,0.14,0.17,0,2
swsh9-79,Lucario,Brilliant Stars,modern,Rare Holo,120.0,2,1,10,0.3852624007906449,0.14634146341463405,3.0116358658453115,0.41,0.47,0,2
swsh9-80,Throh,Brilliant Stars,modern,Common,120.0,3,2,110,0.1484200051182733,-0.05882352941176472,3.0116358658453115,0.17,0.16,2,0
swsh9-81,Sawk,Brilliant Stars,modern,Common,90.0,1,1,30,0.12221763272424921,-0.4347826086956522,3.0116358658453115,0.23,0.13,0,2
swsh9-82,Golett,Brilliant Stars,modern,Common,100.0,4,2,20,0.12221763272424921,0.08333333333333348,3.0116358658453115,0.12,0.13,0,1
swsh9-83,Golurk,Brilliant Stars,modern,Rare,150.0,4,2,120,0.1484200051182733,0.0,3.0116358658453115,0.16,0.16,2,0
swsh9-84,Grimer,Brilliant Stars,modern,Common,80.0,3,1,0,0.1397619423751587,0.15384615384615374,3.0116358658453115,0.13,0.15,0,2
swsh9-85,Muk,Brilliant Stars,modern,Rare,130.0,3,1,90,0.19062035960864973,-0.045454545454545525,3.0116358658453115,0.22,0.21,0,0
swsh9-86,Sneasel,Brilliant Stars,modern,Common,70.0,1,2,20,0.1397619423751587,0.0,3.0116358658453115,0.15,0.15,0,1
swsh9-87,Weavile,Brilliant Stars,modern,Uncommon,90.0,1,2,100,0.12221763272424921,0.0,3.0116358658453115,0.13,0.13,0,1
swsh9-88,Honchkrow V,Brilliant Stars,modern,Rare Holo V,200.0,1,1,130,0.43178241642553783,0.08000000000000007,3.0116358658453115,0.5,0.54,2,0
swsh9-89,Spiritomb,Brilliant Stars,modern,Common,70.0,1,2,0,0.11332868530700317,-0.14285714285714302,3.0116358658453115,0.14,0.12,0,1
swsh9-90,Purrloin,Brilliant Stars,modern,Common,60.0,1,1,30,0.1484200051182733,0.1428571428571428,3.0116358658453115,0.14,0.16,0,2
swsh9-91,Liepard,Brilliant Stars,modern,Rare,100.0,1,1,60,0.17395330712343804,-0.050000000000000044,3.0116358658453115,0.2,0.19,0,2
swsh9-92,Impidimp,Brilliant Stars,modern,Common,60.0,1,2,30,0.12221763272424921,0.18181818181818188,3.0116358658453115,0.11,0.13,0,1
swsh9-93,Morgrem,Brilliant Stars,modern,Uncommon,90.0,1,2,50,0.13102826240640408,0.0769230769230771,3.0116358658453115,0.13,0.14,0,1
swsh9-94,Grimmsnarl,Brilliant Stars,modern,Rare,160.0,2,2,110,0.1397619423751587,0.0714285714285714,3.0116358658453115,0.14,0.15,2,1
swsh9-95,Morpeko V,Brilliant Stars,modern,Rare Holo V,190.0,1,2,120,0.5007752879124893,0.18181818181818166,3.0116358658453115,0.55,0.65,2,0
swsh9-96,Aggron V,Brilliant Stars,modern,Rare Holo V,230.0,4,2,150,0.4700036292457356,0.034482758620689724,3.0116358658453115,0.58,0.6,2,0
swsh9-97,Aggron VMAX,Brilliant Stars,modern,Rare Holo VMAX,330.0,4,2,270,1.0647107369924282,0.15853658536585358,3.0116358658453115,1.64,1.9,2,0
swsh9-98,Wormadam,Brilliant Stars,modern,Rare,110.0,2,2,90,0.15700374880966478,-0.05555555555555547,3.0116358658453115,0.18,0.17,0,1
swsh9-99,Probopass,Brilliant Stars,modern,Uncommon,140.0,4,2,120,0.1397619423751587,-0.0625,3.0116358658453115,0.16,0.15,2,0
swsh9-100,Heatran,Brilliant Stars,modern,Rare,140.0,4,2,80,0.1484200051182733,0.1428571428571428,3.0116358658453115,0.14,0.16,2,1
swsh9-101,Escavalier,Brilliant Stars,modern,Rare,120.0,2,1,90,0.12221763272424921,-0.07142857142857151,3.0116358658453115,0.14,0.13,0,2
swsh9-102,Klink,Brilliant Stars,modern,Common,50.0,1,2,20,0.12221763272424921,0.08333333333333348,3.0116358658453115,0.12,0.13,0,1
swsh9-103,Klang,Brilliant Stars,modern,Uncommon,90.0,2,2,70,0.13102826240640408,0.0,3.0116358658453115,0.14,0.14,0,1
swsh9-104,Klinklang,Brilliant Stars,modern,Rare,150.0,3,1,90,0.1484200051182733,0.06666666666666665,3.0116358658453115,0.15,0.16,2,0
swsh9-105,Zamazenta V,Brilliant Stars,modern,Rare Holo V,220.0,2,1,120,0.5007752879124893,0.2264150943396226,3.0116358658453115,0.53,0.65,2,0
swsh9-106,Flygon V,Brilliant Stars,modern,Rare Holo V,220.0,2,2,160,0.412109650826833,-0.07272727272727275,3.0116358658453115,0.55,0.51,2,0
swsh9-107,Gible,Brilliant Stars,modern,Common,70.0,1,1,30,0.1484200051182733,0.0,3.0116358658453115,0.16,0.16,0,2
swsh9-108,Gabite,Brilliant Stars,modern,Uncommon,90.0,1,1,70,0.12221763272424921,0.0,3.0116358658453115,0.13,0.13,0,2
swsh9-109,Garchomp,Brilliant Stars,modern,Rare Holo,160.0,1,1,160,0.3435897043900769,0.2424242424242422,3.0116358658453115,0.33,0.41,2,0
swsh9-110,Axew,Brilliant Stars,modern,Common,60.0,1,1,0,0.16551443847757338,0.0,3.0116358658453115,0.18,0.18,0,2
swsh9-111,Fraxure,Brilliant Stars,modern,Uncommon,100.0,2,2,60,0.12221763272424921,0.0,3.0116358658453115,0.13,0.13,0,1
swsh9-112,Haxorus,Brilliant Stars,modern,Rare,170.0,2,2,160,0.15700374880966478,-0.05555555555555547,3.0116358658453115,0.18,0.17,2,1
swsh9-113,Druddigon,Brilliant Stars,modern,Rare,120.0,2,2,120,0.17395330712343804,0.11764705882352944,3.0116358658453115,0.17,0.19,2,1
swsh9-114,Dracovish V,Brilliant Stars,modern,Rare Holo V,220.0,3,2,210,0.5068176023684519,0.19999999999999996,3.0116358658453115,0.55,0.66,2,0
swsh9-115,Farfetch'd,Brilliant Stars,modern,Common,80.0,1,1,20,0.15700374880966478,0.0,3.0116358658453115,0.17,0.17,0,2
swsh9-116,Castform,Brilliant Stars,modern,Common,70.0,1,2,30,0.13102826240640408,0.0,3.0116358658453115,0.14,0.14,0,1
swsh9-117,Starly,Brilliant Stars,modern,Common,60.0,1,1,30,0.1397619423751587,0.0,3.0116358658453115,0.15,0.15,0,2
swsh9-118,Staravia,Brilliant Stars,modern,Uncommon,90.0,1,1,50,0.10436001532424277,0.0,3.0116358658453115,0.11,0.11,0,2
swsh9-119,Staraptor,Brilliant Stars,modern,Rare,150.0,1,2,180,0.15700374880966478,-0.05555555555555547,3.0116358658453115,0.18,0.17,2,1
swsh9-120,Bidoof,Brilliant Stars,modern,Common,70.0,2,1,30,0.1988508587451652,0.0,3.0116358658453115,0.22,0.22,0,2
swsh9-121,Bibarel,Brilliant Stars,modern,Rare Holo,120.0,2,1,100,0.9321640810304452,0.0769230769230771,3.0116358658453115,1.43,1.54,0,0
swsh9-122,Arceus V,Brilliant Stars,modern,Rare Holo V,220.0,2,2,130,1.0224509277025458,0.22758620689655173,3.0116358658453115,1.45,1.78,2,0
swsh9-123,Arceus VSTAR,Brilliant Stars,modern,Rare Holo VSTAR,280.0,2,1,200,1.4906543764441333,-0.11340206185567014,3.0116358658453115,3.88,3.44,2,0
swsh9-124,Minccino,Brilliant Stars,modern,Common,60.0,1,2,10,0.2546422183735807,0.26086956521739113,3.0116358658453115,0.23,0.29,0,1
swsh9-125,Cinccino,Brilliant Stars,modern,Uncommon,90.0,1,2,50,0.12221763272424921,-0.07142857142857151,3.0116358658453115,0.14,0.13,0,1
swsh9-126,Tornadus,Brilliant Stars,modern,Rare,120.0,1,1,100,0.18232155679395465,0.05263157894736836,3.0116358658453115,0.19,0.2,0,2
swsh9-127,Hawlucha,Brilliant Stars,modern,Common,70.0,1,2,30,0.13102826240640408,-0.06666666666666654,3.0116358658453115,0.15,0.14,0,1
swsh9-128,Drampa V,Brilliant Stars,modern,Rare Holo V,210.0,2,2,160,0.412109650826833,0.0625,3.0116358658453115,0.48,0.51,2,0
swsh9-152,Shaymin V,Brilliant Stars,modern,Rare Ultra,190.0,1,2,60,0.9477893989335261,0.0,3.0116358658453115,1.58,1.58,0,0
swsh9-153,Charizard V,Brilliant Stars,modern,Rare Ultra,220.0,2,2,180,3.0652583362026014,-0.05719557195571945,3.0116358658453115,21.68,20.44,2,0
swsh9-154,Charizard V,Brilliant Stars,modern,Rare Ultra,220.0,2,2,180,5.327487743847817,0.012100558107373871,3.0116358658453115,202.47,204.92,2,0
swsh9-155,Lumineon V,Brilliant Stars,modern,Rare Ultra,170.0,1,1,120,1.7101878155342434,-0.08113590263691672,3.0116358658453115,4.93,4.53,0,0
swsh9-156,Lumineon V,Brilliant Stars,modern,Rare Ultra,170.0,1,1,120,2.8249439525737094,0.019935691318327953,3.0116358658453115,15.55,15.86,2,0
swsh9-157,Pikachu V,Brilliant Stars,modern,Rare Ultra,190.0,1,1,100,2.201659174404085,0.20902255639097733,3.0116358658453115,6.65,8.04,2,0
swsh9-158,Raichu V,Brilliant Stars,modern,Rare Ultra,200.0,1,2,60,1.747459210331475,0.1646191646191646,3.0116358658453115,4.07,4.74,2,0
swsh9-159,Granbull V,Brilliant Stars,modern,Rare Ultra,210.0,2,2,190,0.7747271675523681,-0.01680672268907568,3.0116358658453115,1.19,1.17,2,0
swsh9-160,Whimsicott V,Brilliant Stars,modern,Rare Ultra,190.0,1,2,90,0.8712933659434193,0.13008130081300817,3.0116358658453115,1.23,1.39,2,0
swsh9-161,Honchkrow V,Brilliant Stars,modern,Rare Ultra,200.0,1,1,130,0.7839015438284094,0.10185185185185164,3.0116358658453115,1.08,1.19,2,0
swsh9-162,Honchkrow V,Brilliant Stars,modern,Rare Ultra,200.0,1,1,130,2.5779415157551897,-0.024839743589743613,3.0116358658453115,12.48,12.17,2,0
swsh9-163,Zamazenta V,Brilliant Stars,modern,Rare Ultra,220.0,2,1,120,0.8960880245566356,-0.06451612903225812,3.0116358658453115,1.55,1.45,2,0
swsh9-164,Flygon V,Brilliant Stars,modern,Rare Ultra,220.0,2,2,160,0.9969486348916096,-0.07065217391304357,3.0116358658453115,1.84,1.71,2,0
swsh9-165,Arceus V,Brilliant Stars,modern,Rare Ultra,220.0,2,2,130,1.766441661243765,0.0041407867494822614,3.0116358658453115,4.83,4.85,2,0
swsh9-166,Arceus V,Brilliant Stars,modern,Rare Ultra,220.0,2,2,130,3.8550292839080256,0.03469113697403747,3.0116358658453115,44.68,46.23,2,0
swsh9-173,Shaymin VSTAR,Brilliant Stars,modern,Rare Rainbow,250.0,1,1,120,1.8687205103641833,0.06822612085769997,3.0116358658453115,5.13,5.48,2,0
swsh9-174,Charizard VSTAR,Brilliant Stars,modern,Rare Rainbow,280.0,2,2,320,4.085135623136791,0.006024096385542244,3.0116358658453115,58.1,58.45,2,0
swsh9-175,Whimsicott VSTAR,Brilliant Stars,modern,Rare Rainbow,250.0,1,2,160,1.8531680973566984,-0.06920415224913501,3.0116358658453115,5.78,5.38,2,0
swsh9-176,Arceus VSTAR,Brilliant Stars,modern,Rare Rainbow,280.0,2,1,200,2.401525040848949,0.010060362173038184,3.0116358658453115,9.94,10.04,2,0
swsh9-181,Galarian Articuno V,Brilliant Stars,modern,Rare Secret,210.0,2,1,110,2.378619779270043,0.056094929881337574,3.0116358658453115,9.27,9.79,2,0
swsh9-182,Galarian Zapdos V,Brilliant Stars,modern,Rare Secret,200.0,1,1,170,2.3282528397426234,0.0631458094144659,3.0116358658453115,8.71,9.26,2,0
swsh9-183,Galarian Moltres V,Brilliant Stars,modern,Rare Secret,220.0,2,1,190,2.5209170873110334,0.08128544423440442,3.0116358658453115,10.58,11.44,2,0
swsh9-184,Arceus VSTAR,Brilliant Stars,modern,Rare Secret,280.0,2,1,200,2.614471854142644,0.07561597281223453,3.0116358658453115,11.77,12.66,2,0
swsh9tg-TG01,Flareon,Brilliant Stars Trainer Gallery,modern,Trainer Gallery Rare Holo,110.0,2,1,100,2.462149662665384,0.15252416756176146,3.0116358658453115,9.31,10.73,2,2
swsh9tg-TG02,Vaporeon,Brilliant Stars Trainer Gallery,modern,Trainer Gallery Rare Holo,110.0,2,1,70,2.6369121732688705,0.09083263246425566,3.0116358658453115,11.89,12.97,0,2
swsh9tg-TG03,Octillery,Brilliant Stars Trainer Gallery,modern,Trainer Gallery Rare Holo,110.0,2,1,50,0.9555114450274363,-0.16666666666666663,3.0116358658453115,1.92,1.6,0,2
swsh9tg-TG04,Jolteon,Brilliant Stars Trainer Gallery,modern,Trainer Gallery Rare Holo,100.0,1,1,90,2.4706386779902956,0.15335463258785942,3.0116358658453115,9.39,10.83,0,2
swsh9tg-TG05,Zekrom,Brilliant Stars Trainer Gallery,modern,Trainer Gallery Rare Holo,130.0,3,2,130,2.6823904543216326,0.11914543960558754,3.0116358658453115,12.17,13.62,2,0
swsh9tg-TG06,Dusknoir,Brilliant Stars Trainer Gallery,modern,Trainer Gallery Rare Holo,150.0,2,1,120,0.9242589015233319,-0.08982035928143706,3.0116358658453115,1.67,1.52,2,0
swsh9tg-TG07,Dedenne,Brilliant Stars Trainer Gallery,modern,Trainer Gallery Rare Holo,70.0,1,1,20,1.3987168811184478,-0.10029498525073755,3.0116358658453115,3.39,3.05,0,2
swsh9tg-TG08,Alcremie,Brilliant Stars Trainer Gallery,modern,Trainer Gallery Rare Holo,90.0,1,1,10,0.9516578757114464,0.08163265306122458,3.0116358658453115,1.47,1.59,0,2
swsh9tg-TG09,Ariados,Brilliant Stars Trainer Gallery,modern,Trainer Gallery Rare Holo,110.0,2,1,30,0.9122827104766162,0.12030075187969924,3.0116358658453115,1.33,1.49,0,2
swsh9tg-TG10,Houndoom,Brilliant Stars Trainer Gallery,modern,Trainer Gallery Rare Holo,130.0,2,1,50,1.0188473201992472,0.023121387283236983,3.0116358658453115,1.73,1.77,0,2
swsh9tg-TG11,Eevee,Brilliant Stars Trainer Gallery,modern,Trainer Gallery Rare Holo,70.0,1,2,20,2.3850863145057892,0.11664779161947902,3.0116358658453115,8.83,9.86,0,1
swsh9tg-TG12,Oranguru,Brilliant Stars Trainer Gallery,modern,Trainer Gallery Rare Holo,120.0,2,1,70,0.9631743177730056,0.17391304347826098,3.0116358658453115,1.38,1.62,0,2
swsh9tg-TG13,Boltund V,Brilliant Stars Trainer Gallery,modern,Rare Holo V,200.0,2,2,10,2.3850863145057892,0.19515151515151508,3.0116358658453115,8.25,9.86,2,0
swsh9tg-TG14,Sylveon V,Brilliant Stars Trainer Gallery,modern,Rare Holo V,200.0,1,1,60,3.750209709265542,0.0031400966183574575,3.0116358658453115,41.4,41.53,2,0
swsh9tg-TG15,Sylveon VMAX,Brilliant Stars Trainer Gallery,modern,Rare Holo VMAX,310.0,2,2,70,3.887935209899056,-0.10868754660700963,3.0116358658453115,53.64,47.81,2,0
swsh9tg-TG16,Mimikyu V,Brilliant Stars Trainer Gallery,modern,Rare Holo V,160.0,2,1,0,3.574029612434994,-0.016737588652482316,3.0116358658453115,35.25,34.66,0,2
swsh9tg-TG17,Mimikyu VMAX,Brilliant Stars Trainer Gallery,modern,Rare Holo VMAX,300.0,1,2,120,3.632309102625542,-0.0018985625169514186,3.0116358658453115,36.87,36.8,2,0
swsh9tg-TG18,Single Strike Urshifu V,Brilliant Stars Trainer Gallery,modern,Rare Holo V,220.0,2,2,180,1.572773928062509,0.1826625386996903,3.0116358658453115,3.23,3.82,2,0
swsh9tg-TG19,Single Strike Urshifu VMAX,Brilliant Stars Trainer Gallery,modern,Rare Holo VMAX,330.0,3,2,270,2.1004689088719113,0.09969325153374231,3.0116358658453115,6.52,7.17,2,0
swsh9tg-TG20,Rapid Strike Urshifu V,Brilliant Stars Trainer Gallery,modern,Rare Holo V,220.0,2,2,150,1.5686159179138452,0.016042780748662944,3.0116358658453115,3.74,3.8,2,0
swsh9tg-TG21,Rapid Strike Urshifu VMAX,Brilliant Stars Trainer Gallery,modern,Rare Holo VMAX,330.0,2,2,30,2.255493485460195,0.05955334987593042,3.0116358658453115,8.06,8.54,2,0
swsh9tg-TG22,Umbreon V,Brilliant Stars Trainer Gallery,modern,Rare Holo V,200.0,2,2,80,3.8897773964808264,-0.08535421042581626,3.0116358658453115,52.37,47.9,2,0
swsh9tg-TG23,Umbreon VMAX,Brilliant Stars Trainer Gallery,modern,Rare Holo VMAX,310.0,2,1,160,4.423528398098894,0.03518029903254183,3.0116358658453115,79.59,82.39,2,0
swsh9tg-TG29,Single Strike Urshifu VMAX,Brilliant Stars Trainer Gallery,modern,Rare Secret,330.0,3,2,270,1.5260563034950492,0.24567474048442905,3.0116358658453115,2.89,3.6,2,0
swsh9tg-TG30,Rapid Strike Urshifu VMAX,Brilliant Stars Trainer Gallery,modern,Rare Secret,330.0,2,2,30,1.3912819026309295,0.03780068728522323,3.0116358658453115,2.91,3.02,2,0
swshp-SWSH001,Grookey,SWSH Black Star Promos,modern,Promo,60.0,1,1,30,1.415853163361435,-0.0031948881789136685,5.292265571526352,3.13,3.12,0,2
swshp-SWSH002,Scorbunny,SWSH Black Star Promos,modern,Promo,60.0,1,1,10,1.5390154481375546,-0.0027247956403269047,5.292265571526352,3.67,3.66,0,2
swshp-SWSH003,Sobble,SWSH Black Star Promos,modern,Promo,60.0,1,1,20,1.5602476682433286,0.0,5.292265571526352,3.76,3.76,0,2
swshp-SWSH004,Meowth V,SWSH Black Star Promos,modern,Promo,180.0,2,2,130,0.8197798314933114,0.144144144144144,5.292265571526352,1.11,1.27,2,0
swshp-SWSH005,Meowth VMAX,SWSH Black Star Promos,modern,Promo,300.0,2,1,200,1.2267122912954254,-0.04743083003952553,5.292265571526352,2.53,2.41,2,0
swshp-SWSH006,Rillaboom,SWSH Black Star Promos,modern,Promo,170.0,3,1,140,1.801709800081223,-0.015564202334630406,5.292265571526352,5.14,5.06,2,0
swshp-SWSH007,Frosmoth,SWSH Black Star Promos,modern,Promo,90.0,2,1,30,3.9562312600924665,0.0,5.292265571526352,51.26,51.26,0,2
swshp-SWSH008,Galarian Perrserker,SWSH Black Star Promos,modern,Promo,120.0,2,1,70,1.5040773967762742,-0.008498583569405027,5.292265571526352,3.53,3.5,0,2
swshp-SWSH009,Cinccino,SWSH Black Star Promos,modern,Promo,90.0,1,1,40,4.073801660990771,0.0,5.292265571526352,57.78,57.78,0,2
swshp-SWSH010,Gossifleur,SWSH Black Star Promos,modern,Promo,50.0,1,1,0,0.2776317365982795,0.032258064516129004,5.292265571526352,0.31,0.32,0,2
swshp-SWSH011,Wooloo,SWSH Black Star Promos,modern,Promo,60.0,1,2,20,0.6097655716208943,0.024390243902439046,5.292265571526352,0.82,0.84,0,1
swshp-SWSH012,Morpeko,SWSH Black Star Promos,modern,Promo,80.0,1,1,60,0.43178241642553783,-0.018181818181818188,5.292265571526352,0.55,0.54,0,2
swshp-SWSH013,Galarian Ponyta,SWSH Black Star Promos,modern,Promo,70.0,1,2,20,1.264126727145683,-0.0078125,5.292265571526352,2.56,2.54,0,1
swshp-SWSH014,Rillaboom V,SWSH Black Star Promos,modern,Promo,220.0,3,2,220,0.5766133643039938,-0.012658227848101222,5.292265571526352,0.79,0.78,2,0
swshp-SWSH015,Cinderace V,SWSH Black Star Promos,modern,Promo,210.0,2,1,140,0.4574248470388754,0.01754385964912286,5.292265571526352,0.57,0.58,2,0
swshp-SWSH016,Inteleon V,SWSH Black Star Promos,modern,Promo,200.0,2,2,130,0.4574248470388754,-0.09375000000000011,5.292265571526352,0.64,0.58,2,0
swshp-SWSH017,Toxtricity V,SWSH Black Star Promos,modern,Promo,210.0,2,2,120,0.6830968447064438,0.11363636363636354,5.292265571526352,0.88,0.98,2,0
swshp-SWSH018,Zacian V,SWSH Black Star Promos,modern,Promo,220.0,2,1,230,0.5822156198526637,0.03947368421052633,5.292265571526352,0.76,0.79,2,0
swshp-SWSH019,Zamazenta V,SWSH Black Star Promos,modern,Promo,230.0,2,1,130,0.44468582126144574,0.0,5.292265571526352,0.56,0.56,2,0
swshp-SWSH020,Pikachu,SWSH Black Star Promos,modern,Promo,70.0,1,2,60,3.7952644448179504,0.022572301904538072,5.292265571526352,42.53,43.49,0,1
swshp-SWSH021,Polteageist V,SWSH Black Star Promos,modern,Promo,170.0,1,1,100,0.7839015438284094,0.08181818181818179,5.292265571526352,1.1,1.19,0,2
swshp-SWSH022,Flapple,SWSH Black Star Promos,modern,Promo,80.0,1,1,60,3.126760535960395,-0.04091509018917727,5.292265571526352,22.73,21.8,0,2
swshp-SWSH023,Luxray,SWSH Black Star Promos,modern,Promo,160.0,1,2,120,3.6027767550605247,-0.02698282910874883,5.292265571526352,36.69,35.7,2,1
swshp-SWSH024,Coalossal,SWSH Black Star Promos,modern,Promo,160.0,4,1,130,2.773213527008623,0.0,5.292265571526352,15.01,15.01,2,0
swshp-SWSH025,Garbodor,SWSH Black Star Promos,modern,Promo,120.0,2,1,80,3.0140632302387145,0.0,5.292265571526352,19.37,19.37,2,2
swshp-SWSH026,Mantine,SWSH Black Star Promos,modern,Promo,110.0,1,2,60,0.8109302162163288,0.024590163934426146,5.292265571526352,1.22,1.25,0,1
swshp-SWSH027,Noctowl,SWSH Black Star Promos,modern,Promo,110.0,1,2,40,1.1505720275988207,0.009345794392523477,5.292265571526352,2.14,2.16,0,1
swshp-SWSH028,Duraludon,SWSH Black Star Promos,modern,Promo,130.0,2,2,150,0.44468582126144574,0.03703703703703698,5.292265571526352,0.54,0.56,2,0
swshp-SWSH029,Rayquaza,SWSH Black Star Promos,modern,Promo,130.0,2,2,120,0.6981347220709844,0.06315789473684208,5.292265571526352,0.95,1.01,2,1
swshp-SWSH030,Copperajah V,SWSH Black Star Promos,modern,Promo,220.0,4,2,180,0.5068176023684519,0.04761904761904767,5.292265571526352,0.63,0.66,2,0
swshp-SWSH031,Morpeko,SWSH Black Star Promos,modern,Promo,80.0,1,2,40,0.17395330712343804,-0.09523809523809523,5.292265571526352,0.21,0.19,0,1
swshp-SWSH032,Snorlax,SWSH Black Star Promos,modern,Promo,150.0,4,2,130,2.1482677326096886,0.013386880856760541,5.292265571526352,7.47,7.57,2,0
swshp-SWSH033,Zacian,SWSH Black Star Promos,modern,Promo,130.0,2,2,190,1.4770487243883548,0.0,5.292265571526352,3.38,3.38,2,0
swshp-SWSH034,Zamazenta,SWSH Black Star Promos,modern,Promo,130.0,2,1,130,1.6174060820832772,-0.004926108374384119,5.292265571526352,4.06,4.04,2,0
swshp-SWSH035,Decidueye,SWSH Black Star Promos,modern,Promo,140.0,2,1,90,1.9487632180377197,-0.021138211382113914,5.292265571526352,6.15,6.02,0,2
swshp-SWSH036,Arctozolt,SWSH Black Star Promos,modern,Promo,130.0,2,1,70,3.940416079929364,0.0,5.292265571526352,50.44,50.44,2,2
swshp-SWSH037,Hydreigon,SWSH Black Star Promos,modern,Promo,160.0,3,1,130,1.9110228900548727,0.0034843205574912606,5.292265571526352,5.74,5.76,2,0
swshp-SWSH038,Kangaskhan,SWSH Black Star Promos,modern,Promo,130.0,2,2,100,2.494031557565001,0.010000000000000009,5.292265571526352,11.0,11.11,2,0
swshp-SWSH039,Pikachu,SWSH Black Star Promos,modern,Promo,60.0,1,2,50,0.9745596399981308,0.031249999999999778,5.292265571526352,1.6,1.65,0,1
swshp-SWSH040,Hatenna,SWSH Black Star Promos,modern,Promo,60.0,1,2,20,0.3220834991691133,0.027027027027026973,5.292265571526352,0.37,0.38,0,1
swshp-SWSH041,Flareon,SWSH Black Star Promos,modern,Promo,110.0,2,2,120,1.7732559976634952,0.02947368421052632,5.292265571526352,4.75,4.89,2,0
swshp-SWSH042,Eevee,SWSH Black Star Promos,modern,Promo,60.0,1,2,30,1.3987168811184478,0.020066889632106788,5.292265571526352,2.99,3.05,0,1
swshp-SWSH043,Galarian Sirfetch'd V,SWSH Black Star Promos,modern,Promo,210.0,2,1,200,0.7514160886839212,0.02752293577981657,5.292265571526352,1.09,1.12,2,0
swshp-SWSH044,Eternatus V,SWSH Black Star Promos,modern,Promo,220.0,2,2,120,1.0543120297715298,0.10000000000000009,5.292265571526352,1.7,1.87,2,0
swshp-SWSH045,Eternatus VMAX,SWSH Black Star Promos,modern,Promo,340.0,3,1,30,1.3837912309017721,0.08727272727272739,5.292265571526352,2.75,2.99,2,0
swshp-SWSH046,Eldegoss,SWSH Black Star Promos,modern,Promo,80.0,1,2,30,0.5877866649021191,0.0,5.292265571526352,0.8,0.8,0,1
swshp-SWSH047,Drednaw,SWSH Black Star Promos,modern,Promo,130.0,3,2,130,0.832909122935104,0.031746031746031855,5.292265571526352,1.26,1.3,2,0
swshp-SWSH048,Centiskorch,SWSH Black Star Promos,modern,Promo,130.0,3,2,110,0.7030975114131134,0.00990099009900991,5.292265571526352,1.01,1.02,2,0
swshp-SWSH049,Dubwool V,SWSH Black Star Promos,modern,Promo,210.0,2,1,120,0.3293037471426004,-0.15217391304347827,5.292265571526352,0.46,0.39,2,0
swshp-SWSH050,Charizard V,SWSH Black Star Promos,modern,Promo,220.0,3,2,220,2.033397603178429,-0.016296296296296364,5.292265571526352,6.75,6.64,2,0
swshp-SWSH051,Lapras,SWSH Black Star Promos,modern,Promo,130.0,3,1,70,1.1314021114911006,0.0,5.292265571526352,2.1,2.1,2,2
swshp-SWSH052,Gengar,SWSH Black Star Promos,modern,Promo,110.0,2,1,90,3.4404180948154366,0.010709504685408211,5.292265571526352,29.88,30.2,2,2
swshp-SWSH053,Machamp,SWSH Black Star Promos,modern,Promo,170.0,3,2,200,0.636576829071551,0.011363636363636465,5.292265571526352,0.88,0.89,2,0
swshp-SWSH054,Coalossal,SWSH Black Star Promos,modern,Promo,160.0,4,1,130,0.7227059828014898,0.0,5.292265571526352,1.06,1.06,2,0
swshp-SWSH055,Hatterene V,SWSH Black Star Promos,modern,Promo,200.0,2,2,90,0.48858001481867097,-0.015625,5.292265571526352,0.64,0.63,2,0
swshp-SWSH056,Morpeko V,SWSH Black Star Promos,modern,Promo,170.0,2,2,150,0.5877866649021191,-0.06976744186046502,5.292265571526352,0.86,0.8,2,0
swshp-SWSH057,Grimmsnarl V,SWSH Black Star Promos,modern,Promo,220.0,2,2,200,0.5877866649021191,0.012658227848101333,5.292265571526352,0.79,0.8,2,0
swshp-SWSH058,Alcremie,SWSH Black Star Promos,modern,Promo,110.0,1,2,50,1.0715836162801904,0.005235602094240788,5.292265571526352,1.91,1.92,0,1
swshp-SWSH059,Galarian Obstagoon,SWSH Black Star Promos,modern,Promo,160.0,2,1,90,0.9202827531436926,0.006666666666666599,5.292265571526352,1.5,1.51,0,0
swshp-SWSH060,Duraludon,SWSH Black Star Promos,modern,Promo,130.0,2,2,110,1.0473189942805592,0.005434782608695565,5.292265571526352,1.84,1.85,2,0
swshp-SWSH063,Pikachu V,SWSH Black Star Promos,modern,Promo,190.0,1,2,30,1.184789984909162,0.35928143712574867,5.292265571526352,1.67,2.27,0,0
swshp-SWSH064,Eternatus V,SWSH Black Star Promos,modern,Promo,220.0,2,2,120,0.8796267475025635,0.0,5.292265571526352,1.41,1.41,2,0
swshp-SWSH065,Eevee V,SWSH Black Star Promos,modern,Promo,190.0,1,2,80,1.3635373739972745,-0.09062499999999996,5.292265571526352,3.2,2.91,0,0
swshp-SWSH066,Charizard,SWSH Black Star Promos,modern,Promo,170.0,3,1,100,6.398561656111271,0.0,5.292265571526352,599.98,599.98,2,2
swshp-SWSH067,Donphan,SWSH Black Star Promos,modern,Promo,150.0,4,2,120,1.6428726885203377,-0.004773269689737569,5.292265571526352,4.19,4.17,2,0
swshp-SWSH068,Snorlax,SWSH Black Star Promos,modern,Promo,130.0,3,1,100,4.61512051684126,0.0,5.292265571526352,100.0,100.0,2,2
swshp-SWSH069,Lugia,SWSH Black Star Promos,modern,Promo,130.0,2,2,250,2.8178010650613294,0.03825857519788922,5.292265571526352,15.16,15.74,2,0
swshp-SWSH070,Grookey,SWSH Black Star Promos,modern,Promo,60.0,1,1,30,0.3506568716131694,0.19999999999999996,5.292265571526352,0.35,0.42,0,2
swshp-SWSH071,Scorbunny,SWSH Black Star Promos,modern,Promo,60.0,1,2,20,0.3293037471426004,-0.0714285714285714,5.292265571526352,0.42,0.39,0,1
swshp-SWSH072,Vaporeon,SWSH Black Star Promos,modern,Promo,110.0,2,1,60,1.3270750014599193,0.08203125,5.292265571526352,2.56,2.77,0,2
swshp-SWSH073,Sobble,SWSH Black Star Promos,modern,Promo,60.0,1,2,10,0.5538851132264376,0.013698630136986356,5.292265571526352,0.73,0.74,0,1
swshp-SWSH074,Special Delivery Pikachu,SWSH Black Star Promos,modern,Promo,60.0,1,2,30,4.872904620630176,0.03289002150195097,5.292265571526352,125.57,129.7,0,1
swshp-SWSH061,Pikachu V,SWSH Black Star Promos,modern,Promo,190.0,1,2,200,0.5709795465857378,0.13235294117647056,5.292265571526352,0.68,0.77,2,0
swshp-SWSH076,Zacian V,SWSH Black Star Promos,modern,Promo,220.0,2,1,230,1.8325814637483102,0.03143418467583503,5.292265571526352,5.09,5.25,2,0
swshp-SWSH077,Zamazenta V,SWSH Black Star Promos,modern,Promo,230.0,2,1,130,1.5390154481375546,0.07017543859649122,5.292265571526352,3.42,3.66,2,0
swshp-SWSH078,Orbeetle V,SWSH Black Star Promos,modern,Promo,180.0,1,2,50,0.3920420877760237,0.0,5.292265571526352,0.48,0.48,0,0
swshp-SWSH079,Galarian Mr. Rime,SWSH Black Star Promos,modern,Promo,120.0,2,1,20,0.3784364357202451,-0.1636363636363637,5.292265571526352,0.55,0.46,0,2
swshp-SWSH080,Dedenne,SWSH Black Star Promos,modern,Promo,70.0,1,1,20,0.48858001481867097,0.032786885245901676,5.292265571526352,0.61,0.63,0,2
swshp-SWSH081,Polteageist,SWSH Black Star Promos,modern,Promo,60.0,1,1,20,0.4252677354043441,0.08163265306122458,5.292265571526352,0.49,0.53,0,2
swshp-SWSH082,Bunnelby,SWSH Black Star Promos,modern,Promo,40.0,1,1,20,0.4252677354043441,0.15217391304347827,5.292265571526352,0.46,0.53,0,2
swshp-SWSH083,Alakazam V,SWSH Black Star Promos,modern,Promo,190.0,1,2,30,0.7371640659767197,0.2674418604651163,5.292265571526352,0.86,1.09,0,0
swshp-SWSH084,Eldegoss V,SWSH Black Star Promos,modern,Promo,180.0,1,1,50,0.43178241642553783,-0.0357142857142857,5.292265571526352,0.56,0.54,0,2
swshp-SWSH085,Boltund V,SWSH Black Star Promos,modern,Promo,200.0,2,2,10,0.5068176023684519,-0.15384615384615385,5.292265571526352,0.78,0.66,0,0
swshp-SWSH086,Cramorant V,SWSH Black Star Promos,modern,Promo,200.0,1,2,0,0.4510756193602166,-0.1230769230769232,5.292265571526352,0.65,0.57,0,0
swshp-SWSH087,Eevee VMAX,SWSH Black Star Promos,modern,Promo,300.0,2,1,150,1.3029127521808397,0.007518796992481258,5.292265571526352,2.66,2.68,2,0
swshp-SWSH096,Dragapult V,SWSH Black Star Promos,modern,Promo,210.0,1,2,60,0.959350221334602,-0.012269938650306678,5.292265571526352,1.63,1.61,0,0
swshp-SWSH097,Dragapult VMAX,SWSH Black Star Promos,modern,Promo,320.0,1,2,130,1.3190856114264407,0.0,5.292265571526352,2.74,2.74,2,0
swshp-SWSH098,Crobat V,SWSH Black Star Promos,modern,Promo,180.0,1,1,70,0.8109302162163288,0.16822429906542058,5.292265571526352,1.07,1.25,0,0
swshp-SWSH099,Crobat VMAX,SWSH Black Star Promos,modern,Promo,300.0,1,2,180,0.9477893989335261,0.12056737588652489,5.292265571526352,1.41,1.58,2,0
swshp-SWSH100,Venusaur V,SWSH Black Star Promos,modern,Promo,220.0,3,2,190,1.4701758451005926,0.1355932203389829,5.292265571526352,2.95,3.35,2,0
swshp-SWSH101,Blastoise V,SWSH Black Star Promos,modern,Promo,220.0,3,2,200,1.843719208158766,0.08571428571428563,5.292265571526352,4.9,5.32,2,0
swshp-SWSH088,Cherrim,SWSH Black Star Promos,modern,Promo,80.0,2,1,70,1.969905654611529,-0.025276461295418717,5.292265571526352,6.33,6.17,0,2
swshp-SWSH089,Octillery,SWSH Black Star Promos,modern,Promo,110.0,2,1,50,1.5496879080283263,-0.00536193029490617,5.292265571526352,3.73,3.71,0,2
swshp-SWSH090,Houndoom,SWSH Black Star Promos,modern,Promo,130.0,2,1,50,1.8961194845522977,0.025362318840579823,5.292265571526352,5.52,5.66,0,2
swshp-SWSH091,Bronzong,SWSH Black Star Promos,modern,Promo,110.0,3,1,70,1.4678743481123135,-0.014749262536873253,5.292265571526352,3.39,3.34,0,2
swshp-SWSH092,Charmander,SWSH Black Star Promos,modern,Promo,70.0,1,2,30,0.5596157879354227,0.0714285714285714,5.292265571526352,0.7,0.75,0,1
swshp-SWSH093,Arrokuda,SWSH Black Star Promos,modern,Promo,60.0,1,2,20,0.23901690047049992,-0.0357142857142857,5.292265571526352,0.28,0.27,0,1
swshp-SWSH094,Jolteon,SWSH Black Star Promos,modern,Promo,100.0,0,2,160,1.4011829736136414,0.11272727272727279,5.292265571526352,2.75,3.06,0,1
swshp-SWSH095,Eevee,SWSH Black Star Promos,modern,Promo,60.0,1,2,30,0.5933268452777344,-0.2058823529411764,5.292265571526352,1.02,0.81,0,1
swshp-SWSH102,Venusaur VMAX,SWSH Black Star Promos,modern,Promo,330.0,4,2,210,2.89480635496403,0.1348837209302325,5.292265571526352,15.05,17.08,2,0
swshp-SWSH103,Blastoise VMAX,SWSH Black Star Promos,modern,Promo,330.0,3,2,220,3.100992784211484,0.03059737736765422,5.292265571526352,20.59,21.22,2,0
swshp-SWSH106,Single Strike Urshifu V,SWSH Black Star Promos,modern,Promo,220.0,2,2,180,0.5653138090500605,0.08571428571428585,5.292265571526352,0.7,0.76,2,0
swshp-SWSH107,Rapid Strike Urshifu V,SWSH Black Star Promos,modern,Promo,220.0,2,2,90,0.5877866649021191,0.038961038961039085,5.292265571526352,0.77,0.8,2,0
swshp-SWSH104,Victini V,SWSH Black Star Promos,modern,Promo,190.0,2,2,30,0.5766133643039938,-0.012658227848101222,5.292265571526352,0.79,0.78,0,0
swshp-SWSH105,Gardevoir V,SWSH Black Star Promos,modern,Promo,210.0,2,2,120,0.7514160886839212,-0.1578947368421052,5.292265571526352,1.33,1.12,2,0
swshp-SWSH108,Empoleon V,SWSH Black Star Promos,modern,Promo,210.0,2,1,130,0.4054651081081644,-0.09090909090909094,5.292265571526352,0.55,0.5,2,0
swshp-SWSH109,Tyranitar V,SWSH Black Star Promos,modern,Promo,230.0,3,2,240,0.412109650826833,0.10869565217391308,5.292265571526352,0.46,0.51,2,0
swshp-SWSH111,Galarian Rapidash V,SWSH Black Star Promos,modern,Promo,210.0,1,2,60,0.9745596399981308,0.0,5.292265571526352,1.65,1.65,0,0
swshp-SWSH116,Morpeko,SWSH Black Star Promos,modern,Promo,80.0,1,2,40,0.3435897043900769,-0.12765957446808507,5.292265571526352,0.47,0.41,0,1
swshp-SWSH117,Phanpy,SWSH Black Star Promos,modern,Promo,70.0,2,2,30,0.23901690047049992,-0.18181818181818177,5.292265571526352,0.33,0.27,0,1
swshp-SWSH118,Eevee,SWSH Black Star Promos,modern,Promo,60.0,1,2,30,0.7701082216960736,0.01754385964912286,5.292265571526352,1.14,1.16,0,1
swshp-SWSH119,Snorlax,SWSH Black Star Promos,modern,Promo,140.0,4,2,120,0.5481214085096876,-0.03947368421052633,5.292265571526352,0.76,0.73,2,0
swshp-SWSH129,Umbreon,SWSH Black Star Promos,modern,Promo,110.0,1,2,80,2.3589654264301534,-0.01541623843782125,5.292265571526352,9.73,9.58,0,1
swshp-SWSH127,Eevee,SWSH Black Star Promos,modern,Promo,60.0,1,2,30,0.6418538861723948,-0.16666666666666674,5.292265571526352,1.08,0.9,0,1
swshp-SWSH131,Shadow Rider Calyrex V,SWSH Black Star Promos,modern,Promo,210.0,2,2,130,0.7561219797213337,-0.00877192982456143,5.292265571526352,1.14,1.13,2,0
swshp-SWSH123,Galarian Articuno,SWSH Black Star Promos,modern,Promo,120.0,2,1,0,1.5686159179138452,0.032608695652173836,5.292265571526352,3.68,3.8,0,2
swshp-SWSH122,Flaaffy,SWSH Black Star Promos,modern,Promo,90.0,2,1,50,1.4747630091074988,0.030581039755351647,5.292265571526352,3.27,3.37,0,2
swshp-SWSH128,Eiscue,SWSH Black Star Promos,modern,Promo,120.0,2,2,100,0.20701416938432615,-0.04166666666666663,5.292265571526352,0.24,0.23,0,1
swshp-SWSH125,Galarian Moltres,SWSH Black Star Promos,modern,Promo,120.0,2,1,20,2.199444334074532,0.24534161490683215,5.292265571526352,6.44,8.02,0,2
swshp-SWSH130,Ice Rider Calyrex V,SWSH Black Star Promos,modern,Promo,210.0,2,2,140,0.6097655716208943,0.09090909090909083,5.292265571526352,0.77,0.84,2,0
swshp-SWSH124,Galarian Zapdos,SWSH Black Star Promos,modern,Promo,110.0,0,1,70,1.5432981099295553,-0.023872679045092826,5.292265571526352,3.77,3.68,0,2
swshp-SWSH110,Crobat V,SWSH Black Star Promos,modern,Promo,180.0,1,1,70,0.5128236264286639,0.030769230769230882,5.292265571526352,0.65,0.67,0,2
swshp-SWSH126,Galarian Slowpoke,SWSH Black Star Promos,modern,Promo,70.0,2,2,30,0.41871033485818504,0.040000000000000036,5.292265571526352,0.5,0.52,0,1
swshp-SWSH062,Pikachu VMAX,SWSH Black Star Promos,modern,Promo,310.0,2,1,120,2.0515563381903004,0.0335365853658538,5.292265571526352,6.56,6.78,2,0
swshp-SWSH132,Dragapult,SWSH Black Star Promos,modern,Promo,150.0,0,2,150,1.1631508098056809,0.042654028436019065,5.292265571526352,2.11,2.2,0,1
swshp-SWSH133,Lance's Charizard V,SWSH Black Star Promos,modern,Promo,220.0,3,1,200,1.5769147207285403,0.005235602094240788,5.292265571526352,3.82,3.84,2,0
swshp-SWSH134,Dark Sylveon V,SWSH Black Star Promos,modern,Promo,180.0,1,2,100,1.599387576580599,0.19696969696969702,5.292265571526352,3.3,3.95,2,0
swshp-SWSH135,Zacian LV.X,SWSH Black Star Promos,modern,Promo,160.0,2,1,240,1.199964782928397,0.05936073059360725,5.292265571526352,2.19,2.32,2,0
swshp-SWSH136,Mimikyu δ,SWSH Black Star Promos,modern,Promo,70.0,1,2,40,1.7334238922150915,1.0,5.292265571526352,1.98,4.66,0,1
swshp-SWSH137,Light Toxtricity,SWSH Black Star Promos,modern,Promo,120.0,2,2,160,0.9707789171582248,0.15492957746478875,5.292265571526352,1.42,1.64,2,1
swshp-SWSH138,Hydreigon C,SWSH Black Star Promos,modern,Promo,110.0,2,2,100,0.3852624007906449,0.0,5.292265571526352,0.47,0.47,0,1
swshp-SWSH139,Pikachu V-UNION,SWSH Black Star Promos,modern,Promo,300.0,2,4,250,1.095273387402595,-0.04784688995215303,5.292265571526352,2.09,1.99,2,0
swshp-SWSH140,Pikachu V-UNION,SWSH Black Star Promos,modern,Promo,300.0,2,4,250,1.0043016091968684,-0.017045454545454586,5.292265571526352,1.76,1.73,2,0
swshp-SWSH141,Pikachu V-UNION,SWSH Black Star Promos,modern,Promo,300.0,2,4,250,1.247032293786383,0.2717948717948717,5.292265571526352,1.95,2.48,2,0
swshp-SWSH142,Pikachu V-UNION,SWSH Black Star Promos,modern,Promo,300.0,2,4,250,1.144222799920162,0.07000000000000006,5.292265571526352,2.0,2.14,2,0
swshp-SWSH143,Pikachu V,SWSH Black Star Promos,modern,Promo,190.0,1,1,210,1.1969481893889715,-0.060975609756097504,5.292265571526352,2.46,2.31,2,0
swshp-SWSH144,Greninja ★,SWSH Black Star Promos,modern,Promo,130.0,1,1,100,2.1826747963214883,-0.25261158594491917,5.292265571526352,10.53,7.87,0,2
swshp-SWSH145,Pikachu V,SWSH Black Star Promos,modern,Promo,190.0,1,1,210,3.3551534431607486,0.016917984553144416,5.292265571526352,27.19,27.65,2,0
swshp-SWSH147,Rayquaza V,SWSH Black Star Promos,modern,Promo,210.0,2,2,40,1.8484548129046001,0.017110266159695797,5.292265571526352,5.26,5.35,2,0
swshp-SWSH148,Noivern V,SWSH Black Star Promos,modern,Promo,200.0,0,2,60,0.9162907318741551,0.027397260273972712,5.292265571526352,1.46,1.5,0,0
swshp-SWSH149,Flareon V,SWSH Black Star Promos,modern,Promo,210.0,2,2,120,1.691939133945844,-0.030634573304157642,5.292265571526352,4.57,4.43,2,0
swshp-SWSH150,Vaporeon V,SWSH Black Star Promos,modern,Promo,210.0,2,2,90,1.8180767775454285,0.20560747663551404,5.292265571526352,4.28,5.16,2,0
swshp-SWSH151,Jolteon V,SWSH Black Star Promos,modern,Promo,190.0,0,2,60,1.5851452198650557,0.12463768115942031,5.292265571526352,3.45,3.88,0,0
swshp-SWSH154,Dragonite V,SWSH Black Star Promos,modern,Promo,230.0,3,2,250,1.199964782928397,-0.01276595744680864,5.292265571526352,2.35,2.32,2,0
swshp-SWSH155,Greninja V-UNION,SWSH Black Star Promos,modern,Promo,300.0,2,4,180,1.1662709371419244,-0.03493449781659397,5.292265571526352,2.29,2.21,2,0
swshp-SWSH156,Greninja V-UNION,SWSH Black Star Promos,modern,Promo,300.0,2,4,180,1.33500106673234,-0.014084507042253502,5.292265571526352,2.84,2.8,2,0
swshp-SWSH157,Greninja V-UNION,SWSH Black Star Promos,modern,Promo,300.0,2,4,180,1.4562867329399256,-0.035190615835777206,5.292265571526352,3.41,3.29,2,0
swshp-SWSH158,Greninja V-UNION,SWSH Black Star Promos,modern,Promo,300.0,2,4,180,1.3164082336557241,-0.017985611510791255,5.292265571526352,2.78,2.73,2,0
swshp-SWSH159,Mewtwo V-UNION,SWSH Black Star Promos,modern,Promo,300.0,2,4,300,1.7191887763932197,-0.002178649237472685,5.292265571526352,4.59,4.58,2,0
swshp-SWSH160,Mewtwo V-UNION,SWSH Black Star Promos,modern,Promo,300.0,2,4,300,1.7101878155342434,0.03899082568807333,5.292265571526352,4.36,4.53,2,0
swshp-SWSH161,Mewtwo V-UNION,SWSH Black Star Promos,modern,Promo,300.0,2,4,300,1.8066480817218056,-0.007797270955165692,5.292265571526352,5.13,5.09,2,0
swshp-SWSH162,Mewtwo V-UNION,SWSH Black Star Promos,modern,Promo,300.0,2,4,300,1.7561322915849038,0.019148936170212627,5.292265571526352,4.7,4.79,2,0
swshp-SWSH163,Zacian V-UNION,SWSH Black Star Promos,modern,Promo,320.0,2,4,340,1.1085626195212777,0.0,5.292265571526352,2.03,2.03,2,0
swshp-SWSH164,Zacian V-UNION,SWSH Black Star Promos,modern,Promo,320.0,2,4,340,1.1184149159642893,0.0,5.292265571526352,2.06,2.06,2,0
swshp-SWSH165,Zacian V-UNION,SWSH Black Star Promos,modern,Promo,320.0,2,4,340,1.1314021114911006,0.0,5.292265571526352,2.1,2.1,2,0
swshp-SWSH166,Zacian V-UNION,SWSH Black Star Promos,modern,Promo,320.0,2,4,340,1.2325602611778486,0.0,5.292265571526352,2.43,2.43,2,0
swshp-SWSH168,Oricorio,SWSH Black Star Promos,modern,Promo,90.0,1,1,0,0.6097655716208943,0.03703703703703698,5.292265571526352,0.81,0.84,0,2
swshp-SWSH169,Pyukumuku,SWSH Black Star Promos,modern,Promo,80.0,1,1,50,0.6259384308664953,0.060975609756097615,5.292265571526352,0.82,0.87,0,2
swshp-SWSH170,Deoxys,SWSH Black Star Promos,modern,Promo,120.0,1,1,80,0.7514160886839212,-0.08943089430894302,5.292265571526352,1.23,1.12,0,2
swshp-SWSH171,Latias,SWSH Black Star Promos,modern,Promo,120.0,1,1,70,0.9745596399981308,-0.0119760479041916,5.292265571526352,1.67,1.65,0,2
swshp-SWSH172,Tepig,SWSH Black Star Promos,modern,Promo,80.0,2,2,50,0.3001045924503381,-0.10256410256410264,5.292265571526352,0.39,0.35,0,1
swshp-SWSH173,Blitzle,SWSH Black Star Promos,modern,Promo,60.0,1,1,0,0.2468600779315258,-0.0344827586206895,5.292265571526352,0.29,0.28,0,2
swshp-SWSH174,Espeon,SWSH Black Star Promos,modern,Promo,110.0,1,2,20,1.791759469228055,0.014198782961460488,5.292265571526352,4.93,5.0,0,1
swshp-SWSH175,Eevee,SWSH Black Star Promos,modern,Promo,60.0,1,2,30,1.085189268335969,0.042553191489361764,5.292265571526352,1.88,1.96,0,1
swshp-SWSH176,Hoopa V,SWSH Black Star Promos,modern,Promo,220.0,2,1,170,0.5423242908253617,0.014084507042253502,5.292265571526352,0.71,0.72,2,0
swshp-SWSH179,Flareon V,SWSH Black Star Promos,modern,Promo,210.0,2,2,120,3.8437441646748516,0.06651108518086346,5.292265571526352,42.85,45.7,2,0
swshp-SWSH180,Flareon VMAX,SWSH Black Star Promos,modern,Promo,320.0,2,1,100,3.863462814812769,0.04294341310668748,5.292265571526352,44.71,46.63,2,0
swshp-SWSH181,Vaporeon V,SWSH Black Star Promos,modern,Promo,210.0,2,2,90,3.9084165098340344,-0.012939749292357416,5.292265571526352,49.46,48.82,2,0
swshp-SWSH182,Vaporeon VMAX,SWSH Black Star Promos,modern,Promo,320.0,2,2,100,4.2903224454635405,0.18365669187767164,5.292265571526352,60.82,71.99,2,0
swshp-SWSH183,Jolteon V,SWSH Black Star Promos,modern,Promo,190.0,0,2,60,3.769537357131391,0.044121271875770196,5.292265571526352,40.57,42.36,0,0
swshp-SWSH184,Jolteon VMAX,SWSH Black Star Promos,modern,Promo,300.0,0,1,100,4.001315112906908,0.03092585478294274,5.292265571526352,52.06,53.67,2,0
swshp-SWSH194,Leafeon V,SWSH Black Star Promos,modern,Promo,210.0,2,2,180,0.7701082216960736,0.06422018348623837,5.292265571526352,1.09,1.16,2,0
swshp-SWSH195,Leafeon VSTAR,SWSH Black Star Promos,modern,Promo,260.0,2,1,180,0.9400072584914712,0.046979865771812124,5.292265571526352,1.49,1.56,2,0
swshp-SWSH196,Glaceon V,SWSH Black Star Promos,modern,Promo,210.0,2,2,130,0.9082585601768908,0.11278195488721798,5.292265571526352,1.33,1.48,2,0
swshp-SWSH197,Glaceon VSTAR,SWSH Black Star Promos,modern,Promo,260.0,2,2,220,1.091923300517313,-0.05263157894736836,5.292265571526352,2.09,1.98,2,0
swshp-SWSH185,Moltres,SWSH Black Star Promos,modern,Promo,120.0,1,1,20,1.57069708411767,0.07932011331444766,5.292265571526352,3.53,3.81,0,2
swshp-SWSH186,Lucario,SWSH Black Star Promos,modern,Promo,120.0,2,1,10,1.0152306797290584,-0.03296703296703296,5.292265571526352,1.82,1.76,0,2
swshp-SWSH187,Liepard,SWSH Black Star Promos,modern,Promo,100.0,1,1,60,0.5007752879124893,-0.044117647058823595,5.292265571526352,0.68,0.65,0,2
swshp-SWSH188,Bibarel,SWSH Black Star Promos,modern,Promo,120.0,2,1,100,0.883767540168595,-0.08387096774193559,5.292265571526352,1.55,1.42,0,0
swshp-SWSH189,Flapple,SWSH Black Star Promos,modern,Promo,80.0,1,2,70,0.2151113796169455,0.0,5.292265571526352,0.24,0.24,0,1
swshp-SWSH190,Eevee,SWSH Black Star Promos,modern,Promo,60.0,1,2,30,0.7323678937132266,0.009345794392523477,5.292265571526352,1.07,1.08,0,1
swshp-SWSH191,Leafeon,SWSH Black Star Promos,modern,Promo,110.0,1,2,50,0.8458682675776092,-0.14743589743589747,5.292265571526352,1.56,1.33,0,1
swshp-SWSH192,Glaceon,SWSH Black Star Promos,modern,Promo,110.0,1,2,120,1.1908875647772805,-0.09842519685039375,5.292265571526352,2.54,2.29,0,1
swshp-SWSH193,Galarian Obstagoon,SWSH Black Star Promos,modern,Promo,170.0,2,1,180,2.1656192379208883,0.0,5.292265571526352,7.72,7.72,2,0
swshp-SWSH198,Pikachu V,SWSH Black Star Promos,modern,Promo,190.0,1,1,100,0.7323678937132266,0.08000000000000007,5.292265571526352,1.0,1.08,0,2
swshp-SWSH199,Lycanroc V,SWSH Black Star Promos,modern,Promo,200.0,1,2,200,0.6471032420585384,0.04597701149425282,5.292265571526352,0.87,0.91,2,0
swshp-SWSH200,Corviknight V,SWSH Black Star Promos,modern,Promo,210.0,1,2,190,0.5877866649021191,-0.04761904761904756,5.292265571526352,0.84,0.8,2,0
swshp-SWSH201,Espeon V,SWSH Black Star Promos,modern,Promo,200.0,1,2,120,0.7975071958841881,-0.03937007874015752,5.292265571526352,1.27,1.22,2,0
swshp-SWSH202,Sylveon V,SWSH Black Star Promos,modern,Promo,200.0,1,1,60,1.0750024230289759,0.2866666666666666,5.292265571526352,1.5,1.93,0,0
swshp-SWSH203,Umbreon V,SWSH Black Star Promos,modern,Promo,200.0,2,2,80,1.1410330045520618,0.06499999999999995,5.292265571526352,2.0,2.13,2,0
swshp-SWSH204,Arceus V,SWSH Black Star Promos,modern,Promo,220.0,2,2,130,2.794839331174601,-0.01285347043701801,5.292265571526352,15.56,15.36,2,0
swshp-SWSH213,Lucario V,SWSH Black Star Promos,modern,Promo,210.0,2,2,120,0.7747271675523681,0.13592233009708732,5.292265571526352,1.03,1.17,2,0
swshp-SWSH214,Lucario VSTAR,SWSH Black Star Promos,modern,Promo,270.0,2,2,120,0.9477893989335261,0.17910447761194037,5.292265571526352,1.34,1.58,2,0
swshp-SWSH215,Morpeko V-UNION,SWSH Black Star Promos,modern,Promo,310.0,2,4,160,0.4252677354043441,0.1276595744680853,5.292265571526352,0.47,0.53,2,0
swshp-SWSH216,Morpeko V-UNION,SWSH Black Star Promos,modern,Promo,310.0,2,4,160,0.412109650826833,0.18604651162790709,5.292265571526352,0.43,0.51,2,0
swshp-SWSH217,Morpeko V-UNION,SWSH Black Star Promos,modern,Promo,310.0,2,4,160,0.4054651081081644,0.16279069767441867,5.292265571526352,0.43,0.5,2,0
swshp-SWSH218,Morpeko V-UNION,SWSH Black Star Promos,modern,Promo,310.0,2,4,160,0.4382549309311553,0.05769230769230771,5.292265571526352,0.52,0.55,2,0
swshp-SWSH219,Boltund V,SWSH Black Star Promos,modern,Promo,200.0,1,2,120,0.43178241642553783,-0.11475409836065564,5.292265571526352,0.61,0.54,2,0
swshp-SWSH220,Rowlet,SWSH Black Star Promos,modern,Promo,60.0,1,1,10,0.23901690047049992,0.08000000000000007,5.292265571526352,0.25,0.27,0,2
swshp-SWSH221,Cyndaquil,SWSH Black Star Promos,modern,Promo,60.0,1,2,10,0.27002713721306015,-0.13888888888888884,5.292265571526352,0.36,0.31,0,1
swshp-SWSH222,Oshawott,SWSH Black Star Promos,modern,Promo,70.0,1,1,10,0.19062035960864973,-0.08695652173913049,5.292265571526352,0.23,0.21,0,2
swshp-SWSH177,Special Delivery Bidoof,SWSH Black Star Promos,modern,Promo,70.0,2,2,30,5.521380914662076,-0.008284872142117483,5.292265571526352,251.06,248.98,2,0
swshp-SWSH205,Hisuian Basculegion,SWSH Black Star Promos,modern,Promo,120.0,2,2,80,0.44468582126144574,-0.05084745762711851,5.292265571526352,0.59,0.56,0,1
swshp-SWSH206,Wyrdeer,SWSH Black Star Promos,modern,Promo,140.0,2,1,40,0.4252677354043441,0.0,5.292265571526352,0.53,0.53,0,2
swshp-SWSH207,Hisuian Samurott,SWSH Black Star Promos,modern,Promo,170.0,2,1,60,0.5538851132264376,-0.038961038961038974,5.292265571526352,0.77,0.74,0,0
swshp-SWSH208,Magnezone,SWSH Black Star Promos,modern,Promo,150.0,2,1,120,0.5007752879124893,-0.015151515151515138,5.292265571526352,0.66,0.65,2,0
swshp-SWSH209,Toxel,SWSH Black Star Promos,modern,Promo,60.0,1,2,10,0.19062035960864973,0.04999999999999982,5.292265571526352,0.2,0.21,0,1
swshp-SWSH210,Oricorio,SWSH Black Star Promos,modern,Promo,90.0,1,2,80,0.2151113796169455,0.04347826086956519,5.292265571526352,0.23,0.24,0,1
swshp-SWSH211,Sylveon,SWSH Black Star Promos,modern,Promo,110.0,1,2,70,1.9050881545350582,0.3816425120772948,5.292265571526352,4.14,5.72,0,1
swshp-SWSH212,Eevee,SWSH Black Star Promos,modern,Promo,60.0,1,2,30,0.7514160886839212,-0.1384615384615384,5.292265571526352,1.3,1.12,0,1
swshp-SWSH248,Kleavor V,SWSH Black Star Promos,modern,Promo,210.0,2,2,150,0.5766133643039938,0.05405405405405417,5.292265571526352,0.74,0.78,2,0
swshp-SWSH249,Kleavor VSTAR,SWSH Black Star Promos,modern,Promo,270.0,2,2,120,0.5538851132264376,0.17460317460317465,5.292265571526352,0.63,0.74,2,0
swshp-SWSH223,Mewtwo V,SWSH Black Star Promos,modern,Promo,220.0,2,2,160,1.2809338454620642,-0.1875,5.292265571526352,3.2,2.6,2,0
swshp-SWSH224,Melmetal V,SWSH Black Star Promos,modern,Promo,220.0,3,2,140,0.7561219797213337,0.1299999999999999,5.292265571526352,1.0,1.13,2,0
swshp-SWSH225,Alolan Exeggutor V,SWSH Black Star Promos,modern,Promo,240.0,3,2,0,0.35767444427181594,0.04878048780487809,5.292265571526352,0.41,0.43,2,0
swshp-SWSH229,Mewtwo V,SWSH Black Star Promos,modern,Promo,220.0,2,2,160,1.2267122912954254,0.05701754385964919,5.292265571526352,2.28,2.41,2,0
swshp-SWSH230,Radiant Eevee,SWSH Black Star Promos,modern,Promo,90.0,1,2,50,2.574137783515943,-0.12173913043478268,5.292265571526352,13.8,12.12,0,1
swshp-SWSH231,Bulbasaur,SWSH Black Star Promos,modern,Promo,70.0,2,2,20,1.5623463049002497,0.11209439528023601,5.292265571526352,3.39,3.77,0,1
swshp-SWSH232,Charmander,SWSH Black Star Promos,modern,Promo,60.0,1,1,10,1.6582280766035324,-0.038461538461538436,5.292265571526352,4.42,4.25,0,2
swshp-SWSH233,Squirtle,SWSH Black Star Promos,modern,Promo,70.0,1,1,20,1.506297153514587,0.05089820359281427,5.292265571526352,3.34,3.51,0,2
swshp-SWSH234,Pikachu,SWSH Black Star Promos,modern,Promo,60.0,1,2,50,0.5596157879354227,0.25,5.292265571526352,0.6,0.75,0,1
swshp-SWSH237,Hisuian Typhlosion V,SWSH Black Star Promos,modern,Promo,210.0,2,2,120,0.5306282510621704,0.18644067796610164,5.292265571526352,0.59,0.7,2,0
swshp-SWSH238,Hisuian Decidueye V,SWSH Black Star Promos,modern,Promo,220.0,2,2,100,0.4510756193602166,0.11764705882352922,5.292265571526352,0.51,0.57,2,0
swshp-SWSH239,Hisuian Samurott V,SWSH Black Star Promos,modern,Promo,220.0,2,2,180,0.48858001481867097,0.18867924528301883,5.292265571526352,0.53,0.63,2,0
swshp-SWSH250,Lumineon V,SWSH Black Star Promos,modern,Promo,170.0,1,1,120,0.708035793053696,-0.24817518248175185,5.292265571526352,1.37,1.03,0,2
swshp-SWSH153,Pikachu,SWSH Black Star Promos,modern,Promo,60.0,1,1,30,2.9811261211646287,0.0005347593582889498,5.292265571526352,18.7,18.71,0,2
swshp-SWSH235,Dragonite V,SWSH Black Star Promos,modern,Promo,230.0,2,2,160,1.0402767116551463,0.2534246575342467,5.292265571526352,1.46,1.83,2,0
swshp-SWSH236,Dragonite VSTAR,SWSH Black Star Promos,modern,Promo,280.0,2,2,250,0.9932517730102833,0.1258278145695364,5.292265571526352,1.51,1.7,2,0
swshp-SWSH240,Finneon,SWSH Black Star Promos,modern,Promo,50.0,1,1,10,0.33647223662121295,-0.06976744186046502,5.292265571526352,0.43,0.4,0,2
swshp-SWSH241,Gengar,SWSH Black Star Promos,modern,Promo,120.0,2,1,0,2.2731562823032334,0.04561824729891972,5.292265571526352,8.33,8.71,0,2
swshp-SWSH242,Comfey,SWSH Black Star Promos,modern,Promo,70.0,1,1,30,0.5247285289349821,0.1694915254237288,5.292265571526352,0.59,0.69,0,2
swshp-SWSH243,Machamp,SWSH Black Star Promos,modern,Promo,150.0,2,1,100,0.49469624183610705,0.0847457627118644,5.292265571526352,0.59,0.64,0,0
swshp-SWSH244,Scorbunny,SWSH Black Star Promos,modern,Promo,60.0,1,2,30,0.1988508587451652,-0.12,5.292265571526352,0.25,0.22,0,1
swshp-SWSH245,Croagunk,SWSH Black Star Promos,modern,Promo,60.0,1,1,20,0.15700374880966478,-0.05555555555555547,5.292265571526352,0.18,0.17,0,2
swshp-SWSH246,Weavile,SWSH Black Star Promos,modern,Promo,110.0,1,2,110,0.262364264467491,0.034482758620689724,5.292265571526352,0.29,0.3,0,1
swshp-SWSH247,Regigigas,SWSH Black Star Promos,modern,Promo,150.0,4,2,120,0.33647223662121295,-0.024390243902438935,5.292265571526352,0.41,0.4,2,0
swshp-SWSH252,Infernape V,SWSH Black Star Promos,modern,Promo,200.0,0,2,200,0.5306282510621704,0.12903225806451601,5.292265571526352,0.62,0.7,2,1
swshp-SWSH253,Origin Forme Palkia V,SWSH Black Star Promos,modern,Promo,220.0,2,2,200,1.324418957401803,0.11740890688259098,5.292265571526352,2.47,2.76,2,0
swshp-SWSH254,Origin Forme Palkia VSTAR,SWSH Black Star Promos,modern,Promo,280.0,2,1,60,1.128171090909654,-0.014150943396226578,5.292265571526352,2.12,2.09,2,0
swshp-SWSH255,Origin Forme Dialga V,SWSH Black Star Promos,modern,Promo,220.0,2,2,180,1.742219023667919,0.11084905660377342,5.292265571526352,4.24,4.71,2,0
swshp-SWSH256,Origin Forme Dialga VSTAR,SWSH Black Star Promos,modern,Promo,280.0,3,2,220,1.9080599249242156,-0.09606299212598413,5.292265571526352,6.35,5.74,2,0
swshp-SWSH257,Rotom V,SWSH Black Star Promos,modern,Promo,190.0,1,2,160,0.4054651081081644,-0.07407407407407418,5.292265571526352,0.54,0.5,2,0
swshp-SWSH258,Gallade V,SWSH Black Star Promos,modern,Promo,220.0,2,2,130,0.3646431135879093,-0.08333333333333326,5.292265571526352,0.48,0.44,2,0
swshp-SWSH259,Giratina V,SWSH Black Star Promos,modern,Promo,220.0,2,2,160,0.8241754429663494,0.049180327868852514,5.292265571526352,1.22,1.28,2,0
swshp-SWSH260,Charizard V,SWSH Black Star Promos,modern,Promo,220.0,2,2,180,2.97092715463502,0.12386156648451752,5.292265571526352,16.47,18.51,2,0
swshp-SWSH261,Charizard VMAX,SWSH Black Star Promos,modern,Promo,330.0,3,2,300,3.091951131294534,-0.000950570342205248,5.292265571526352,21.04,21.02,2,0
swshp-SWSH262,Charizard VSTAR,SWSH Black Star Promos,modern,Promo,280.0,2,2,320,3.5403794457954922,-0.04506560182544228,5.292265571526352,35.06,33.48,2,0
swshp-SWSH263,Zeraora V,SWSH Black Star Promos,modern,Promo,210.0,1,2,190,0.7701082216960736,-0.17142857142857149,5.292265571526352,1.4,1.16,2,0
swshp-SWSH264,Zeraora VMAX,SWSH Black Star Promos,modern,Promo,320.0,2,2,240,1.3110318766193438,0.03435114503816794,5.292265571526352,2.62,2.71,2,0
swshp-SWSH265,Zeraora VSTAR,SWSH Black Star Promos,modern,Promo,270.0,0,2,190,1.1216775615991057,0.04020100502512558,5.292265571526352,1.99,2.07,2,0
swshp-SWSH266,Deoxys V,SWSH Black Star Promos,modern,Promo,210.0,2,2,140,1.0367368849500223,-0.0714285714285714,5.292265571526352,1.96,1.82,2,0
swshp-SWSH267,Deoxys VMAX,SWSH Black Star Promos,modern,Promo,330.0,3,1,160,1.5195132049061133,0.011331444759206777,5.292265571526352,3.53,3.57,2,0
swshp-SWSH268,Deoxys VSTAR,SWSH Black Star Promos,modern,Promo,270.0,2,2,190,1.6956156086751528,-0.0022421524663677195,5.292265571526352,4.46,4.45,2,0
swshp-SWSH269,Sunflora,SWSH Black Star Promos,modern,Promo,90.0,2,1,10,1.8946168546677629,0.0,5.292265571526352,5.65,5.65,0,2
swshp-SWSH270,Rapidash,SWSH Black Star Promos,modern,Promo,100.0,1,1,60,2.673458756332591,0.01276276276276267,5.292265571526352,13.32,13.49,0,2
swshp-SWSH271,Kirlia,SWSH Black Star Promos,modern,Promo,80.0,2,1,30,0.7371640659767197,-0.0267857142857143,5.292265571526352,1.12,1.09,0,2
swshp-SWSH272,Archeops,SWSH Black Star Promos,modern,Promo,150.0,1,1,120,3.196630215920881,-0.04790905399918799,5.292265571526352,24.63,23.45,2,0
swshp-SWSH273,Hisuian Basculin,SWSH Black Star Promos,modern,Promo,50.0,1,2,20,0.19062035960864973,0.10526315789473673,5.292265571526352,0.19,0.21,0,1
swshp-SWSH274,Cranidos,SWSH Black Star Promos,modern,Promo,90.0,2,2,40,0.18232155679395465,0.17647058823529416,5.292265571526352,0.17,0.2,0,1
swshp-SWSH275,Manaphy,SWSH Black Star Promos,modern,Promo,70.0,1,2,40,0.3074846997479606,0.0,5.292265571526352,0.36,0.36,0,1
swshp-SWSH276,Togetic,SWSH Black Star Promos,modern,Promo,80.0,1,1,30,0.35767444427181594,0.07499999999999996,5.292265571526352,0.4,0.43,0,2
swshp-SWSH294,Hisuian Electrode V,SWSH Black Star Promos,modern,Promo,210.0,1,2,120,0.8241754429663494,-0.1633986928104575,5.292265571526352,1.53,1.28,2,0
swshp-SWSH295,Virizion V,SWSH Black Star Promos,modern,Promo,200.0,1,1,200,0.4637340162321401,0.03508771929824572,5.292265571526352,0.57,0.59,2,0
swshp-SWSH297,Hisuian Zoroark V,SWSH Black Star Promos,modern,Promo,210.0,2,2,130,0.9400072584914712,0.09090909090909105,5.292265571526352,1.43,1.56,2,0
swshp-SWSH298,Hisuian Zoroark VSTAR,SWSH Black Star Promos,modern,Promo,270.0,2,1,50,0.6981347220709844,0.07446808510638303,5.292265571526352,0.94,1.01,2,0
swshp-SWSH277,Rillaboom,SWSH Black Star Promos,modern,Promo,180.0,3,2,120,0.2776317365982795,0.032258064516129004,5.292265571526352,0.31,0.32,2,0
swshp-SWSH278,Cinderace,SWSH Black Star Promos,modern,Promo,170.0,1,1,150,0.3074846997479606,0.125,5.292265571526352,0.32,0.36,0,0
swshp-SWSH279,Inteleon,SWSH Black Star Promos,modern,Promo,150.0,1,1,70,0.3220834991691133,0.11764705882352944,5.292265571526352,0.34,0.38,0,0
swshp-SWSH280,Regieleki V,SWSH Black Star Promos,modern,Promo,200.0,1,2,100,0.3852624007906449,-0.09615384615384626,5.292265571526352,0.52,0.47,2,0
swshp-SWSH281,Regidrago V,SWSH Black Star Promos,modern,Promo,220.0,3,2,130,0.4574248470388754,-0.18309859154929575,5.292265571526352,0.71,0.58,2,0
swshp-SWSH291,Lucario VSTAR,SWSH Black Star Promos,modern,Promo,270.0,2,2,120,2.05668455455722,0.04761904761904767,5.292265571526352,6.51,6.82,2,0
swshp-SWSH285,Pikachu V,SWSH Black Star Promos,modern,Promo,200.0,1,1,200,0.8878912573524571,0.03623188405797095,5.292265571526352,1.38,1.43,2,0
swshp-SWSH286,Pikachu VMAX,SWSH Black Star Promos,modern,Promo,310.0,2,2,250,1.264126727145683,-0.0763636363636363,5.292265571526352,2.75,2.54,2,0
swshp-SWSH075,Special Delivery Charizard,SWSH Black Star Promos,modern,Promo,160.0,3,2,160,4.277915338416487,0.001973220577871748,5.292265571526352,70.95,71.09,2,0
swshp-SWSH282,Galarian Articuno,SWSH Black Star Promos,modern,Promo,120.0,2,1,0,1.6331544390514163,0.24096385542168686,5.292265571526352,3.32,4.12,0,2
swshp-SWSH305,Greninja,SWSH Black Star Promos,modern,Promo,140.0,1,1,120,2.9052603703899154,0.05691554467564264,5.292265571526352,16.34,17.27,2,0
swshp-SWSH288,Morpeko V-UNION,SWSH Black Star Promos,modern,Promo,310.0,2,4,160,0.4824261492442927,0.08771929824561409,5.292265571526352,0.57,0.62,2,0
swshp-SWSH306,Arceus V,SWSH Black Star Promos,modern,Promo,220.0,2,2,130,1.0188473201992472,-0.005617977528089901,5.292265571526352,1.78,1.77,2,0
swshp-SWSH287,Morpeko V-UNION,SWSH Black Star Promos,modern,Promo,310.0,2,4,160,0.3220834991691133,-0.1914893617021276,5.292265571526352,0.47,0.38,2,0
swshp-SWSH292,Zacian V,SWSH Black Star Promos,modern,Promo,220.0,2,1,230,1.6054298910365616,0.5075757575757576,5.292265571526352,2.64,3.98,2,0
swshp-SWSH293,Zamazenta V,SWSH Black Star Promos,modern,Promo,230.0,2,1,130,1.2119409739751128,-0.020746887966805128,5.292265571526352,2.41,2.36,2,0
swshp-SWSH307,Arceus VSTAR,SWSH Black Star Promos,modern,Promo,280.0,2,1,200,1.4678743481123135,0.034055727554179516,5.292265571526352,3.23,3.34,2,0
swshp-SWSH283,Galarian Zapdos,SWSH Black Star Promos,modern,Promo,110.0,0,1,70,1.413423028508143,0.20077220077220082,5.292265571526352,2.59,3.11,0,2
swshp-SWSH284,Galarian Moltres,SWSH Black Star Promos,modern,Promo,120.0,2,1,20,2.485739636091892,-0.2620643431635389,5.292265571526352,14.92,11.01,0,2
swshp-SWSH289,Morpeko V-UNION,SWSH Black Star Promos,modern,Promo,310.0,2,4,160,0.35767444427181594,-0.0652173913043479,5.292265571526352,0.46,0.43,2,0
swshp-SWSH290,Morpeko V-UNION,SWSH Black Star Promos,modern,Promo,310.0,2,4,160,0.7371640659767197,-0.03539823008849541,5.292265571526352,1.13,1.09,2,0
swshp-SWSH303,Bulbasaur,SWSH Black Star Promos,modern,Promo,70.0,2,1,0,3.2088254890146994,0.03081597222222232,5.292265571526352,23.04,23.75,0,2
swshp-SWSH304,Arcanine,SWSH Black Star Promos,modern,Promo,130.0,3,1,160,2.830267833826459,0.07843137254901955,5.292265571526352,14.79,15.95,2,0
sv1-8,Scatterbug,Scarlet & Violet,modern,Common,30.0,1,1,20,0.10436001532424277,0.09999999999999987,1.919233401779603,0.1,0.11,0,2
sv1-1,Pineco,Scarlet & Violet,modern,Common,60.0,2,1,10,0.11332868530700317,0.09090909090909083,1.919233401779603,0.11,0.12,0,2
sv1-6,Cacturne,Scarlet & Violet,modern,Uncommon,130.0,2,1,110,0.1484200051182733,0.06666666666666665,1.919233401779603,0.15,0.16,0,0
sv1-12,Gogoat,Scarlet & Violet,modern,Common,130.0,2,2,110,0.10436001532424277,0.22222222222222232,1.919233401779603,0.09,0.11,2,1
sv1-13,Sprigatito,Scarlet & Violet,modern,Common,70.0,1,2,20,0.13102826240640408,0.16666666666666674,1.919233401779603,0.12,0.14,0,1
sv1-15,Meowscarada,Scarlet & Violet,modern,Rare,160.0,1,2,130,0.1988508587451652,0.1578947368421053,1.919233401779603,0.19,0.22,0,1
sv1-16,Tarountula,Scarlet & Violet,modern,Common,40.0,1,2,10,0.1397619423751587,0.0,1.919233401779603,0.15,0.15,0,1
sv1-18,Tarountula,Scarlet & Violet,modern,Common,60.0,2,1,30,0.1397619423751587,0.25,1.919233401779603,0.12,0.15,0,2
sv1-20,Smoliv,Scarlet & Violet,modern,Common,50.0,1,1,30,0.1484200051182733,0.0,1.919233401779603,0.16,0.16,0,2
sv1-21,Smoliv,Scarlet & Violet,modern,Common,60.0,1,2,20,0.10436001532424277,0.0,1.919233401779603,0.11,0.11,0,1
sv1-19,Spidops ex,Scarlet & Violet,modern,Double Rare,260.0,2,1,90,0.37156355643248307,0.15384615384615374,1.919233401779603,0.39,0.45,2,0
sv1-23,Arboliva,Scarlet & Violet,modern,Rare,150.0,2,1,150,0.15700374880966478,-0.05555555555555547,1.919233401779603,0.18,0.17,2,0
sv1-24,Toedscool,Scarlet & Violet,modern,Common,50.0,1,1,10,0.1484200051182733,-0.05882352941176472,1.919233401779603,0.17,0.16,0,2
sv1-2,Heracross,Scarlet & Violet,modern,Uncommon,120.0,2,2,90,0.13102826240640408,-0.12499999999999989,1.919233401779603,0.16,0.14,0,1
sv1-4,Breloom,Scarlet & Violet,modern,Uncommon,110.0,1,1,60,0.13102826240640408,0.0769230769230771,1.919233401779603,0.13,0.14,0,2
sv1-7,Tropius,Scarlet & Violet,modern,Common,100.0,1,2,50,0.09531017980432487,0.25,1.919233401779603,0.08,0.1,0,1
sv1-10,Vivillon,Scarlet & Violet,modern,Uncommon,120.0,1,2,110,0.1397619423751587,0.0,1.919233401779603,0.15,0.15,0,1
sv1-11,Skiddo,Scarlet & Violet,modern,Common,60.0,1,2,20,0.09531017980432487,0.25,1.919233401779603,0.08,0.1,0,1
sv1-14,Floragato,Scarlet & Violet,modern,Uncommon,90.0,1,2,60,0.23111172096338664,-0.10344827586206884,1.919233401779603,0.29,0.26,0,1
sv1-26,Toedscruel,Scarlet & Violet,modern,Uncommon,120.0,2,2,80,0.12221763272424921,0.0,1.919233401779603,0.13,0.13,0,1
sv1-3,Shroomish,Scarlet & Violet,modern,Common,60.0,1,1,10,0.08617769624105233,0.125,1.919233401779603,0.08,0.09,0,2
sv1-5,Cacnea,Scarlet & Violet,modern,Common,60.0,1,1,30,0.13102826240640408,-0.17647058823529405,1.919233401779603,0.17,0.14,0,2
sv1-9,Spewpa,Scarlet & Violet,modern,Common,70.0,3,1,30,0.07696104113612832,0.0,1.919233401779603,0.08,0.08,0,2
sv1-17,Tarountula,Scarlet & Violet,modern,Common,40.0,1,1,20,0.20701416938432615,0.1499999999999999,1.919233401779603,0.2,0.23,0,2
sv1-22,Dolliv,Scarlet & Violet,modern,Common,90.0,1,2,40,0.10436001532424277,0.22222222222222232,1.919233401779603,0.09,0.11,0,1
sv1-25,Toedscool,Scarlet & Violet,modern,Common,60.0,2,2,10,0.09531017980432487,0.11111111111111116,1.919233401779603,0.09,0.1,0,1
sv1-45,Gyarados ex,Scarlet & Violet,modern,Double Rare,300.0,4,2,180,0.7227059828014898,-0.10169491525423724,1.919233401779603,1.18,1.06,2,0
sv1-29,Scovillain,Scarlet & Violet,modern,Uncommon,110.0,1,2,90,0.1484200051182733,0.06666666666666665,1.919233401779603,0.15,0.16,0,1
sv1-51,Bruxish,Scarlet & Violet,modern,Common,100.0,1,2,60,0.15700374880966478,0.13333333333333353,1.919233401779603,0.15,0.17,0,1
sv1-56,Wiglett,Scarlet & Violet,modern,Common,60.0,1,2,20,0.19062035960864973,0.4999999999999998,1.919233401779603,0.14,0.21,0,1
sv1-37,Crocalor,Scarlet & Violet,modern,Uncommon,100.0,3,2,100,0.1397619423751587,0.0,1.919233401779603,0.15,0.15,2,1
sv1-57,Wugtrio,Scarlet & Violet,modern,Uncommon,90.0,2,2,30,0.1484200051182733,0.06666666666666665,1.919233401779603,0.15,0.16,0,1
sv1-38,Skeledirge,Scarlet & Violet,modern,Rare,180.0,3,2,190,0.1484200051182733,-0.05882352941176472,1.919233401779603,0.17,0.16,2,0
sv1-59,Cetoddle,Scarlet & Violet,modern,Common,100.0,3,2,60,0.2151113796169455,0.1428571428571428,1.919233401779603,0.21,0.24,0,1
sv1-40,Charcadet,Scarlet & Violet,modern,Common,70.0,1,1,60,0.1397619423751587,0.0714285714285714,1.919233401779603,0.14,0.15,0,2
sv1-46,Buizel,Scarlet & Violet,modern,Common,70.0,1,2,20,0.11332868530700317,0.19999999999999996,1.919233401779603,0.1,0.12,0,1
sv1-60,Cetitan,Scarlet & Violet,modern,Uncommon,180.0,3,2,200,0.1397619423751587,0.0,1.919233401779603,0.15,0.15,2,0
sv1-49,Clauncher,Scarlet & Violet,modern,Common,70.0,1,1,10,0.08617769624105233,-0.10000000000000009,1.919233401779603,0.1,0.09,0,2
sv1-50,Clawitzer,Scarlet & Violet,modern,Common,120.0,2,2,160,0.09531017980432487,0.11111111111111116,1.919233401779603,0.09,0.1,2,1
sv1-53,Quaxwell,Scarlet & Violet,modern,Uncommon,100.0,1,2,70,0.15700374880966478,0.0625,1.919233401779603,0.16,0.17,0,1
sv1-54,Quaquaval,Scarlet & Violet,modern,Rare,170.0,2,1,140,0.16551443847757338,0.125,1.919233401779603,0.16,0.18,2,0
sv1-55,Wiglett,Scarlet & Violet,modern,Common,50.0,1,1,10,0.1484200051182733,-0.23809523809523803,1.919233401779603,0.21,0.16,0,2
sv1-27,Capsakid,Scarlet & Violet,modern,Common,60.0,1,1,10,0.11332868530700317,0.0,1.919233401779603,0.12,0.12,0,2
sv1-30,Growlithe,Scarlet & Violet,modern,Common,70.0,2,1,30,0.13102826240640408,0.40000000000000013,1.919233401779603,0.1,0.14,0,2
sv1-28,Capsakid,Scarlet & Violet,modern,Common,70.0,1,2,50,0.17395330712343804,0.1875,1.919233401779603,0.16,0.19,0,1
sv1-32,Arcanine ex,Scarlet & Violet,modern,Double Rare,280.0,3,2,250,0.5933268452777344,-0.012195121951219412,1.919233401779603,0.82,0.81,2,0
sv1-35,Torkoal,Scarlet & Violet,modern,Uncommon,130.0,3,2,80,0.19062035960864973,0.10526315789473673,1.919233401779603,0.19,0.21,2,1
sv1-36,Fuecoco,Scarlet & Violet,modern,Common,80.0,2,2,50,0.09531017980432487,0.0,1.919233401779603,0.1,0.1,0,1
sv1-39,Charcadet,Scarlet & Violet,modern,Common,60.0,1,1,30,0.1397619423751587,-0.0625,1.919233401779603,0.16,0.15,0,2
sv1-43,Slowbro,Scarlet & Violet,modern,Rare,100.0,3,1,60,0.19062035960864973,-0.08695652173913049,1.919233401779603,0.23,0.21,0,2
sv1-47,Floatzel,Scarlet & Violet,modern,Uncommon,120.0,1,1,50,0.1397619423751587,0.15384615384615374,1.919233401779603,0.13,0.15,0,2
sv1-48,Alomomola,Scarlet & Violet,modern,Common,120.0,2,2,120,0.10436001532424277,0.09999999999999987,1.919233401779603,0.1,0.11,2,1
sv1-31,Growlithe,Scarlet & Violet,modern,Common,90.0,3,2,70,0.20701416938432615,-0.04166666666666663,1.919233401779603,0.24,0.23,0,1
sv1-33,Houndour,Scarlet & Violet,modern,Common,70.0,1,2,30,0.11332868530700317,-0.07692307692307698,1.919233401779603,0.13,0.12,0,1
sv1-34,Houndoom,Scarlet & Violet,modern,Common,120.0,2,2,150,0.09531017980432487,-0.09090909090909083,1.919233401779603,0.11,0.1,2,1
sv1-41,Armarouge,Scarlet & Violet,modern,Rare,130.0,2,1,90,0.16551443847757338,0.0,1.919233401779603,0.18,0.18,0,0
sv1-42,Slowpoke,Scarlet & Violet,modern,Common,70.0,2,2,20,0.13102826240640408,-0.17647058823529405,1.919233401779603,0.17,0.14,0,1
sv1-44,Magikarp,Scarlet & Violet,modern,Common,30.0,1,1,0,0.11332868530700317,-0.07692307692307698,1.919233401779603,0.13,0.12,0,2
sv1-52,Quaxly,Scarlet & Violet,modern,Common,70.0,1,2,20,0.16551443847757338,0.0588235294117645,1.919233401779603,0.17,0.18,0,1
sv1-58,Cetoddle,Scarlet & Violet,modern,Common,80.0,2,1,30,0.1484200051182733,0.06666666666666665,1.919233401779603,0.15,0.16,0,2
sv1-61,Dondozo,Scarlet & Violet,modern,Rare,160.0,4,2,120,0.1397619423751587,0.0714285714285714,1.919233401779603,0.14,0.15,2,0
sv1-63,Magnemite,Scarlet & Violet,modern,Common,60.0,1,2,10,0.08617769624105233,0.0,1.919233401779603,0.09,0.09,0,1
sv1-64,Magneton,Scarlet & Violet,modern,Common,90.0,2,2,90,0.10436001532424277,0.22222222222222232,1.919233401779603,0.09,0.11,0,1
sv1-62,Tatsugiri,Scarlet & Violet,modern,Uncommon,70.0,1,2,30,0.1397619423751587,0.0714285714285714,1.919233401779603,0.14,0.15,0,1
sv1-69,Rotom,Scarlet & Violet,modern,Common,60.0,1,1,0,0.1397619423751587,0.0714285714285714,1.919233401779603,0.14,0.15,0,2
sv1-66,Mareep,Scarlet & Violet,modern,Common,60.0,1,2,40,0.11332868530700317,0.0,1.919233401779603,0.12,0.12,0,1
sv1-76,Pawmot,Scarlet & Violet,modern,Rare,130.0,0,1,230,0.1484200051182733,0.0,1.919233401779603,0.16,0.16,0,0
sv1-75,Pawmo,Scarlet & Violet,modern,Common,90.0,1,2,70,0.11332868530700317,0.09090909090909083,1.919233401779603,0.11,0.12,0,1
sv1-80,Miraidon,Scarlet & Violet,modern,Rare,120.0,1,2,90,0.15700374880966478,0.0,1.919233401779603,0.17,0.17,0,1
sv1-77,Wattrel,Scarlet & Violet,modern,Common,50.0,1,2,20,0.11332868530700317,0.0,1.919233401779603,0.12,0.12,0,1
sv1-81,Miraidon ex,Scarlet & Violet,modern,Double Rare,220.0,1,1,220,0.43178241642553783,-0.06896551724137923,1.919233401779603,0.58,0.54,2,0
sv1-78,Wattrel,Scarlet & Violet,modern,Common,60.0,1,1,20,0.12221763272424921,0.0,1.919233401779603,0.13,0.13,0,2
sv1-83,Hypno,Scarlet & Violet,modern,Uncommon,110.0,2,2,100,0.1988508587451652,0.09999999999999987,1.919233401779603,0.2,0.22,0,1
sv1-79,Kilowattrel,Scarlet & Violet,modern,Uncommon,120.0,1,2,140,0.1397619423751587,0.0714285714285714,1.919233401779603,0.14,0.15,0,1
sv1-86,Gardevoir ex,Scarlet & Violet,modern,Double Rare,310.0,2,1,190,0.5306282510621704,0.02941176470588225,1.919233401779603,0.68,0.7,2,0
sv1-94,Dedenne,Scarlet & Violet,modern,Common,70.0,1,1,30,0.15700374880966478,-0.05555555555555547,1.919233401779603,0.18,0.17,0,2
sv1-82,Drowzee,Scarlet & Violet,modern,Common,70.0,1,2,30,0.09531017980432487,0.11111111111111116,1.919233401779603,0.09,0.1,0,1
sv1-96,Klefki,Scarlet & Violet,modern,Rare,70.0,1,1,10,0.22314355131420976,-0.07407407407407418,1.919233401779603,0.27,0.25,0,2
sv1-84,Ralts,Scarlet & Violet,modern,Common,70.0,1,1,30,0.1484200051182733,-0.11111111111111105,1.919233401779603,0.18,0.16,0,2
sv1-97,Fidough,Scarlet & Violet,modern,Common,50.0,1,1,20,0.12221763272424921,0.0,1.919233401779603,0.13,0.13,0,2
sv1-85,Kirlia,Scarlet & Violet,modern,Common,90.0,1,2,60,0.11332868530700317,-0.07692307692307698,1.919233401779603,0.13,0.12,0,1
sv1-98,Fidough,Scarlet & Violet,modern,Common,60.0,2,2,30,0.23111172096338664,0.13043478260869557,1.919233401779603,0.23,0.26,0,1
sv1-87,Shuppet,Scarlet & Violet,modern,Common,60.0,1,1,10,0.13102826240640408,0.16666666666666674,1.919233401779603,0.12,0.14,0,2
sv1-101,Flittle,Scarlet & Violet,modern,Common,40.0,1,1,20,0.1988508587451652,0.04761904761904767,1.919233401779603,0.21,0.22,0,2
sv1-89,Drifloon,Scarlet & Violet,modern,Common,70.0,1,2,30,0.12221763272424921,0.18181818181818188,1.919233401779603,0.11,0.13,0,1
sv1-90,Drifblim,Scarlet & Violet,modern,Uncommon,110.0,1,2,30,0.12221763272424921,-0.1333333333333333,1.919233401779603,0.15,0.13,0,1
sv1-91,Flabébé,Scarlet & Violet,modern,Common,40.0,1,1,20,0.08617769624105233,0.125,1.919233401779603,0.08,0.09,0,2
sv1-65,Magnezone ex,Scarlet & Violet,modern,Double Rare,330.0,3,2,220,0.49469624183610705,0.06666666666666665,1.919233401779603,0.6,0.64,2,0
sv1-67,Flaaffy,Scarlet & Violet,modern,Uncommon,90.0,2,2,60,0.19062035960864973,-0.22222222222222232,1.919233401779603,0.27,0.21,0,1
sv1-71,Toxel,Scarlet & Violet,modern,Common,70.0,2,1,20,0.08617769624105233,0.125,1.919233401779603,0.08,0.09,0,2
sv1-72,Toxtricity,Scarlet & Violet,modern,Uncommon,130.0,2,2,120,0.13102826240640408,0.0769230769230771,1.919233401779603,0.13,0.14,2,1
sv1-74,Pawmi,Scarlet & Violet,modern,Common,60.0,1,2,20,0.13102826240640408,-0.06666666666666654,1.919233401779603,0.15,0.14,0,1
sv1-93,Florges,Scarlet & Violet,modern,Uncommon,140.0,2,1,120,0.1397619423751587,0.0714285714285714,1.919233401779603,0.14,0.15,0,0
sv1-100,Flittle,Scarlet & Violet,modern,Common,30.0,0,1,10,0.16551443847757338,0.0,1.919233401779603,0.18,0.18,0,2
sv1-68,Pachirisu,Scarlet & Violet,modern,Uncommon,70.0,1,1,10,0.16551443847757338,0.0,1.919233401779603,0.18,0.18,0,2
sv1-70,Rotom,Scarlet & Violet,modern,Common,80.0,1,2,20,0.15700374880966478,0.0,1.919233401779603,0.17,0.17,0,1
sv1-73,Pawmi,Scarlet & Violet,modern,Common,50.0,1,1,0,0.1397619423751587,0.0,1.919233401779603,0.15,0.15,0,2
sv1-88,Banette ex,Scarlet & Violet,modern,Double Rare,250.0,2,2,60,0.5538851132264376,0.2333333333333334,1.919233401779603,0.6,0.74,2,0
sv1-92,Floette,Scarlet & Violet,modern,Common,70.0,1,1,30,0.07696104113612832,-0.11111111111111105,1.919233401779603,0.09,0.08,0,2
sv1-95,Dedenne,Scarlet & Violet,modern,Common,70.0,1,1,30,0.15700374880966478,0.0625,1.919233401779603,0.16,0.17,0,2
sv1-99,Dachsbun,Scarlet & Violet,modern,Uncommon,90.0,1,1,100,0.16551443847757338,-0.18181818181818188,1.919233401779603,0.22,0.18,0,2
sv1-102,Flittle,Scarlet & Violet,modern,Common,40.0,1,1,10,0.12221763272424921,0.08333333333333348,1.919233401779603,0.12,0.13,0,2
sv1-105,Greavard,Scarlet & Violet,modern,Common,80.0,3,2,30,0.12221763272424921,-0.07142857142857151,1.919233401779603,0.14,0.13,0,1
sv1-104,Greavard,Scarlet & Violet,modern,Common,70.0,2,1,10,0.1484200051182733,0.1428571428571428,1.919233401779603,0.14,0.16,0,2
sv1-103,Espathra,Scarlet & Violet,modern,Uncommon,110.0,0,2,30,0.18232155679395465,-0.04761904761904756,1.919233401779603,0.21,0.2,0,1
sv1-106,Houndstone,Scarlet & Violet,modern,Rare,140.0,3,1,80,0.17395330712343804,0.1875,1.919233401779603,0.16,0.19,0,0
sv1-107,Mankey,Scarlet & Violet,modern,Common,60.0,1,1,30,0.09531017980432487,0.0,1.919233401779603,0.1,0.1,0,2
sv1-108,Primeape,Scarlet & Violet,modern,Common,90.0,1,1,70,0.08617769624105233,0.0,1.919233401779603,0.09,0.09,0,2
sv1-109,Annihilape,Scarlet & Violet,modern,Rare,140.0,2,2,170,0.13102826240640408,-0.06666666666666654,1.919233401779603,0.15,0.14,2,1
sv1-111,Medicham,Scarlet & Violet,modern,Uncommon,90.0,1,2,90,0.11332868530700317,-0.07692307692307698,1.919233401779603,0.13,0.12,0,1
sv1-110,Meditite,Scarlet & Violet,modern,Common,60.0,1,1,10,0.09531017980432487,0.0,1.919233401779603,0.1,0.1,0,2
sv1-113,Riolu,Scarlet & Violet,modern,Common,70.0,1,2,50,0.15700374880966478,-0.05555555555555547,1.919233401779603,0.18,0.17,0,1
sv1-112,Riolu,Scarlet & Violet,modern,Common,70.0,1,2,20,0.1484200051182733,0.23076923076923084,1.919233401779603,0.13,0.16,0,1
sv1-114,Lucario,Scarlet & Violet,modern,Uncommon,130.0,2,2,120,0.23901690047049992,0.2857142857142858,1.919233401779603,0.21,0.27,2,1
sv1-115,Sandile,Scarlet & Violet,modern,Common,70.0,2,2,30,0.10436001532424277,0.22222222222222232,1.919233401779603,0.09,0.11,0,1
sv1-117,Krookodile,Scarlet & Violet,modern,Uncommon,170.0,3,2,180,0.16551443847757338,0.3846153846153846,1.919233401779603,0.13,0.18,2,1
sv1-118,Hawlucha,Scarlet & Violet,modern,Rare,70.0,1,1,70,0.18232155679395465,-0.13043478260869568,1.919233401779603,0.23,0.2,0,2
sv1-116,Krokorok,Scarlet & Violet,modern,Common,100.0,2,2,60,0.1397619423751587,0.25,1.919233401779603,0.12,0.15,0,1
sv1-119,Silicobra,Scarlet & Violet,modern,Common,80.0,2,1,30,0.11332868530700317,0.19999999999999996,1.919233401779603,0.1,0.12,0,2
sv1-120,Sandaconda,Scarlet & Violet,modern,Uncommon,140.0,3,2,120,0.12221763272424921,-0.07142857142857151,1.919233401779603,0.14,0.13,2,0
sv1-121,Stonjourner,Scarlet & Violet,modern,Uncommon,130.0,2,1,100,0.1484200051182733,0.06666666666666665,1.919233401779603,0.15,0.16,0,0
sv1-123,Great Tusk ex,Scarlet & Violet,modern,Double Rare,250.0,4,2,250,0.31481073984003355,-0.05128205128205132,1.919233401779603,0.39,0.37,2,0
sv1-122,Klawf,Scarlet & Violet,modern,Rare,130.0,3,2,130,0.1397619423751587,-0.0625,1.919233401779603,0.16,0.15,2,0
sv1-124,Koraidon,Scarlet & Violet,modern,Rare,130.0,2,2,190,0.1484200051182733,0.0,1.919233401779603,0.16,0.16,2,0
sv1-125,Koraidon ex,Scarlet & Violet,modern,Double Rare,230.0,2,1,220,0.41871033485818504,0.061224489795918435,1.919233401779603,0.49,0.52,2,0
sv1-126,Grimer,Scarlet & Violet,modern,Common,80.0,3,1,50,0.08617769624105233,-0.10000000000000009,1.919233401779603,0.1,0.09,0,2
sv1-127,Muk,Scarlet & Violet,modern,Uncommon,140.0,4,1,100,0.1484200051182733,-0.05882352941176472,1.919233401779603,0.17,0.16,2,0
sv1-128,Seviper,Scarlet & Violet,modern,Common,120.0,2,2,60,0.10436001532424277,0.09999999999999987,1.919233401779603,0.1,0.11,0,1
sv1-132,Pawniard,Scarlet & Violet,modern,Common,70.0,1,2,20,0.11332868530700317,0.33333333333333326,1.919233401779603,0.09,0.12,0,1
sv1-129,Spiritomb,Scarlet & Violet,modern,Uncommon,70.0,1,2,0,0.12221763272424921,0.0,1.919233401779603,0.13,0.13,0,1
sv1-130,Croagunk,Scarlet & Violet,modern,Common,70.0,1,2,40,0.11332868530700317,0.0,1.919233401779603,0.12,0.12,0,1
sv1-131,Toxicroak ex,Scarlet & Violet,modern,Double Rare,250.0,2,2,120,0.5933268452777344,0.7234042553191491,1.919233401779603,0.47,0.81,2,0
sv1-133,Bisharp,Scarlet & Violet,modern,Common,120.0,1,2,120,0.13102826240640408,-0.06666666666666654,1.919233401779603,0.15,0.14,0,1
sv1-134,Kingambit,Scarlet & Violet,modern,Rare,170.0,3,1,160,0.15700374880966478,0.0625,1.919233401779603,0.16,0.17,2,0
sv1-135,Maschiff,Scarlet & Violet,modern,Common,70.0,2,2,20,0.13102826240640408,-0.06666666666666654,1.919233401779603,0.15,0.14,0,1
sv1-136,Maschiff,Scarlet & Violet,modern,Common,80.0,3,1,30,0.12221763272424921,-0.07142857142857151,1.919233401779603,0.14,0.13,0,2
sv1-139,Forretress,Scarlet & Violet,modern,Uncommon,120.0,3,2,90,0.1397619423751587,0.0714285714285714,1.919233401779603,0.14,0.15,2,1
sv1-137,Mabosstiff,Scarlet & Violet,modern,Uncommon,130.0,3,1,160,0.1397619423751587,0.0,1.919233401779603,0.15,0.15,2,0
sv1-138,Bombirdier,Scarlet & Violet,modern,Uncommon,110.0,1,2,60,0.12221763272424921,0.0,1.919233401779603,0.13,0.13,0,1
sv1-140,Varoom,Scarlet & Violet,modern,Common,60.0,1,1,0,0.12221763272424921,0.08333333333333348,1.919233401779603,0.12,0.13,0,2
sv1-142,Revavroom,Scarlet & Violet,modern,Rare,140.0,2,1,90,0.16551443847757338,-0.10000000000000009,1.919233401779603,0.2,0.18,0,2
sv1-141,Varoom,Scarlet & Violet,modern,Common,80.0,2,1,60,0.1988508587451652,0.0,1.919233401779603,0.22,0.22,0,2
sv1-143,Iron Treads ex,Scarlet & Violet,modern,Double Rare,220.0,3,2,160,0.37156355643248307,0.32352941176470584,1.919233401779603,0.34,0.45,2,0
sv1-144,Chansey,Scarlet & Violet,modern,Common,110.0,2,2,60,0.12221763272424921,0.08333333333333348,1.919233401779603,0.12,0.13,0,1
sv1-145,Blissey,Scarlet & Violet,modern,Uncommon,150.0,2,1,150,0.13102826240640408,-0.12499999999999989,1.919233401779603,0.16,0.14,2,0
sv1-146,Zangoose,Scarlet & Violet,modern,Common,90.0,1,1,40,0.10436001532424277,0.09999999999999987,1.919233401779603,0.1,0.11,0,2
sv1-148,Starly,Scarlet & Violet,modern,Common,60.0,1,1,20,0.12221763272424921,0.18181818181818188,1.919233401779603,0.11,0.13,0,2
sv1-147,Zangoose,Scarlet & Violet,modern,Uncommon,110.0,2,2,80,0.1397619423751587,0.0714285714285714,1.919233401779603,0.14,0.15,0,1
sv1-151,Skwovet,Scarlet & Violet,modern,Common,60.0,1,1,20,0.13102826240640408,-0.2222222222222221,1.919233401779603,0.18,0.14,0,2
sv1-149,Staravia,Scarlet & Violet,modern,Common,80.0,1,2,80,0.08617769624105233,0.2857142857142856,1.919233401779603,0.07,0.09,0,1
sv1-150,Staraptor,Scarlet & Violet,modern,Uncommon,150.0,1,2,180,0.1484200051182733,0.06666666666666665,1.919233401779603,0.15,0.16,2,0
sv1-153,Indeedee,Scarlet & Violet,modern,Rare,90.0,1,2,30,0.15700374880966478,0.0,1.919233401779603,0.17,0.17,0,1
sv1-152,Greedent,Scarlet & Violet,modern,Uncommon,120.0,2,2,80,0.12221763272424921,0.0,1.919233401779603,0.13,0.13,0,1
sv1-154,Lechonk,Scarlet & Violet,modern,Common,60.0,1,2,20,0.1484200051182733,-0.05882352941176472,1.919233401779603,0.17,0.16,0,1
sv1-158,Oinkologne ex,Scarlet & Violet,modern,Double Rare,260.0,2,2,210,0.41871033485818504,0.13043478260869557,1.919233401779603,0.46,0.52,2,0
sv1-157,Oinkologne,Scarlet & Violet,modern,Uncommon,120.0,2,2,130,0.12221763272424921,-0.07142857142857151,1.919233401779603,0.14,0.13,2,1
sv1-155,Lechonk,Scarlet & Violet,modern,Common,60.0,1,2,30,0.2776317365982795,0.1428571428571428,1.919233401779603,0.28,0.32,0,1
sv1-156,Lechonk,Scarlet & Violet,modern,Common,70.0,1,1,70,0.1397619423751587,0.0,1.919233401779603,0.15,0.15,0,2
sv1-159,Tandemaus,Scarlet & Violet,modern,Common,30.0,1,1,20,0.1988508587451652,0.09999999999999987,1.919233401779603,0.2,0.22,0,2
sv1-160,Tandemaus,Scarlet & Violet,modern,Common,40.0,1,1,30,0.16551443847757338,0.0,1.919233401779603,0.18,0.18,0,2
sv1-162,Squawkabilly,Scarlet & Violet,modern,Common,70.0,1,2,60,0.11332868530700317,0.09090909090909083,1.919233401779603,0.11,0.12,0,1
sv1-161,Maushold,Scarlet & Violet,modern,Uncommon,70.0,1,2,70,0.15700374880966478,0.0625,1.919233401779603,0.16,0.17,0,1
sv1-164,Cyclizar,Scarlet & Violet,modern,Rare,110.0,0,2,100,0.1484200051182733,0.23076923076923084,1.919233401779603,0.13,0.16,0,1
sv1-163,Cyclizar,Scarlet & Violet,modern,Uncommon,110.0,1,1,70,0.13102826240640408,0.16666666666666674,1.919233401779603,0.12,0.14,0,2
sv1-165,Flamigo,Scarlet & Violet,modern,Uncommon,110.0,1,2,110,0.1484200051182733,-0.05882352941176472,1.919233401779603,0.17,0.16,0,1
sv1-200,Dolliv,Scarlet & Violet,modern,Illustration Rare,90.0,1,2,40,1.8453002361560848,0.3031784841075795,1.919233401779603,4.09,5.33,0,1
sv1-199,Tarountula,Scarlet & Violet,modern,Illustration Rare,40.0,1,1,20,2.6093342281630525,0.4521337946943482,1.919233401779603,8.67,12.59,0,2
sv1-201,Toedscool,Scarlet & Violet,modern,Illustration Rare,50.0,1,1,10,1.840549633397487,0.04743083003952564,1.919233401779603,5.06,5.3,0,2
sv1-203,Armarouge,Scarlet & Violet,modern,Illustration Rare,130.0,2,1,90,2.856470206220483,-0.1313559322033898,1.919233401779603,18.88,16.4,2,0
sv1-202,Scovillain,Scarlet & Violet,modern,Illustration Rare,110.0,1,2,90,1.80005827204275,0.3797814207650272,1.919233401779603,3.66,5.05,0,1
sv1-206,Wiglett,Scarlet & Violet,modern,Illustration Rare,50.0,1,1,10,2.4432162227337915,0.4844632768361581,1.919233401779603,7.08,10.51,0,2
sv1-204,Slowpoke,Scarlet & Violet,modern,Illustration Rare,70.0,2,2,20,3.7364784329132155,0.5493757094211125,1.919233401779603,26.43,40.95,0,1
sv1-205,Clauncher,Scarlet & Violet,modern,Illustration Rare,70.0,1,1,10,1.9387416595767009,0.017094017094017255,1.919233401779603,5.85,5.95,0,2
sv1-209,Pawmot,Scarlet & Violet,modern,Illustration Rare,130.0,0,1,230,2.190535589185423,-0.18813905930470343,1.919233401779603,9.78,7.94,2,0
sv1-208,Pachirisu,Scarlet & Violet,modern,Illustration Rare,70.0,1,1,10,2.5273273656719524,-0.04714640198511166,1.919233401779603,12.09,11.52,0,2
sv1-210,Drowzee,Scarlet & Violet,modern,Illustration Rare,70.0,1,2,30,4.098668533702155,-0.1947275445033293,1.919233401779603,73.59,59.26,0,1
sv1-207,Dondozo,Scarlet & Violet,modern,Illustration Rare,160.0,4,2,120,2.950211758252182,0.706880301602262,1.919233401779603,10.61,18.11,2,1
sv1-214,Greavard,Scarlet & Violet,modern,Illustration Rare,70.0,2,1,10,2.8326249356838407,-0.13614262560777968,1.919233401779603,18.51,15.99,0,2
sv1-215,Riolu,Scarlet & Violet,modern,Illustration Rare,70.0,1,2,50,3.29842610362621,0.03206650831353919,1.919233401779603,25.26,26.07,0,1
sv1-211,Ralts,Scarlet & Violet,modern,Illustration Rare,70.0,1,1,30,3.670206188848315,0.10930704552044057,1.919233401779603,34.49,38.26,0,2
sv1-212,Kirlia,Scarlet & Violet,modern,Illustration Rare,90.0,1,2,60,3.538347219809389,0.0704902274911885,1.919233401779603,31.21,33.41,0,1
sv1-213,Fidough,Scarlet & Violet,modern,Illustration Rare,60.0,2,2,30,2.738256043159276,0.0076655052264809065,1.919233401779603,14.35,14.46,0,1
sv1-217,Klawf,Scarlet & Violet,modern,Illustration Rare,130.0,3,2,130,2.1174596088673567,-0.21734475374732332,1.919233401779603,9.34,7.31,2,0
sv1-218,Mabosstiff,Scarlet & Violet,modern,Illustration Rare,130.0,3,1,160,2.2417729535972883,0.09362808842652792,1.919233401779603,7.69,8.41,2,0
sv1-216,Sandile,Scarlet & Violet,modern,Illustration Rare,70.0,2,2,30,2.1198634561787513,-0.18008948545861292,1.919233401779603,8.94,7.33,0,2
sv1-219,Bombirdier,Scarlet & Violet,modern,Illustration Rare,110.0,1,2,60,1.572773928062509,0.08522727272727271,1.919233401779603,3.52,3.82,0,1
sv1-220,Kingambit,Scarlet & Violet,modern,Illustration Rare,170.0,3,1,160,2.2159372862683733,0.04475703324808178,1.919233401779603,7.82,8.17,2,0
sv1-221,Starly,Scarlet & Violet,modern,Illustration Rare,60.0,1,1,20,2.7763317085186157,0.3530997304582211,1.919233401779603,11.13,15.06,0,2
sv1-222,Skwovet,Scarlet & Violet,modern,Illustration Rare,60.0,1,1,20,1.8468787684491346,0.256470588235294,1.919233401779603,4.25,5.34,0,2
sv1-224,Arcanine ex,Scarlet & Violet,modern,Ultra Rare,280.0,3,2,250,2.0906287310704004,0.2615658362989324,1.919233401779603,5.62,7.09,2,0
sv1-226,Magnezone ex,Scarlet & Violet,modern,Ultra Rare,330.0,3,2,220,0.8241754429663494,-0.05882352941176472,1.919233401779603,1.36,1.28,2,0
sv1-225,Gyarados ex,Scarlet & Violet,modern,Ultra Rare,300.0,4,2,180,1.8578592709325787,0.10633946830265861,1.919233401779603,4.89,5.41,2,0
sv1-223,Spidops ex,Scarlet & Violet,modern,Ultra Rare,260.0,2,1,90,0.6471032420585384,-0.0714285714285714,1.919233401779603,0.98,0.91,2,0
sv1-228,Gardevoir ex,Scarlet & Violet,modern,Ultra Rare,310.0,2,1,190,1.597365331199831,0.07650273224043702,1.919233401779603,3.66,3.94,2,0
sv1-227,Miraidon ex,Scarlet & Violet,modern,Ultra Rare,220.0,1,1,220,1.3711807233098425,0.17131474103585664,1.919233401779603,2.51,2.94,2,0
sv1-229,Banette ex,Scarlet & Violet,modern,Ultra Rare,250.0,2,2,60,1.1786549963416462,-0.030172413793103425,1.919233401779603,2.32,2.25,2,0
sv1-231,Koraidon ex,Scarlet & Violet,modern,Ultra Rare,230.0,2,1,220,1.0367368849500223,0.011111111111111072,1.919233401779603,1.8,1.82,2,0
sv1-230,Great Tusk ex,Scarlet & Violet,modern,Ultra Rare,250.0,4,2,250,0.7793248768009976,0.19191919191919182,1.919233401779603,0.99,1.18,2,0
sv1-233,Iron Treads ex,Scarlet & Violet,modern,Ultra Rare,220.0,3,2,160,0.7419373447293773,0.037735849056603765,1.919233401779603,1.06,1.1,2,0
sv1-232,Toxicroak ex,Scarlet & Violet,modern,Ultra Rare,250.0,2,2,120,0.9477893989335261,0.0,1.919233401779603,1.58,1.58,2,0
sv1-234,Oinkologne ex,Scarlet & Violet,modern,Ultra Rare,260.0,2,2,210,0.7514160886839212,-0.06666666666666654,1.919233401779603,1.2,1.12,2,0
sv1-243,Spidops ex,Scarlet & Violet,modern,Special Illustration Rare,260.0,2,1,90,2.1983350716202463,0.20814479638009042,1.919233401779603,6.63,8.01,2,0
sv1-244,Miraidon ex,Scarlet & Violet,modern,Special Illustration Rare,220.0,1,1,220,3.2962071678045244,0.15394853593611368,1.919233401779603,22.54,26.01,2,0
sv1-245,Gardevoir ex,Scarlet & Violet,modern,Special Illustration Rare,310.0,2,1,190,4.005695481290781,-0.03369779530381789,1.919233401779603,55.79,53.91,2,0
sv1-246,Great Tusk ex,Scarlet & Violet,modern,Special Illustration Rare,250.0,4,2,250,2.5289235352047745,0.08458646616541343,1.919233401779603,10.64,11.54,2,0
sv1-248,Iron Treads ex,Scarlet & Violet,modern,Special Illustration Rare,220.0,3,2,160,1.7526720805200082,-0.028513238289205822,1.919233401779603,4.91,4.77,2,0
sv1-247,Koraidon ex,Scarlet & Violet,modern,Special Illustration Rare,230.0,2,1,220,3.0638581026015914,0.026659959758551288,1.919233401779603,19.88,20.41,2,0
sv1-253,Miraidon ex,Scarlet & Violet,modern,Hyper Rare,220.0,1,1,220,2.0693912058263346,0.07120743034055721,1.919233401779603,6.46,6.92,2,0
sv1-254,Koraidon ex,Scarlet & Violet,modern,Hyper Rare,230.0,2,1,220,1.925707441737794,0.08518518518518525,1.919233401779603,5.4,5.86,2,0
sv2-1,Hoppip,Paldea Evolved,modern,Common,50.0,1,1,10,0.07696104113612832,0.0,1.727583846680356,0.08,0.08,0,2
sv2-2,Skiploom,Paldea Evolved,modern,Uncommon,70.0,1,1,30,0.11332868530700317,0.09090909090909083,1.727583846680356,0.11,0.12,0,2
sv2-4,Pineco,Paldea Evolved,modern,Common,70.0,2,1,30,0.05826890812397577,0.0,1.727583846680356,0.06,0.06,0,2
sv2-3,Jumpluff,Paldea Evolved,modern,Rare,90.0,1,1,60,0.15700374880966478,0.0625,1.727583846680356,0.16,0.17,0,2
sv2-7,Tropius,Paldea Evolved,modern,Common,110.0,1,2,130,0.13102826240640408,0.16666666666666674,1.727583846680356,0.12,0.14,0,1
sv2-5,Forretress ex,Paldea Evolved,modern,Double Rare,270.0,3,1,120,0.3506568716131694,0.04999999999999982,1.727583846680356,0.4,0.42,2,0
sv2-6,Heracross,Paldea Evolved,modern,Uncommon,130.0,3,2,110,0.15700374880966478,0.0,1.727583846680356,0.17,0.17,2,1
sv2-12,Sprigatito,Paldea Evolved,modern,Common,60.0,1,2,10,0.13102826240640408,0.0,1.727583846680356,0.14,0.14,0,1
sv2-13,Sprigatito,Paldea Evolved,modern,Common,70.0,1,1,30,0.1397619423751587,0.0714285714285714,1.727583846680356,0.14,0.15,0,2
sv2-14,Floragato,Paldea Evolved,modern,Uncommon,90.0,1,2,50,0.17395330712343804,-0.050000000000000044,1.727583846680356,0.2,0.19,0,1
sv2-18,Spidops,Paldea Evolved,modern,Uncommon,110.0,2,2,130,0.13102826240640408,0.0769230769230771,1.727583846680356,0.13,0.14,2,1
sv2-15,Meowscarada ex,Paldea Evolved,modern,Double Rare,310.0,2,1,100,0.4762341789963716,0.0,1.727583846680356,0.61,0.61,2,0
sv2-16,Tarountula,Paldea Evolved,modern,Common,50.0,1,1,10,0.12221763272424921,0.30000000000000004,1.727583846680356,0.1,0.13,0,2
sv2-17,Tarountula,Paldea Evolved,modern,Common,60.0,2,1,40,0.16551443847757338,0.0588235294117645,1.727583846680356,0.17,0.18,0,2
sv2-8,Combee,Paldea Evolved,modern,Common,50.0,1,1,10,0.06765864847381481,-0.2222222222222221,1.727583846680356,0.09,0.07,0,2
sv2-9,Vespiquen,Paldea Evolved,modern,Uncommon,120.0,2,2,120,0.13102826240640408,0.0,1.727583846680356,0.14,0.14,0,1
sv2-10,Snover,Paldea Evolved,modern,Common,90.0,3,1,30,0.08617769624105233,0.0,1.727583846680356,0.09,0.09,0,2
sv2-11,Abomasnow,Paldea Evolved,modern,Rare,150.0,3,1,110,0.11332868530700317,-0.07692307692307698,1.727583846680356,0.13,0.12,2,0
sv2-20,Nymble,Paldea Evolved,modern,Common,50.0,1,1,30,0.09531017980432487,0.0,1.727583846680356,0.1,0.1,0,2
sv2-21,Lokix,Paldea Evolved,modern,Rare,120.0,1,2,70,0.12221763272424921,0.0,1.727583846680356,0.13,0.13,0,1
sv2-23,Bramblin,Paldea Evolved,modern,Common,50.0,1,1,10,0.16551443847757338,-0.052631578947368474,1.727583846680356,0.19,0.18,0,2
sv2-19,Nymble,Paldea Evolved,modern,Common,40.0,1,2,10,0.17395330712343804,0.11764705882352944,1.727583846680356,0.17,0.19,0,1
sv2-24,Brambleghast,Paldea Evolved,modern,Uncommon,100.0,3,2,80,0.11332868530700317,0.0,1.727583846680356,0.12,0.12,0,1
sv2-25,Rellor,Paldea Evolved,modern,Common,40.0,1,1,10,0.13102826240640408,-0.12499999999999989,1.727583846680356,0.16,0.14,0,2
sv2-26,Rellor,Paldea Evolved,modern,Common,50.0,1,1,30,0.10436001532424277,0.0,1.727583846680356,0.11,0.11,0,2
sv2-22,Bramblin,Paldea Evolved,modern,Common,40.0,1,1,10,0.13102826240640408,0.0769230769230771,1.727583846680356,0.13,0.14,0,2
sv2-27,Wo-Chien ex,Paldea Evolved,modern,Double Rare,230.0,4,2,220,0.5068176023684519,0.4347826086956521,1.727583846680356,0.46,0.66,2,0
sv2-35,Fuecoco,Paldea Evolved,modern,Common,90.0,3,2,30,0.262364264467491,1.0,1.727583846680356,0.13,0.3,0,1
sv2-36,Crocalor,Paldea Evolved,modern,Uncommon,110.0,3,2,70,0.17395330712343804,0.05555555555555558,1.727583846680356,0.18,0.19,0,1
sv2-39,Charcadet,Paldea Evolved,modern,Common,80.0,2,2,50,0.1397619423751587,0.0714285714285714,1.727583846680356,0.14,0.15,0,1
sv2-43,Gyarados,Paldea Evolved,modern,Rare,180.0,4,2,200,0.19062035960864973,-0.045454545454545525,1.727583846680356,0.22,0.21,2,0
sv2-47,Luvdisc,Paldea Evolved,modern,Common,70.0,1,2,20,0.07696104113612832,0.0,1.727583846680356,0.08,0.08,0,1
sv2-50,Quaxly,Paldea Evolved,modern,Common,70.0,1,1,30,0.08617769624105233,-0.10000000000000009,1.727583846680356,0.1,0.09,0,2
sv2-51,Quaxwell,Paldea Evolved,modern,Uncommon,90.0,1,2,50,0.13102826240640408,0.0769230769230771,1.727583846680356,0.13,0.14,0,1
sv2-29,Fletchinder,Paldea Evolved,modern,Uncommon,80.0,1,1,50,0.13102826240640408,0.0,1.727583846680356,0.14,0.14,0,2
sv2-31,Litleo,Paldea Evolved,modern,Common,70.0,1,2,10,0.08617769624105233,0.0,1.727583846680356,0.09,0.09,0,1
sv2-32,Pyroar,Paldea Evolved,modern,Uncommon,120.0,2,2,60,0.17395330712343804,0.11764705882352944,1.727583846680356,0.17,0.19,0,1
sv2-28,Paldean Tauros,Paldea Evolved,modern,Uncommon,130.0,2,2,120,0.1397619423751587,0.0714285714285714,1.727583846680356,0.14,0.15,2,1
sv2-37,Skeledirge ex,Paldea Evolved,modern,Double Rare,340.0,3,2,270,0.5364933705145685,0.3396226415094339,1.727583846680356,0.53,0.71,2,0
sv2-40,Chi-Yu ex,Paldea Evolved,modern,Double Rare,190.0,1,2,100,0.5364933705145685,0.22413793103448287,1.727583846680356,0.58,0.71,2,0
sv2-42,Magikarp,Paldea Evolved,modern,Common,30.0,1,1,10,0.10436001532424277,-0.2142857142857143,1.727583846680356,0.14,0.11,0,2
sv2-44,Marill,Paldea Evolved,modern,Common,70.0,1,1,20,0.11332868530700317,-0.14285714285714302,1.727583846680356,0.14,0.12,0,2
sv2-45,Azumarill,Paldea Evolved,modern,Uncommon,120.0,1,2,100,0.1397619423751587,0.0714285714285714,1.727583846680356,0.14,0.15,0,1
sv2-46,Delibird,Paldea Evolved,modern,Common,90.0,1,2,30,0.08617769624105233,0.125,1.727583846680356,0.08,0.09,0,1
sv2-52,Quaquaval ex,Paldea Evolved,modern,Double Rare,320.0,2,2,230,0.3784364357202451,-0.13207547169811318,1.727583846680356,0.53,0.46,2,0
sv2-30,Talonflame,Paldea Evolved,modern,Uncommon,150.0,1,2,70,0.11332868530700317,0.09090909090909083,1.727583846680356,0.11,0.12,0,1
sv2-33,Oricorio,Paldea Evolved,modern,Rare,90.0,1,1,30,0.17395330712343804,0.357142857142857,1.727583846680356,0.14,0.19,0,1
sv2-34,Fuecoco,Paldea Evolved,modern,Common,80.0,2,1,20,0.23111172096338664,0.625,1.727583846680356,0.16,0.26,0,1
sv2-38,Charcadet,Paldea Evolved,modern,Common,60.0,1,1,30,0.1397619423751587,-0.11764705882352955,1.727583846680356,0.17,0.15,0,2
sv2-41,Paldean Tauros,Paldea Evolved,modern,Uncommon,130.0,2,2,20,0.17395330712343804,0.11764705882352944,1.727583846680356,0.17,0.19,0,1
sv2-48,Eiscue,Paldea Evolved,modern,Uncommon,110.0,1,2,100,0.18232155679395465,0.11111111111111116,1.727583846680356,0.18,0.2,0,1
sv2-49,Quaxly,Paldea Evolved,modern,Common,60.0,1,1,20,0.12221763272424921,-0.07142857142857151,1.727583846680356,0.14,0.13,0,2
sv2-54,Cetoddle,Paldea Evolved,modern,Common,100.0,3,2,50,0.18232155679395465,0.4285714285714286,1.727583846680356,0.14,0.2,0,1
sv2-56,Veluza,Paldea Evolved,modern,Rare,130.0,2,2,120,0.1484200051182733,0.0,1.727583846680356,0.16,0.16,2,1
sv2-58,Frigibax,Paldea Evolved,modern,Common,70.0,2,2,50,0.13102826240640408,0.0,1.727583846680356,0.14,0.14,0,1
sv2-65,Magnemite,Paldea Evolved,modern,Common,50.0,1,2,20,0.10436001532424277,0.0,1.727583846680356,0.11,0.11,0,1
sv2-59,Arctibax,Paldea Evolved,modern,Uncommon,90.0,2,2,80,0.1484200051182733,0.0,1.727583846680356,0.16,0.16,0,1
sv2-63,Pikachu ex,Paldea Evolved,modern,Double Rare,190.0,0,2,220,1.0260415958332743,-0.016483516483516536,1.727583846680356,1.82,1.79,2,1
sv2-53,Cetoddle,Paldea Evolved,modern,Common,90.0,3,1,30,0.11332868530700317,0.0,1.727583846680356,0.12,0.12,0,2
sv2-55,Cetitan,Paldea Evolved,modern,Uncommon,180.0,3,2,80,0.16551443847757338,0.2857142857142856,1.727583846680356,0.14,0.18,2,1
sv2-57,Frigibax,Paldea Evolved,modern,Common,60.0,1,1,30,0.16551443847757338,-0.10000000000000009,1.727583846680356,0.2,0.18,0,2
sv2-60,Baxcalibur,Paldea Evolved,modern,Rare,160.0,2,1,130,0.19062035960864973,-0.045454545454545525,1.727583846680356,0.22,0.21,2,0
sv2-61,Chien-Pao ex,Paldea Evolved,modern,Double Rare,220.0,2,1,60,0.8754687373538999,-0.04761904761904767,1.727583846680356,1.47,1.4,2,0
sv2-62,Pikachu,Paldea Evolved,modern,Common,70.0,1,2,30,0.20701416938432615,0.4375,1.727583846680356,0.16,0.23,0,1
sv2-64,Raichu,Paldea Evolved,modern,Uncommon,140.0,1,2,200,0.19062035960864973,-0.08695652173913049,1.727583846680356,0.23,0.21,2,1
sv2-69,Shinx,Paldea Evolved,modern,Common,70.0,1,1,30,0.12221763272424921,-0.07142857142857151,1.727583846680356,0.14,0.13,0,2
sv2-77,Tadbulb,Paldea Evolved,modern,Common,50.0,1,1,10,0.1484200051182733,-0.20000000000000007,1.727583846680356,0.2,0.16,0,2
sv2-81,Wattrel,Paldea Evolved,modern,Common,60.0,1,2,40,0.13102826240640408,-0.17647058823529405,1.727583846680356,0.17,0.14,0,1
sv2-89,Spiritomb,Paldea Evolved,modern,Rare,60.0,1,1,10,0.17395330712343804,-0.13636363636363635,1.727583846680356,0.22,0.19,0,2
sv2-92,Gothitelle,Paldea Evolved,modern,Uncommon,150.0,2,1,120,0.13102826240640408,0.16666666666666674,1.727583846680356,0.12,0.14,0,0
sv2-103,Tinkatuff,Paldea Evolved,modern,Uncommon,80.0,2,2,80,0.12221763272424921,0.0,1.727583846680356,0.13,0.13,0,1
sv2-104,Tinkatuff,Paldea Evolved,modern,Uncommon,90.0,2,2,60,0.18232155679395465,-0.13043478260869568,1.727583846680356,0.23,0.2,0,1
sv2-106,Mankey,Paldea Evolved,modern,Common,60.0,1,2,30,0.09531017980432487,0.25,1.727583846680356,0.08,0.1,0,1
sv2-73,Pincurchin,Paldea Evolved,modern,Uncommon,90.0,3,2,100,0.13102826240640408,0.16666666666666674,1.727583846680356,0.12,0.14,2,1
sv2-74,Pawmi,Paldea Evolved,modern,Common,50.0,1,1,20,0.1397619423751587,0.0,1.727583846680356,0.15,0.15,0,2
sv2-75,Pawmo,Paldea Evolved,modern,Uncommon,80.0,1,2,50,0.13102826240640408,0.0,1.727583846680356,0.14,0.14,0,1
sv2-76,Pawmot,Paldea Evolved,modern,Rare,140.0,1,2,100,0.13102826240640408,0.0769230769230771,1.727583846680356,0.13,0.14,0,1
sv2-78,Tadbulb,Paldea Evolved,modern,Common,60.0,1,2,30,0.10436001532424277,-0.15384615384615385,1.727583846680356,0.13,0.11,0,1
sv2-83,Jigglypuff,Paldea Evolved,modern,Common,70.0,1,2,20,0.1484200051182733,0.23076923076923084,1.727583846680356,0.13,0.16,0,1
sv2-84,Wigglytuff,Paldea Evolved,modern,Rare,110.0,2,1,100,0.1484200051182733,-0.11111111111111105,1.727583846680356,0.18,0.16,0,2
sv2-87,Misdreavus,Paldea Evolved,modern,Common,70.0,1,1,10,0.11332868530700317,0.0,1.727583846680356,0.12,0.12,0,2
sv2-91,Gothorita,Paldea Evolved,modern,Uncommon,90.0,1,2,40,0.1397619423751587,0.36363636363636354,1.727583846680356,0.11,0.15,0,1
sv2-93,Dedenne ex,Paldea Evolved,modern,Double Rare,170.0,1,2,170,0.4824261492442927,0.05084745762711873,1.727583846680356,0.59,0.62,2,0
sv2-97,Mimikyu,Paldea Evolved,modern,Rare,70.0,1,1,0,0.22314355131420976,-0.03846153846153855,1.727583846680356,0.26,0.25,0,2
sv2-107,Primeape,Paldea Evolved,modern,Uncommon,110.0,2,2,60,0.11332868530700317,0.09090909090909083,1.727583846680356,0.11,0.12,0,1
sv2-109,Sudowoodo,Paldea Evolved,modern,Uncommon,110.0,1,2,90,0.12221763272424921,0.18181818181818188,1.727583846680356,0.11,0.13,0,1
sv2-110,Larvitar,Paldea Evolved,modern,Common,70.0,2,1,10,0.12221763272424921,0.0,1.727583846680356,0.13,0.13,0,2
sv2-112,Makuhita,Paldea Evolved,modern,Common,90.0,3,1,40,0.10436001532424277,0.0,1.727583846680356,0.11,0.11,0,2
sv2-66,Voltorb,Paldea Evolved,modern,Common,70.0,1,2,20,0.09531017980432487,0.25,1.727583846680356,0.08,0.1,0,1
sv2-67,Electrode,Paldea Evolved,modern,Uncommon,90.0,1,2,90,0.16551443847757338,0.19999999999999996,1.727583846680356,0.15,0.18,0,1
sv2-79,Bellibolt ex,Paldea Evolved,modern,Double Rare,280.0,3,2,160,0.4637340162321401,-0.07812500000000011,1.727583846680356,0.64,0.59,2,0
sv2-82,Kilowattrel,Paldea Evolved,modern,Uncommon,120.0,0,2,150,0.12221763272424921,0.08333333333333348,1.727583846680356,0.12,0.13,0,1
sv2-86,Slowking ex,Paldea Evolved,modern,Double Rare,270.0,3,2,130,0.5822156198526637,0.06756756756756754,1.727583846680356,0.74,0.79,2,0
sv2-90,Gothita,Paldea Evolved,modern,Common,70.0,1,2,20,0.09531017980432487,-0.16666666666666663,1.727583846680356,0.12,0.1,0,1
sv2-94,Oranguru,Paldea Evolved,modern,Uncommon,120.0,2,2,80,0.1397619423751587,0.0714285714285714,1.727583846680356,0.14,0.15,0,1
sv2-95,Sandygast,Paldea Evolved,modern,Common,90.0,3,2,40,0.07696104113612832,0.0,1.727583846680356,0.08,0.08,0,1
sv2-101,Tinkatink,Paldea Evolved,modern,Common,60.0,1,2,30,0.12221763272424921,-0.23529411764705888,1.727583846680356,0.17,0.13,0,1
sv2-102,Tinkatink,Paldea Evolved,modern,Common,70.0,1,1,10,0.15700374880966478,0.3076923076923077,1.727583846680356,0.13,0.17,0,2
sv2-105,Tinkaton,Paldea Evolved,modern,Rare,140.0,2,1,90,0.18232155679395465,0.17647058823529416,1.727583846680356,0.17,0.2,0,2
sv2-108,Paldean Tauros,Paldea Evolved,modern,Uncommon,130.0,2,2,130,0.15700374880966478,0.0625,1.727583846680356,0.16,0.17,2,1
sv2-111,Pupitar,Paldea Evolved,modern,Uncommon,90.0,1,1,50,0.12221763272424921,0.0,1.727583846680356,0.13,0.13,0,2
sv2-68,Shinx,Paldea Evolved,modern,Common,40.0,1,1,10,0.17395330712343804,0.11764705882352944,1.727583846680356,0.17,0.19,0,2
sv2-70,Luxio,Paldea Evolved,modern,Uncommon,90.0,1,2,60,0.1484200051182733,-0.2727272727272727,1.727583846680356,0.22,0.16,0,1
sv2-71,Luxray,Paldea Evolved,modern,Rare,150.0,1,1,180,0.17395330712343804,0.05555555555555558,1.727583846680356,0.18,0.19,2,0
sv2-72,Pincurchin,Paldea Evolved,modern,Common,80.0,2,1,70,0.11332868530700317,0.19999999999999996,1.727583846680356,0.1,0.12,0,2
sv2-80,Wattrel,Paldea Evolved,modern,Common,60.0,1,2,20,0.18232155679395465,-0.23076923076923073,1.727583846680356,0.26,0.2,0,1
sv2-85,Slowpoke,Paldea Evolved,modern,Common,80.0,3,2,30,0.16551443847757338,0.5,1.727583846680356,0.12,0.18,0,1
sv2-88,Mismagius,Paldea Evolved,modern,Uncommon,90.0,1,1,60,0.13102826240640408,0.0769230769230771,1.727583846680356,0.13,0.14,0,2
sv2-96,Palossand,Paldea Evolved,modern,Uncommon,150.0,4,2,80,0.16551443847757338,0.125,1.727583846680356,0.16,0.18,2,1
sv2-98,Ceruledge,Paldea Evolved,modern,Rare,140.0,2,2,100,0.16551443847757338,-0.21739130434782616,1.727583846680356,0.23,0.18,0,1
sv2-99,Rabsca,Paldea Evolved,modern,Rare,70.0,1,2,50,0.1397619423751587,0.0714285714285714,1.727583846680356,0.14,0.15,0,1
sv2-100,Tinkatink,Paldea Evolved,modern,Common,60.0,1,2,20,0.16551443847757338,0.0,1.727583846680356,0.18,0.18,0,1
sv2-117,Lycanroc ex,Paldea Evolved,modern,Double Rare,260.0,2,2,140,0.5933268452777344,0.2272727272727273,1.727583846680356,0.66,0.81,2,0
sv2-116,Rockruff,Paldea Evolved,modern,Common,70.0,1,2,40,0.09531017980432487,0.0,1.727583846680356,0.1,0.1,0,1
sv2-113,Hariyama,Paldea Evolved,modern,Rare,140.0,3,1,120,0.1988508587451652,-0.0434782608695653,1.727583846680356,0.23,0.22,2,0
sv2-114,Croagunk,Paldea Evolved,modern,Common,70.0,1,1,10,0.06765864847381481,0.0,1.727583846680356,0.07,0.07,0,2
sv2-115,Toxicroak,Paldea Evolved,modern,Uncommon,130.0,1,2,60,0.11332868530700317,0.09090909090909083,1.727583846680356,0.11,0.12,0,1
sv2-118,Passimian,Paldea Evolved,modern,Uncommon,110.0,1,1,70,0.1397619423751587,0.15384615384615374,1.727583846680356,0.13,0.15,0,2
sv2-119,Falinks,Paldea Evolved,modern,Common,110.0,2,2,70,0.08617769624105233,-0.10000000000000009,1.727583846680356,0.1,0.09,0,1
sv2-120,Nacli,Paldea Evolved,modern,Common,60.0,2,1,20,0.10436001532424277,0.0,1.727583846680356,0.11,0.11,0,2
sv2-121,Nacli,Paldea Evolved,modern,Common,70.0,3,2,30,0.1484200051182733,-0.1578947368421053,1.727583846680356,0.19,0.16,0,1
sv2-123,Garganacl,Paldea Evolved,modern,Rare,180.0,3,1,130,0.1484200051182733,0.0,1.727583846680356,0.16,0.16,2,0
sv2-129,Paldean Wooper,Paldea Evolved,modern,Common,60.0,1,2,20,0.1397619423751587,-0.11764705882352955,1.727583846680356,0.17,0.15,0,1
sv2-131,Murkrow,Paldea Evolved,modern,Common,60.0,1,2,20,0.13102826240640408,0.0769230769230771,1.727583846680356,0.13,0.14,0,1
sv2-132,Honchkrow,Paldea Evolved,modern,Uncommon,130.0,1,2,140,0.12221763272424921,0.0,1.727583846680356,0.13,0.13,0,1
sv2-134,Weavile,Paldea Evolved,modern,Rare,110.0,1,1,70,0.13102826240640408,-0.06666666666666654,1.727583846680356,0.15,0.14,0,2
sv2-136,Sableye,Paldea Evolved,modern,Rare,70.0,1,2,20,0.1397619423751587,0.25,1.727583846680356,0.12,0.15,0,1
sv2-139,Zweilous,Paldea Evolved,modern,Uncommon,100.0,2,2,80,0.17395330712343804,0.11764705882352944,1.727583846680356,0.17,0.19,0,1
sv2-140,Hydreigon,Paldea Evolved,modern,Rare,180.0,3,1,160,0.15700374880966478,-0.10526315789473684,1.727583846680356,0.19,0.17,2,0
sv2-145,Shroodle,Paldea Evolved,modern,Common,60.0,1,1,0,0.10436001532424277,0.09999999999999987,1.727583846680356,0.1,0.11,0,2
sv2-150,Copperajah ex,Paldea Evolved,modern,Double Rare,300.0,4,1,260,0.3506568716131694,-0.045454545454545525,1.727583846680356,0.44,0.42,2,0
sv2-124,Glimmet,Paldea Evolved,modern,Common,40.0,1,1,0,0.15700374880966478,0.13333333333333353,1.727583846680356,0.15,0.17,0,2
sv2-126,Glimmora,Paldea Evolved,modern,Rare,130.0,3,1,0,0.12221763272424921,-0.1333333333333333,1.727583846680356,0.15,0.13,0,2
sv2-137,Seviper,Paldea Evolved,modern,Uncommon,110.0,1,2,50,0.15700374880966478,0.13333333333333353,1.727583846680356,0.15,0.17,0,1
sv2-141,Maschiff,Paldea Evolved,modern,Common,60.0,1,1,10,0.1484200051182733,0.1428571428571428,1.727583846680356,0.14,0.16,0,2
sv2-146,Grafaiai,Paldea Evolved,modern,Uncommon,90.0,1,2,40,0.1397619423751587,0.0,1.727583846680356,0.15,0.15,0,1
sv2-147,Bombirdier,Paldea Evolved,modern,Uncommon,120.0,1,2,120,0.1397619423751587,0.25,1.727583846680356,0.12,0.15,0,1
sv2-148,Corviknight,Paldea Evolved,modern,Uncommon,170.0,2,2,200,0.13102826240640408,0.27272727272727293,1.727583846680356,0.11,0.14,2,1
sv2-149,Cufant,Paldea Evolved,modern,Common,100.0,3,1,50,0.09531017980432487,0.11111111111111116,1.727583846680356,0.09,0.1,0,2
sv2-154,Girafarig,Paldea Evolved,modern,Common,100.0,2,2,70,0.09531017980432487,-0.2857142857142857,1.727583846680356,0.14,0.1,0,1
sv2-122,Naclstack,Paldea Evolved,modern,Uncommon,100.0,3,1,60,0.1397619423751587,0.15384615384615374,1.727583846680356,0.13,0.15,0,2
sv2-127,Ting-Lu ex,Paldea Evolved,modern,Double Rare,240.0,4,1,150,0.3074846997479606,-0.2941176470588236,1.727583846680356,0.51,0.36,2,0
sv2-128,Paldean Wooper,Paldea Evolved,modern,Common,60.0,2,2,10,0.16551443847757338,0.125,1.727583846680356,0.16,0.18,0,1
sv2-133,Sneasel,Paldea Evolved,modern,Common,70.0,1,1,20,0.12221763272424921,0.30000000000000004,1.727583846680356,0.1,0.13,0,2
sv2-152,Noibat,Paldea Evolved,modern,Common,70.0,1,1,40,0.08617769624105233,-0.10000000000000009,1.727583846680356,0.1,0.09,0,2
sv2-125,Glimmet,Paldea Evolved,modern,Common,70.0,2,1,20,0.11332868530700317,0.0,1.727583846680356,0.12,0.12,0,2
sv2-130,Paldean Clodsire ex,Paldea Evolved,modern,Double Rare,280.0,3,1,200,0.3987761199573678,0.16666666666666674,1.727583846680356,0.42,0.49,2,0
sv2-135,Tyranitar,Paldea Evolved,modern,Rare,180.0,3,2,230,0.17395330712343804,-0.050000000000000044,1.727583846680356,0.2,0.19,2,0
sv2-138,Deino,Paldea Evolved,modern,Common,70.0,1,1,20,0.13102826240640408,0.0,1.727583846680356,0.14,0.14,0,2
sv2-142,Maschiff,Paldea Evolved,modern,Common,70.0,2,2,50,0.13102826240640408,0.0769230769230771,1.727583846680356,0.13,0.14,0,1
sv2-143,Mabosstiff,Paldea Evolved,modern,Uncommon,140.0,3,2,100,0.12221763272424921,0.0,1.727583846680356,0.13,0.13,2,1
sv2-144,Shroodle,Paldea Evolved,modern,Common,50.0,1,2,10,0.10436001532424277,0.0,1.727583846680356,0.11,0.11,0,1
sv2-151,Orthworm,Paldea Evolved,modern,Rare,130.0,2,1,100,0.18232155679395465,0.0,1.727583846680356,0.2,0.2,0,0
sv2-153,Noivern ex,Paldea Evolved,modern,Double Rare,260.0,0,2,140,0.43178241642553783,0.08000000000000007,1.727583846680356,0.5,0.54,2,0
sv2-157,Dudunsparce,Paldea Evolved,modern,Uncommon,140.0,3,2,100,0.12221763272424921,0.0,1.727583846680356,0.13,0.13,2,1
sv2-158,Wingull,Paldea Evolved,modern,Common,70.0,1,1,30,0.06765864847381481,-0.2222222222222221,1.727583846680356,0.09,0.07,0,2
sv2-160,Slakoth,Paldea Evolved,modern,Common,70.0,2,1,0,0.08617769624105233,0.125,1.727583846680356,0.08,0.09,0,2
sv2-161,Vigoroth,Paldea Evolved,modern,Uncommon,90.0,2,2,60,0.13102826240640408,-0.06666666666666654,1.727583846680356,0.15,0.14,0,1
sv2-162,Slaking,Paldea Evolved,modern,Rare,180.0,4,1,240,0.1484200051182733,-0.05882352941176472,1.727583846680356,0.17,0.16,2,0
sv2-163,Fletchling,Paldea Evolved,modern,Common,60.0,1,1,30,0.09531017980432487,0.0,1.727583846680356,0.1,0.1,0,2
sv2-156,Dunsparce,Paldea Evolved,modern,Common,70.0,1,2,50,0.12221763272424921,-0.1333333333333333,1.727583846680356,0.15,0.13,0,1
sv2-159,Pelipper,Paldea Evolved,modern,Uncommon,120.0,2,1,90,0.18232155679395465,0.0,1.727583846680356,0.2,0.2,0,0
sv2-165,Corvisquire,Paldea Evolved,modern,Uncommon,90.0,1,2,70,0.13102826240640408,0.0,1.727583846680356,0.14,0.14,0,1
sv2-155,Farigiraf,Paldea Evolved,modern,Uncommon,140.0,2,2,130,0.12221763272424921,0.0,1.727583846680356,0.13,0.13,2,1
sv2-164,Rookidee,Paldea Evolved,modern,Common,60.0,1,1,10,0.10436001532424277,0.09999999999999987,1.727583846680356,0.1,0.11,0,2
sv2-166,Tandemaus,Paldea Evolved,modern,Common,30.0,1,2,30,0.1484200051182733,0.06666666666666665,1.727583846680356,0.15,0.16,0,1
sv2-167,Tandemaus,Paldea Evolved,modern,Common,40.0,1,2,20,0.15700374880966478,-0.19047619047619035,1.727583846680356,0.21,0.17,0,1
sv2-168,Maushold,Paldea Evolved,modern,Uncommon,60.0,1,2,50,0.18232155679395465,-0.04761904761904756,1.727583846680356,0.21,0.2,0,1
sv2-170,Flamigo,Paldea Evolved,modern,Uncommon,110.0,1,1,20,0.15700374880966478,-0.22727272727272718,1.727583846680356,0.22,0.17,0,2
sv2-169,Squawkabilly ex,Paldea Evolved,modern,Double Rare,160.0,1,1,20,0.7793248768009976,0.03508771929824572,1.727583846680356,1.14,1.18,0,2
sv2-195,Tropius,Paldea Evolved,modern,Illustration Rare,110.0,1,2,130,2.247072383063787,0.06818181818181834,1.727583846680356,7.92,8.46,2,1
sv2-198,Bramblin,Paldea Evolved,modern,Illustration Rare,50.0,1,1,10,2.362739015813793,0.1789215686274508,1.727583846680356,8.16,9.62,0,2
sv2-194,Heracross,Paldea Evolved,modern,Illustration Rare,130.0,3,2,110,3.039749158970765,-0.0005022601707684871,1.727583846680356,19.91,19.9,2,0
sv2-199,Fletchinder,Paldea Evolved,modern,Illustration Rare,80.0,1,1,50,2.4672517145492794,0.029580152671755622,1.727583846680356,10.48,10.79,0,2
sv2-200,Pyroar,Paldea Evolved,modern,Illustration Rare,120.0,2,2,60,2.7942278973432626,0.1489520958083832,1.727583846680356,13.36,15.35,2,0
sv2-201,Fuecoco,Paldea Evolved,modern,Illustration Rare,90.0,3,2,30,3.414442608412176,0.08008817046289485,1.727583846680356,27.22,29.4,2,0
sv2-202,Crocalor,Paldea Evolved,modern,Illustration Rare,110.0,3,2,70,2.6979998652487085,0.2776752767527675,1.727583846680356,10.84,13.85,2,1
sv2-203,Magikarp,Paldea Evolved,modern,Illustration Rare,30.0,1,1,10,5.626829433488073,0.12352344225695133,1.727583846680356,246.35,276.78,0,2
sv2-196,Sprigatito,Paldea Evolved,modern,Illustration Rare,60.0,1,2,10,3.2495989975110415,0.1335773101555353,1.727583846680356,21.86,24.78,0,1
sv2-197,Floragato,Paldea Evolved,modern,Illustration Rare,90.0,1,2,50,2.6919208191723265,0.056024558710667804,1.727583846680356,13.03,13.76,0,1
sv2-208,Frigibax,Paldea Evolved,modern,Illustration Rare,60.0,1,1,30,3.201526186533088,-0.28358662613981755,1.727583846680356,32.9,23.57,0,2
sv2-211,Raichu,Paldea Evolved,modern,Illustration Rare,140.0,1,2,200,3.962525987601253,0.008010941774130531,1.727583846680356,51.18,51.59,2,0
sv2-209,Arctibax,Paldea Evolved,modern,Illustration Rare,90.0,2,2,80,3.3357695763397,-0.4050493962678374,1.727583846680356,45.55,27.1,2,2
sv2-216,Tinkatink,Paldea Evolved,modern,Illustration Rare,60.0,1,2,30,2.6326080059353516,0.12260869565217392,1.727583846680356,11.5,12.91,0,1
sv2-217,Tinkatuff,Paldea Evolved,modern,Illustration Rare,90.0,2,2,60,2.7549337870010606,-0.016042780748663166,1.727583846680356,14.96,14.72,0,0
sv2-220,Nacli,Paldea Evolved,modern,Illustration Rare,70.0,3,2,30,1.9600947840472698,0.02866779089376048,1.727583846680356,5.93,6.1,0,1
sv2-222,Tyranitar,Paldea Evolved,modern,Illustration Rare,180.0,3,2,230,3.8969093676180977,0.029443140601664197,1.727583846680356,46.87,48.25,2,0
sv2-224,Orthworm,Paldea Evolved,modern,Illustration Rare,130.0,2,1,100,2.0215475632609334,0.18874773139745926,1.727583846680356,5.51,6.55,2,2
sv2-225,Rookidee,Paldea Evolved,modern,Illustration Rare,60.0,1,1,10,2.2844211223663744,0.11787072243346008,1.727583846680356,7.89,8.82,0,2
sv2-205,Eiscue,Paldea Evolved,modern,Illustration Rare,110.0,1,2,100,2.7593768282675506,0.034989503149055246,1.727583846680356,14.29,14.79,0,1
sv2-207,Quaxwell,Paldea Evolved,modern,Illustration Rare,90.0,1,2,50,2.174751721484161,0.14874815905743732,1.727583846680356,6.79,7.8,0,1
sv2-212,Mismagius,Paldea Evolved,modern,Illustration Rare,90.0,1,1,60,3.1271990362962967,-0.08821070234113726,1.727583846680356,23.92,21.81,0,2
sv2-214,Sandygast,Paldea Evolved,modern,Illustration Rare,90.0,3,2,40,2.390595970316759,-0.09406392694063925,1.727583846680356,10.95,9.92,0,1
sv2-219,Sudowoodo,Paldea Evolved,modern,Illustration Rare,110.0,1,2,90,2.8570447537800976,0.03207547169811309,1.727583846680356,15.9,16.41,0,1
sv2-223,Grafaiai,Paldea Evolved,modern,Illustration Rare,90.0,1,2,40,2.033397603178429,-0.03206997084548113,1.727583846680356,6.86,6.64,0,1
sv2-226,Maushold,Paldea Evolved,modern,Illustration Rare,60.0,1,2,50,3.4075107437187473,-0.05319493999351277,1.727583846680356,30.83,29.19,0,1
sv2-204,Marill,Paldea Evolved,modern,Illustration Rare,70.0,1,1,20,3.646754527813265,-0.01059602649006619,1.727583846680356,37.75,37.35,0,2
sv2-206,Quaxly,Paldea Evolved,modern,Illustration Rare,60.0,1,1,20,2.6858045921548905,0.13068651778329188,1.727583846680356,12.09,13.67,0,2
sv2-210,Baxcalibur,Paldea Evolved,modern,Illustration Rare,160.0,2,1,130,3.803769419987892,-0.212670495333812,1.727583846680356,55.72,43.87,2,0
sv2-213,Gothorita,Paldea Evolved,modern,Illustration Rare,90.0,1,2,40,2.206074192613202,0.0534550195567145,1.727583846680356,7.67,8.08,0,1
sv2-215,Rabsca,Paldea Evolved,modern,Illustration Rare,70.0,1,2,50,1.791759469228055,0.05263157894736836,1.727583846680356,4.75,5.0,0,1
sv2-218,Paldean Tauros,Paldea Evolved,modern,Illustration Rare,130.0,2,2,130,2.719319793360441,0.2289679098005204,1.727583846680356,11.53,14.17,2,0
sv2-221,Paldean Wooper,Paldea Evolved,modern,Illustration Rare,60.0,2,2,10,2.9992261628082466,1.0,1.727583846680356,8.97,19.07,0,1
sv2-230,Forretress ex,Paldea Evolved,modern,Ultra Rare,270.0,3,1,120,0.8020015854720274,-0.0390625,1.727583846680356,1.28,1.23,2,0
sv2-239,Dedenne ex,Paldea Evolved,modern,Ultra Rare,170.0,1,2,170,1.747459210331475,-0.048192771084337394,1.727583846680356,4.98,4.74,2,0
sv2-245,Copperajah ex,Paldea Evolved,modern,Ultra Rare,300.0,4,1,260,0.8544153281560676,0.03846153846153855,1.727583846680356,1.3,1.35,2,0
sv2-247,Squawkabilly ex,Paldea Evolved,modern,Ultra Rare,160.0,1,1,20,1.2947271675944,0.011450381679389166,1.727583846680356,2.62,2.65,0,2
sv2-257,Wo-Chien ex,Paldea Evolved,modern,Special Illustration Rare,230.0,4,2,220,2.4309783077624445,-0.033550792171481936,1.727583846680356,10.73,10.37,2,0
sv2-232,Wo-Chien ex,Paldea Evolved,modern,Ultra Rare,230.0,4,2,220,0.8754687373538999,-0.09090909090909094,1.727583846680356,1.54,1.4,2,0
sv2-235,Quaquaval ex,Paldea Evolved,modern,Ultra Rare,320.0,2,2,230,1.0438040521731147,0.06358381502890187,1.727583846680356,1.73,1.84,2,0
sv2-237,Bellibolt ex,Paldea Evolved,modern,Ultra Rare,280.0,3,2,160,1.3164082336557241,0.3448275862068966,1.727583846680356,2.03,2.73,2,0
sv2-238,Slowking ex,Paldea Evolved,modern,Ultra Rare,270.0,3,2,130,1.5789787049493917,0.0185185185185186,1.727583846680356,3.78,3.85,2,0
sv2-243,Ting-Lu ex,Paldea Evolved,modern,Ultra Rare,240.0,4,1,150,0.9242589015233319,0.027027027027026973,1.727583846680356,1.48,1.52,2,0
sv2-246,Noivern ex,Paldea Evolved,modern,Ultra Rare,260.0,0,2,140,1.1410330045520618,0.07575757575757569,1.727583846680356,1.98,2.13,2,0
sv2-256,Meowscarada ex,Paldea Evolved,modern,Special Illustration Rare,310.0,2,1,100,3.0937660138253564,0.05935613682092544,1.727583846680356,19.88,21.06,2,0
sv2-260,Quaquaval ex,Paldea Evolved,modern,Special Illustration Rare,320.0,2,2,230,2.766319109226186,0.1816019032513878,1.727583846680356,12.61,14.9,2,0
sv2-261,Chien-Pao ex,Paldea Evolved,modern,Special Illustration Rare,220.0,2,1,60,3.192531849528599,0.047085201793722,1.727583846680356,22.3,23.35,2,0
sv2-263,Ting-Lu ex,Paldea Evolved,modern,Special Illustration Rare,240.0,4,1,150,2.4553061800117097,0.013320647002854402,1.727583846680356,10.51,10.65,2,0
sv2-228,Farigiraf,Paldea Evolved,modern,Illustration Rare,140.0,2,2,130,2.474856313934499,0.09566968781470298,1.727583846680356,9.93,10.88,2,0
sv2-234,Chi-Yu ex,Paldea Evolved,modern,Ultra Rare,190.0,1,2,100,1.220829921392359,-0.06274509803921557,1.727583846680356,2.55,2.39,2,0
sv2-242,Annihilape ex,Paldea Evolved,modern,Ultra Rare,320.0,2,2,150,1.415853163361435,-0.11864406779661019,1.727583846680356,3.54,3.12,2,0
sv2-244,Paldean Clodsire ex,Paldea Evolved,modern,Ultra Rare,280.0,3,1,200,1.0438040521731147,0.1358024691358024,1.727583846680356,1.62,1.84,2,0
sv2-264,Squawkabilly ex,Paldea Evolved,modern,Special Illustration Rare,160.0,1,1,20,2.667922410011431,0.037122969837587005,1.727583846680356,12.93,13.41,0,0
sv2-227,Flamigo,Paldea Evolved,modern,Illustration Rare,110.0,1,1,20,2.253394848803274,0.17842323651452263,1.727583846680356,7.23,8.52,0,2
sv2-229,Dudunsparce,Paldea Evolved,modern,Illustration Rare,140.0,3,2,100,1.922787731634459,0.07352941176470584,1.727583846680356,5.44,5.84,2,0
sv2-231,Meowscarada ex,Paldea Evolved,modern,Ultra Rare,310.0,2,1,100,1.199964782928397,0.13170731707317085,1.727583846680356,2.05,2.32,2,0
sv2-233,Skeledirge ex,Paldea Evolved,modern,Ultra Rare,340.0,3,2,270,1.3001916620664788,0.03891050583657596,1.727583846680356,2.57,2.67,2,0
sv2-236,Chien-Pao ex,Paldea Evolved,modern,Ultra Rare,220.0,2,1,60,1.2383742310432684,-0.15807560137457044,1.727583846680356,2.91,2.45,2,0
sv2-240,Tinkaton ex,Paldea Evolved,modern,Ultra Rare,300.0,2,2,140,1.9878743481543455,0.15173674588665453,1.727583846680356,5.47,6.3,2,0
sv2-241,Lycanroc ex,Paldea Evolved,modern,Ultra Rare,260.0,2,2,140,0.9669838461896731,0.23484848484848464,1.727583846680356,1.32,1.63,2,0
sv2-258,Skeledirge ex,Paldea Evolved,modern,Special Illustration Rare,340.0,3,2,270,3.3463891451671604,0.12249078246620226,1.727583846680356,24.41,27.4,2,0
sv2-259,Chi-Yu ex,Paldea Evolved,modern,Special Illustration Rare,190.0,1,2,100,3.484925597192868,-0.007844367743959801,1.727583846680356,31.87,31.62,2,0
sv2-262,Tinkaton ex,Paldea Evolved,modern,Special Illustration Rare,300.0,2,2,140,3.4372078191851885,0.0016638935108153063,1.727583846680356,30.05,30.1,2,0
sv2-273,Quaquaval ex,Paldea Evolved,modern,Hyper Rare,320.0,2,2,230,1.7715567619105355,0.044967880085653,1.727583846680356,4.67,4.88,2,0
sv2-272,Skeledirge ex,Paldea Evolved,modern,Hyper Rare,340.0,3,2,270,1.8562979903656263,0.06508875739644981,1.727583846680356,5.07,5.4,2,0
sv2-271,Meowscarada ex,Paldea Evolved,modern,Hyper Rare,310.0,2,1,100,1.851599469584072,-0.0037105751391465214,1.727583846680356,5.39,5.37,2,0
sv2-275,Ting-Lu ex,Paldea Evolved,modern,Hyper Rare,240.0,4,1,150,1.5040773967762742,0.18644067796610164,1.727583846680356,2.95,3.5,2,0
sv2-274,Chien-Pao ex,Paldea Evolved,modern,Hyper Rare,220.0,2,1,60,1.9459101490553132,0.19521912350597614,1.727583846680356,5.02,6.0,2,0
sv3-6,Surskit,Obsidian Flames,modern,Common,60.0,1,1,20,0.10436001532424277,0.09999999999999987,1.5550992470910336,0.1,0.11,0,2
sv3-2,Gloom,Obsidian Flames,modern,Common,80.0,2,2,20,0.19062035960864973,0.10526315789473673,1.5550992470910336,0.19,0.21,0,1
sv3-1,Oddish,Obsidian Flames,modern,Common,50.0,1,2,10,0.08617769624105233,0.0,1.5550992470910336,0.09,0.09,0,1
sv3-11,Phantump,Obsidian Flames,modern,Common,60.0,1,1,20,0.08617769624105233,-0.10000000000000009,1.5550992470910336,0.1,0.09,0,2
sv3-17,Steenee,Obsidian Flames,modern,Common,90.0,1,2,60,0.11332868530700317,-0.07692307692307698,1.5550992470910336,0.13,0.12,0,1
sv3-27,Charmeleon,Obsidian Flames,modern,Uncommon,90.0,2,1,70,0.4252677354043441,0.5142857142857145,1.5550992470910336,0.35,0.53,0,1
sv3-32,Camerupt,Obsidian Flames,modern,Uncommon,140.0,3,2,120,0.2776317365982795,0.8823529411764706,1.5550992470910336,0.17,0.32,2,1
sv3-33,Victini ex,Obsidian Flames,modern,Double Rare,190.0,1,2,220,0.7030975114131134,0.5454545454545454,1.5550992470910336,0.66,1.02,2,0
sv3-35,Darmanitan,Obsidian Flames,modern,Uncommon,140.0,3,2,140,0.3506568716131694,1.0,1.5550992470910336,0.16,0.42,2,1
sv3-4,Scyther,Obsidian Flames,modern,Common,80.0,1,2,20,0.12221763272424921,-0.07142857142857151,1.5550992470910336,0.14,0.13,0,1
sv3-9,Foongus,Obsidian Flames,modern,Common,50.0,1,2,20,0.09531017980432487,0.4285714285714286,1.5550992470910336,0.07,0.1,0,1
sv3-24,Capsakid,Obsidian Flames,modern,Common,70.0,2,1,50,0.18232155679395465,-0.04761904761904756,1.5550992470910336,0.21,0.2,0,2
sv3-25,Scovillain,Obsidian Flames,modern,Rare,110.0,2,1,110,0.17395330712343804,-0.050000000000000044,1.5550992470910336,0.2,0.19,0,2
sv3-31,Numel,Obsidian Flames,modern,Common,90.0,3,1,20,0.09531017980432487,-0.16666666666666663,1.5550992470910336,0.12,0.1,0,2
sv3-34,Darumaka,Obsidian Flames,modern,Common,80.0,2,2,70,0.09531017980432487,-0.09090909090909083,1.5550992470910336,0.11,0.1,0,1
sv3-8,Combee,Obsidian Flames,modern,Common,50.0,1,2,20,0.08617769624105233,-0.10000000000000009,1.5550992470910336,0.1,0.09,0,1
sv3-3,Bellossom,Obsidian Flames,modern,Uncommon,130.0,1,2,90,0.19062035960864973,-0.125,1.5550992470910336,0.24,0.21,0,1
sv3-5,Shuckle,Obsidian Flames,modern,Common,80.0,1,2,30,0.2151113796169455,0.04347826086956519,1.5550992470910336,0.23,0.24,0,1
sv3-7,Masquerain,Obsidian Flames,modern,Uncommon,100.0,1,2,70,0.18232155679395465,0.0,1.5550992470910336,0.2,0.2,0,1
sv3-10,Amoonguss,Obsidian Flames,modern,Uncommon,110.0,2,1,60,0.19062035960864973,0.0,1.5550992470910336,0.21,0.21,0,2
sv3-12,Trevenant,Obsidian Flames,modern,Uncommon,140.0,3,1,100,0.2151113796169455,0.4117647058823528,1.5550992470910336,0.17,0.24,2,1
sv3-15,Decidueye ex,Obsidian Flames,modern,Double Rare,320.0,2,1,130,0.7929925155296614,0.44047619047619047,1.5550992470910336,0.84,1.21,2,0
sv3-16,Bounsweet,Obsidian Flames,modern,Common,60.0,1,2,30,0.10436001532424277,0.0,1.5550992470910336,0.11,0.11,0,1
sv3-18,Tsareena,Obsidian Flames,modern,Uncommon,160.0,2,2,160,0.37156355643248307,0.8750000000000002,1.5550992470910336,0.24,0.45,2,1
sv3-19,Smoliv,Obsidian Flames,modern,Common,50.0,1,1,10,0.11332868530700317,0.09090909090909083,1.5550992470910336,0.11,0.12,0,2
sv3-20,Dolliv,Obsidian Flames,modern,Common,80.0,1,1,30,0.16551443847757338,-0.052631578947368474,1.5550992470910336,0.19,0.18,0,2
sv3-22,Toedscruel ex,Obsidian Flames,modern,Double Rare,270.0,2,1,80,0.5187937934151675,-0.02857142857142847,1.5550992470910336,0.7,0.68,2,0
sv3-28,Vulpix,Obsidian Flames,modern,Common,60.0,1,2,20,0.1484200051182733,0.1428571428571428,1.5550992470910336,0.14,0.16,0,1
sv3-13,Rowlet,Obsidian Flames,modern,Common,70.0,1,1,20,0.12221763272424921,0.0,1.5550992470910336,0.13,0.13,0,2
sv3-14,Dartrix,Obsidian Flames,modern,Uncommon,90.0,1,1,40,0.19062035960864973,0.23529411764705865,1.5550992470910336,0.17,0.21,0,2
sv3-21,Arboliva,Obsidian Flames,modern,Uncommon,140.0,2,2,90,0.18232155679395465,-0.04761904761904756,1.5550992470910336,0.21,0.2,0,1
sv3-23,Capsakid,Obsidian Flames,modern,Common,50.0,1,1,30,0.19062035960864973,0.10526315789473673,1.5550992470910336,0.19,0.21,0,2
sv3-26,Charmander,Obsidian Flames,modern,Common,60.0,1,1,30,0.29266961396282,-0.20930232558139528,1.5550992470910336,0.43,0.34,0,2
sv3-29,Ninetales,Obsidian Flames,modern,Uncommon,120.0,1,2,20,0.3987761199573678,0.6333333333333333,1.5550992470910336,0.3,0.49,0,1
sv3-30,Entei,Obsidian Flames,modern,Rare,130.0,2,1,60,0.22314355131420976,0.08695652173913038,1.5550992470910336,0.23,0.25,0,2
sv3-36,Litwick,Obsidian Flames,modern,Common,60.0,1,1,10,0.1988508587451652,0.04761904761904767,1.5550992470910336,0.21,0.22,0,2
sv3-42,Eiscue ex,Obsidian Flames,modern,Double Rare,210.0,2,1,160,0.5877866649021191,-0.1578947368421052,1.5550992470910336,0.95,0.8,2,0
sv3-45,Lapras,Obsidian Flames,modern,Uncommon,110.0,1,2,100,0.2468600779315258,0.3333333333333335,1.5550992470910336,0.21,0.28,0,1
sv3-48,Buizel,Obsidian Flames,modern,Common,70.0,1,1,10,0.12221763272424921,0.18181818181818188,1.5550992470910336,0.11,0.13,0,2
sv3-54,Beartic,Obsidian Flames,modern,Uncommon,150.0,3,2,170,0.1484200051182733,0.0,1.5550992470910336,0.16,0.16,2,0
sv3-58,Wiglett,Obsidian Flames,modern,Common,60.0,1,1,10,0.09531017980432487,-0.16666666666666663,1.5550992470910336,0.12,0.1,0,2
sv3-60,Finizen,Obsidian Flames,modern,Common,50.0,2,2,10,0.41871033485818504,0.44444444444444464,1.5550992470910336,0.36,0.52,0,1
sv3-62,Palafin,Obsidian Flames,modern,Rare,150.0,2,2,210,0.20701416938432615,-0.07999999999999996,1.5550992470910336,0.25,0.23,2,0
sv3-64,Magneton,Obsidian Flames,modern,Common,90.0,2,2,60,0.19062035960864973,0.0,1.5550992470910336,0.21,0.21,0,1
sv3-65,Magnezone,Obsidian Flames,modern,Uncommon,170.0,2,2,180,0.18232155679395465,0.0,1.5550992470910336,0.2,0.2,2,1
sv3-70,Thundurus,Obsidian Flames,modern,Rare,110.0,2,1,140,0.19062035960864973,0.04999999999999982,1.5550992470910336,0.2,0.21,0,0
sv3-71,Toxel,Obsidian Flames,modern,Common,70.0,1,1,30,0.11332868530700317,0.09090909090909083,1.5550992470910336,0.11,0.12,0,2
sv3-74,Tadbulb,Obsidian Flames,modern,Common,50.0,1,2,30,0.15700374880966478,-0.05555555555555547,1.5550992470910336,0.18,0.17,0,1
sv3-82,Clefable ex,Obsidian Flames,modern,Double Rare,260.0,2,1,170,0.8628899551470398,0.03007518796992481,1.5550992470910336,1.33,1.37,2,0
sv3-86,Espeon,Obsidian Flames,modern,Uncommon,110.0,1,2,60,0.688134638736401,0.03125,1.5550992470910336,0.96,0.99,0,1
sv3-88,Granbull,Obsidian Flames,modern,Uncommon,130.0,2,2,160,0.18232155679395465,0.05263157894736836,1.5550992470910336,0.19,0.2,2,0
sv3-94,Baltoy,Obsidian Flames,modern,Common,70.0,2,1,10,0.09531017980432487,0.0,1.5550992470910336,0.1,0.1,0,2
sv3-95,Claydol,Obsidian Flames,modern,Rare,120.0,2,2,30,0.15700374880966478,-0.05555555555555547,1.5550992470910336,0.18,0.17,0,1
sv3-96,Vespiquen ex,Obsidian Flames,modern,Double Rare,270.0,2,2,200,0.712949807856125,0.23809523809523814,1.5550992470910336,0.84,1.04,2,0
sv3-97,Sinistea,Obsidian Flames,modern,Common,30.0,1,1,10,0.1988508587451652,0.4666666666666668,1.5550992470910336,0.15,0.22,0,1
sv3-103,Diglett,Obsidian Flames,modern,Common,50.0,1,1,30,0.10436001532424277,0.0,1.5550992470910336,0.11,0.11,0,2
sv3-108,Barboach,Obsidian Flames,modern,Common,70.0,2,2,20,0.10436001532424277,-0.08333333333333326,1.5550992470910336,0.12,0.11,0,1
sv3-109,Whiscash,Obsidian Flames,modern,Uncommon,140.0,3,2,140,0.19062035960864973,0.16666666666666674,1.5550992470910336,0.18,0.21,2,1
sv3-114,Crabrawler,Obsidian Flames,modern,Common,90.0,3,2,60,0.08617769624105233,0.0,1.5550992470910336,0.09,0.09,0,1
sv3-115,Crabominable,Obsidian Flames,modern,Uncommon,160.0,4,2,170,0.2151113796169455,0.4117647058823528,1.5550992470910336,0.17,0.24,2,1
sv3-116,Rockruff,Obsidian Flames,modern,Common,60.0,1,1,20,0.09531017980432487,-0.2857142857142857,1.5550992470910336,0.14,0.1,0,2
sv3-117,Lycanroc,Obsidian Flames,modern,Uncommon,130.0,2,2,100,0.16551443847757338,0.125,1.5550992470910336,0.16,0.18,0,1
sv3-121,Glimmet,Obsidian Flames,modern,Common,60.0,1,2,10,0.16551443847757338,-0.1428571428571429,1.5550992470910336,0.21,0.18,0,1
sv3-127,Paldean Wooper,Obsidian Flames,modern,Common,70.0,2,1,30,0.1988508587451652,0.0,1.5550992470910336,0.22,0.22,0,2
sv3-129,Paldean Clodsire,Obsidian Flames,modern,Uncommon,140.0,3,2,80,0.23111172096338664,-0.03703703703703709,1.5550992470910336,0.27,0.26,2,0
sv3-39,Heatmor,Obsidian Flames,modern,Common,110.0,1,1,30,0.08617769624105233,0.0,1.5550992470910336,0.09,0.09,0,2
sv3-49,Floatzel,Obsidian Flames,modern,Uncommon,110.0,1,2,60,0.3435897043900769,1.0,1.5550992470910336,0.19,0.41,0,1
sv3-50,Tympole,Obsidian Flames,modern,Common,70.0,1,1,10,0.13102826240640408,0.16666666666666674,1.5550992470910336,0.12,0.14,0,2
sv3-53,Cubchoo,Obsidian Flames,modern,Common,70.0,2,2,20,0.08617769624105233,0.0,1.5550992470910336,0.09,0.09,0,1
sv3-55,Cryogonal,Obsidian Flames,modern,Common,90.0,1,1,30,0.08617769624105233,-0.10000000000000009,1.5550992470910336,0.1,0.09,0,2
sv3-63,Magnemite,Obsidian Flames,modern,Common,60.0,1,2,20,0.09531017980432487,-0.09090909090909083,1.5550992470910336,0.11,0.1,0,1
sv3-66,Tyranitar ex,Obsidian Flames,modern,Double Rare,340.0,4,2,150,0.6678293725756554,0.05555555555555558,1.5550992470910336,0.9,0.95,2,0
sv3-67,Tynamo,Obsidian Flames,modern,Common,40.0,1,2,30,0.10436001532424277,0.0,1.5550992470910336,0.11,0.11,0,1
sv3-68,Eelektrik,Obsidian Flames,modern,Common,90.0,2,2,60,0.22314355131420976,-0.03846153846153855,1.5550992470910336,0.26,0.25,0,1
sv3-69,Eelektross,Obsidian Flames,modern,Uncommon,160.0,3,2,130,0.18232155679395465,-0.04761904761904756,1.5550992470910336,0.21,0.2,2,0
sv3-76,Tadbulb,Obsidian Flames,modern,Common,60.0,2,1,20,0.1988508587451652,0.09999999999999987,1.5550992470910336,0.2,0.22,0,2
sv3-80,Cleffa,Obsidian Flames,modern,Common,30.0,0,1,0,0.4762341789963716,-0.10294117647058831,1.5550992470910336,0.68,0.61,0,2
sv3-81,Clefairy,Obsidian Flames,modern,Common,60.0,1,1,30,0.12221763272424921,-0.1333333333333333,1.5550992470910336,0.15,0.13,0,2
sv3-83,Togepi,Obsidian Flames,modern,Common,50.0,1,2,20,0.13102826240640408,-0.06666666666666654,1.5550992470910336,0.15,0.14,0,1
sv3-85,Togekiss,Obsidian Flames,modern,Rare,150.0,0,1,110,0.16551443847757338,0.0,1.5550992470910336,0.18,0.18,0,2
sv3-87,Snubbull,Obsidian Flames,modern,Common,80.0,2,2,30,0.12221763272424921,0.18181818181818188,1.5550992470910336,0.11,0.13,0,1
sv3-92,Lunatone,Obsidian Flames,modern,Uncommon,90.0,1,1,100,0.2151113796169455,-0.040000000000000036,1.5550992470910336,0.25,0.24,0,2
sv3-100,Greavard,Obsidian Flames,modern,Common,80.0,3,1,30,0.11332868530700317,-0.19999999999999996,1.5550992470910336,0.15,0.12,0,2
sv3-105,Larvitar,Obsidian Flames,modern,Common,70.0,1,2,30,0.12221763272424921,0.08333333333333348,1.5550992470910336,0.12,0.13,0,1
sv3-106,Pupitar,Obsidian Flames,modern,Uncommon,80.0,1,2,60,0.18232155679395465,0.11111111111111116,1.5550992470910336,0.18,0.2,0,1
sv3-119,Toedscruel,Obsidian Flames,modern,Uncommon,130.0,2,2,100,0.16551443847757338,0.0588235294117645,1.5550992470910336,0.17,0.18,0,1
sv3-124,Koraidon ex,Obsidian Flames,modern,Double Rare,230.0,2,2,230,0.5877866649021191,-0.14893617021276584,1.5550992470910336,0.94,0.8,2,0
sv3-37,Lampent,Obsidian Flames,modern,Common,80.0,1,2,20,0.18232155679395465,0.05263157894736836,1.5550992470910336,0.19,0.2,0,1
sv3-41,Volcarona,Obsidian Flames,modern,Uncommon,140.0,2,2,130,0.1988508587451652,0.09999999999999987,1.5550992470910336,0.2,0.22,2,1
sv3-44,Armarouge,Obsidian Flames,modern,Uncommon,120.0,1,1,70,0.3506568716131694,1.0,1.5550992470910336,0.18,0.42,0,1
sv3-47,Sharpedo,Obsidian Flames,modern,Uncommon,120.0,1,2,60,0.17395330712343804,0.0,1.5550992470910336,0.19,0.19,0,1
sv3-52,Seismitoad,Obsidian Flames,modern,Uncommon,170.0,3,1,120,0.3646431135879093,1.0,1.5550992470910336,0.2,0.44,2,1
sv3-72,Toxtricity,Obsidian Flames,modern,Rare,140.0,2,2,50,0.18232155679395465,0.17647058823529416,1.5550992470910336,0.17,0.2,0,1
sv3-77,Bellibolt,Obsidian Flames,modern,Uncommon,130.0,2,1,70,0.16551443847757338,-0.25,1.5550992470910336,0.24,0.18,0,2
sv3-89,Mawile,Obsidian Flames,modern,Common,100.0,2,1,30,0.12221763272424921,0.18181818181818188,1.5550992470910336,0.11,0.13,0,2
sv3-90,Spoink,Obsidian Flames,modern,Common,70.0,1,2,20,0.12221763272424921,0.30000000000000004,1.5550992470910336,0.1,0.13,0,1
sv3-99,Greavard,Obsidian Flames,modern,Common,70.0,2,2,20,0.1484200051182733,-0.23809523809523803,1.5550992470910336,0.21,0.16,0,1
sv3-107,Nosepass,Obsidian Flames,modern,Common,90.0,3,2,30,0.11332868530700317,0.09090909090909083,1.5550992470910336,0.11,0.12,0,1
sv3-110,Bonsly,Obsidian Flames,modern,Common,30.0,0,1,10,0.13102826240640408,-0.06666666666666654,1.5550992470910336,0.15,0.14,0,2
sv3-111,Drilbur,Obsidian Flames,modern,Common,70.0,2,1,10,0.08617769624105233,0.0,1.5550992470910336,0.09,0.09,0,2
sv3-112,Stunfisk,Obsidian Flames,modern,Uncommon,120.0,3,1,30,0.18232155679395465,0.11111111111111116,1.5550992470910336,0.18,0.2,0,2
sv3-120,Klawf ex,Obsidian Flames,modern,Double Rare,220.0,3,1,100,0.5877866649021191,-0.14893617021276584,1.5550992470910336,0.94,0.8,2,0
sv3-128,Paldean Clodsire,Obsidian Flames,modern,Uncommon,140.0,3,2,100,0.23111172096338664,-0.07142857142857151,1.5550992470910336,0.28,0.26,2,0
sv3-38,Chandelure,Obsidian Flames,modern,Uncommon,150.0,2,2,150,0.2151113796169455,-0.040000000000000036,1.5550992470910336,0.25,0.24,2,1
sv3-40,Larvesta,Obsidian Flames,modern,Common,80.0,2,2,40,0.1397619423751587,0.25,1.5550992470910336,0.12,0.15,0,1
sv3-43,Charcadet,Obsidian Flames,modern,Common,70.0,1,2,20,0.3074846997479606,1.0,1.5550992470910336,0.11,0.36,0,1
sv3-46,Carvanha,Obsidian Flames,modern,Common,50.0,1,1,20,0.10436001532424277,-0.15384615384615385,1.5550992470910336,0.13,0.11,0,2
sv3-51,Palpitoad,Obsidian Flames,modern,Common,100.0,2,1,50,0.3506568716131694,1.0,1.5550992470910336,0.21,0.42,0,1
sv3-56,Froakie,Obsidian Flames,modern,Common,70.0,1,1,30,0.1397619423751587,0.0,1.5550992470910336,0.15,0.15,0,2
sv3-57,Frogadier,Obsidian Flames,modern,Uncommon,90.0,1,1,40,0.17395330712343804,0.05555555555555558,1.5550992470910336,0.18,0.19,0,2
sv3-59,Wugtrio,Obsidian Flames,modern,Uncommon,90.0,1,1,50,0.18232155679395465,0.17647058823529416,1.5550992470910336,0.17,0.2,0,2
sv3-61,Finizen,Obsidian Flames,modern,Common,90.0,2,1,30,0.19062035960864973,0.10526315789473673,1.5550992470910336,0.19,0.21,0,2
sv3-73,Pawmot ex,Obsidian Flames,modern,Double Rare,300.0,0,2,60,0.4054651081081644,0.0,1.5550992470910336,0.5,0.5,2,0
sv3-75,Tadbulb,Obsidian Flames,modern,Common,60.0,1,1,40,0.17395330712343804,0.05555555555555558,1.5550992470910336,0.18,0.19,0,2
sv3-78,Bellibolt,Obsidian Flames,modern,Uncommon,140.0,3,1,100,0.1988508587451652,0.1578947368421053,1.5550992470910336,0.19,0.22,2,0
sv3-79,Miraidon ex,Obsidian Flames,modern,Double Rare,220.0,0,2,150,0.832909122935104,0.1304347826086958,1.5550992470910336,1.15,1.3,2,0
sv3-84,Togetic,Obsidian Flames,modern,Uncommon,90.0,1,2,40,0.2151113796169455,0.04347826086956519,1.5550992470910336,0.23,0.24,0,1
sv3-91,Grumpig,Obsidian Flames,modern,Uncommon,120.0,1,2,100,0.18232155679395465,-0.16666666666666663,1.5550992470910336,0.24,0.2,0,1
sv3-93,Solrock,Obsidian Flames,modern,Uncommon,90.0,1,2,50,0.17395330712343804,0.1875,1.5550992470910336,0.16,0.19,0,1
sv3-98,Polteageist,Obsidian Flames,modern,Uncommon,70.0,2,2,0,0.1988508587451652,0.1578947368421053,1.5550992470910336,0.19,0.22,0,1
sv3-101,Houndstone,Obsidian Flames,modern,Uncommon,140.0,3,2,80,0.17395330712343804,-0.050000000000000044,1.5550992470910336,0.2,0.19,2,0
sv3-102,Houndstone ex,Obsidian Flames,modern,Double Rare,260.0,3,2,160,0.6205764877251099,0.0,1.5550992470910336,0.86,0.86,2,0
sv3-104,Dugtrio,Obsidian Flames,modern,Uncommon,90.0,1,1,50,0.19062035960864973,0.04999999999999982,1.5550992470910336,0.2,0.21,0,2
sv3-113,Diggersby,Obsidian Flames,modern,Uncommon,140.0,4,2,120,0.16551443847757338,0.125,1.5550992470910336,0.16,0.18,2,0
sv3-118,Toedscool,Obsidian Flames,modern,Common,60.0,1,2,20,0.07696104113612832,0.0,1.5550992470910336,0.08,0.08,0,1
sv3-122,Glimmet,Obsidian Flames,modern,Common,70.0,2,1,20,0.17395330712343804,0.05555555555555558,1.5550992470910336,0.18,0.19,0,2
sv3-123,Glimmora ex,Obsidian Flames,modern,Double Rare,270.0,3,1,140,0.5709795465857378,-0.10465116279069764,1.5550992470910336,0.86,0.77,2,0
sv3-125,Charizard ex,Obsidian Flames,modern,Double Rare,330.0,2,1,180,1.5686159179138452,0.0382513661202184,1.5550992470910336,3.66,3.8,2,0
sv3-126,Paldean Wooper,Obsidian Flames,modern,Common,60.0,1,1,0,0.11332868530700317,-0.07692307692307698,1.5550992470910336,0.13,0.12,0,2
sv3-132,Houndour,Obsidian Flames,modern,Common,70.0,1,2,70,0.20701416938432615,0.0,1.5550992470910336,0.23,0.23,0,1
sv3-131,Houndour,Obsidian Flames,modern,Common,50.0,1,2,30,0.1988508587451652,0.09999999999999987,1.5550992470910336,0.2,0.22,0,1
sv3-133,Houndoom,Obsidian Flames,modern,Uncommon,130.0,2,2,130,0.22314355131420976,0.0,1.5550992470910336,0.25,0.25,2,1
sv3-141,Scizor,Obsidian Flames,modern,Rare,140.0,2,2,70,0.19062035960864973,-0.125,1.5550992470910336,0.24,0.21,0,1
sv3-136,Darkrai,Obsidian Flames,modern,Rare,130.0,2,2,120,0.15700374880966478,-0.19047619047619035,1.5550992470910336,0.21,0.17,2,1
sv3-142,Skarmory,Obsidian Flames,modern,Uncommon,120.0,1,2,120,0.16551443847757338,-0.10000000000000009,1.5550992470910336,0.2,0.18,0,1
sv3-139,Salandit,Obsidian Flames,modern,Common,70.0,1,2,30,0.08617769624105233,-0.10000000000000009,1.5550992470910336,0.1,0.09,0,1
sv3-151,Togedemaru,Obsidian Flames,modern,Common,80.0,1,2,50,0.11332868530700317,-0.07692307692307698,1.5550992470910336,0.13,0.12,0,1
sv3-144,Bronzor,Obsidian Flames,modern,Common,70.0,2,2,30,0.09531017980432487,0.0,1.5550992470910336,0.1,0.1,0,1
sv3-152,Meltan,Obsidian Flames,modern,Common,70.0,1,1,20,0.09531017980432487,-0.23076923076923073,1.5550992470910336,0.13,0.1,0,2
sv3-145,Bronzong,Obsidian Flames,modern,Uncommon,140.0,3,2,70,0.1484200051182733,0.06666666666666665,1.5550992470910336,0.15,0.16,2,1
sv3-153,Melmetal ex,Obsidian Flames,modern,Double Rare,300.0,4,2,90,0.5877866649021191,0.025641025641025772,1.5550992470910336,0.78,0.8,2,0
sv3-149,Bisharp,Obsidian Flames,modern,Common,110.0,2,2,50,0.1988508587451652,-0.0434782608695653,1.5550992470910336,0.23,0.22,0,1
sv3-158,Dragonair,Obsidian Flames,modern,Uncommon,100.0,2,2,70,0.2546422183735807,0.1153846153846152,1.5550992470910336,0.26,0.29,0,1
sv3-150,Kingambit,Obsidian Flames,modern,Uncommon,180.0,4,2,140,0.22314355131420976,0.08695652173913038,1.5550992470910336,0.23,0.25,2,0
sv3-162,Pidgey,Obsidian Flames,modern,Common,60.0,1,1,20,0.2776317365982795,-0.1351351351351351,1.5550992470910336,0.37,0.32,0,2
sv3-137,Inkay,Obsidian Flames,modern,Common,60.0,1,1,30,0.11332868530700317,0.09090909090909083,1.5550992470910336,0.11,0.12,0,2
sv3-130,Umbreon,Obsidian Flames,modern,Uncommon,110.0,1,2,140,1.0543120297715298,-0.2008547008547008,1.5550992470910336,2.34,1.87,0,1
sv3-138,Malamar,Obsidian Flames,modern,Uncommon,120.0,2,1,90,0.17395330712343804,-0.17391304347826086,1.5550992470910336,0.23,0.19,0,2
sv3-140,Salazzle,Obsidian Flames,modern,Uncommon,120.0,1,2,70,0.15700374880966478,0.0625,1.5550992470910336,0.16,0.17,0,1
sv3-143,Mawile,Obsidian Flames,modern,Uncommon,90.0,1,1,90,0.15700374880966478,0.0625,1.5550992470910336,0.16,0.17,0,2
sv3-147,Excadrill,Obsidian Flames,modern,Uncommon,120.0,2,1,60,0.16551443847757338,0.0,1.5550992470910336,0.18,0.18,0,2
sv3-157,Dratini,Obsidian Flames,modern,Common,70.0,1,1,20,0.1397619423751587,-0.0625,1.5550992470910336,0.16,0.15,0,2
sv3-159,Dragonite ex,Obsidian Flames,modern,Double Rare,330.0,2,2,140,0.9477893989335261,-0.1459459459459459,1.5550992470910336,1.85,1.58,2,0
sv3-161,Drampa,Obsidian Flames,modern,Uncommon,120.0,2,1,60,0.1988508587451652,-0.0434782608695653,1.5550992470910336,0.23,0.22,0,2
sv3-134,Houndoom ex,Obsidian Flames,modern,Double Rare,270.0,2,2,220,0.6471032420585384,-0.010869565217391353,1.5550992470910336,0.92,0.91,2,0
sv3-135,Absol ex,Obsidian Flames,modern,Double Rare,210.0,1,2,100,0.5653138090500605,-0.15555555555555556,1.5550992470910336,0.9,0.76,2,0
sv3-146,Probopass,Obsidian Flames,modern,Uncommon,150.0,4,2,160,0.1484200051182733,-0.1578947368421053,1.5550992470910336,0.19,0.16,2,0
sv3-148,Pawniard,Obsidian Flames,modern,Common,70.0,1,1,10,0.10436001532424277,-0.08333333333333326,1.5550992470910336,0.12,0.11,0,2
sv3-154,Varoom,Obsidian Flames,modern,Common,60.0,1,1,10,0.17395330712343804,0.0,1.5550992470910336,0.19,0.19,0,2
sv3-155,Varoom,Obsidian Flames,modern,Common,70.0,2,1,30,0.17395330712343804,-0.050000000000000044,1.5550992470910336,0.2,0.19,0,2
sv3-156,Revavroom ex,Obsidian Flames,modern,Double Rare,280.0,1,1,170,0.4510756193602166,-0.17391304347826086,1.5550992470910336,0.69,0.57,2,0
sv3-160,Altaria,Obsidian Flames,modern,Uncommon,120.0,1,2,110,0.18232155679395465,-0.16666666666666663,1.5550992470910336,0.24,0.2,0,1
sv3-164,Pidgeot ex,Obsidian Flames,modern,Double Rare,280.0,0,1,120,1.528227857008557,-0.06718346253229979,1.5550992470910336,3.87,3.61,2,0
sv3-165,Kangaskhan,Obsidian Flames,modern,Uncommon,130.0,2,2,60,0.18232155679395465,-0.04761904761904756,1.5550992470910336,0.21,0.2,0,1
sv3-163,Pidgeotto,Obsidian Flames,modern,Uncommon,90.0,1,1,40,0.27002713721306015,-0.08823529411764708,1.5550992470910336,0.34,0.31,0,2
sv3-166,Eevee,Obsidian Flames,modern,Common,70.0,1,2,20,0.1988508587451652,0.0,1.5550992470910336,0.22,0.22,0,1
sv3-168,Linoone,Obsidian Flames,modern,Uncommon,110.0,0,2,150,0.16551443847757338,0.0588235294117645,1.5550992470910336,0.17,0.18,0,1
sv3-167,Zigzagoon,Obsidian Flames,modern,Common,70.0,1,2,20,0.10436001532424277,-0.08333333333333326,1.5550992470910336,0.12,0.11,0,1
sv3-169,Swablu,Obsidian Flames,modern,Common,50.0,1,2,20,0.09531017980432487,-0.2857142857142857,1.5550992470910336,0.14,0.1,0,1
sv3-170,Lillipup,Obsidian Flames,modern,Common,50.0,1,1,20,0.13102826240640408,0.27272727272727293,1.5550992470910336,0.11,0.14,0,2
sv3-174,Bouffalant,Obsidian Flames,modern,Uncommon,120.0,2,1,50,0.19062035960864973,0.23529411764705865,1.5550992470910336,0.17,0.21,0,2
sv3-176,Yungoos,Obsidian Flames,modern,Common,70.0,1,1,10,0.09531017980432487,0.0,1.5550992470910336,0.1,0.1,0,2
sv3-179,Greedent ex,Obsidian Flames,modern,Double Rare,260.0,2,2,210,0.4824261492442927,-0.13888888888888884,1.5550992470910336,0.72,0.62,2,0
sv3-181,Lechonk,Obsidian Flames,modern,Common,70.0,2,1,20,0.1988508587451652,-0.08333333333333326,1.5550992470910336,0.24,0.22,0,2
sv3-175,Bunnelby,Obsidian Flames,modern,Common,70.0,1,1,10,0.12221763272424921,0.0,1.5550992470910336,0.13,0.13,0,2
sv3-177,Gumshoos,Obsidian Flames,modern,Uncommon,120.0,2,2,60,0.15700374880966478,0.0,1.5550992470910336,0.17,0.17,0,1
sv3-180,Lechonk,Obsidian Flames,modern,Common,60.0,1,1,20,0.20701416938432615,-0.14814814814814814,1.5550992470910336,0.27,0.23,0,2
sv3-172,Stoutland,Obsidian Flames,modern,Uncommon,160.0,3,2,140,0.18232155679395465,0.11111111111111116,1.5550992470910336,0.18,0.2,2,1
sv3-173,Audino,Obsidian Flames,modern,Common,100.0,1,2,80,0.1484200051182733,-0.05882352941176472,1.5550992470910336,0.17,0.16,0,1
sv3-184,Oinkologne,Obsidian Flames,modern,Uncommon,130.0,2,2,70,0.22314355131420976,-0.07407407407407418,1.5550992470910336,0.27,0.25,0,1
sv3-185,Flamigo,Obsidian Flames,modern,Uncommon,120.0,2,2,60,0.17395330712343804,-0.09523809523809523,1.5550992470910336,0.21,0.19,0,1
sv3-171,Herdier,Obsidian Flames,modern,Common,90.0,2,2,50,0.16551443847757338,-0.10000000000000009,1.5550992470910336,0.2,0.18,0,1
sv3-178,Skwovet,Obsidian Flames,modern,Common,60.0,1,2,10,0.10436001532424277,-0.15384615384615385,1.5550992470910336,0.13,0.11,0,1
sv3-182,Lechonk,Obsidian Flames,modern,Common,70.0,2,2,20,0.12221763272424921,-0.1333333333333333,1.5550992470910336,0.15,0.13,0,1
sv3-183,Oinkologne,Obsidian Flames,modern,Uncommon,120.0,2,2,160,0.3646431135879093,1.0,1.5550992470910336,0.22,0.44,2,1
sv3-200,Palafin,Obsidian Flames,modern,Illustration Rare,150.0,2,2,210,1.9960599327407849,-0.06470588235294106,1.5550992470910336,6.8,6.36,2,0
sv3-212,Vespiquen ex,Obsidian Flames,modern,Ultra Rare,270.0,2,2,200,0.712949807856125,-0.00952380952380949,1.5550992470910336,1.05,1.04,2,0
sv3-199,Ninetales,Obsidian Flames,modern,Illustration Rare,120.0,1,2,20,3.4378506993101907,-0.12288875946418176,1.5550992470910336,34.34,30.12,0,1
sv3-215,Charizard ex,Obsidian Flames,modern,Ultra Rare,330.0,2,1,180,2.5305171610400525,-0.08399366085578441,1.5550992470910336,12.62,11.56,2,0
sv3-202,Cleffa,Obsidian Flames,modern,Illustration Rare,30.0,0,1,0,3.3439213138424253,-0.12291399229781774,1.5550992470910336,31.16,27.33,0,2
sv3-217,Pidgeot ex,Obsidian Flames,modern,Ultra Rare,280.0,0,1,120,1.6370530794670737,0.23582089552238794,1.5550992470910336,3.35,4.14,2,0
sv3-203,Larvitar,Obsidian Flames,modern,Illustration Rare,70.0,1,2,30,2.0255131996542803,-0.09739368998628262,1.5550992470910336,7.29,6.58,0,1
sv3-204,Houndour,Obsidian Flames,modern,Illustration Rare,50.0,1,2,30,2.97756830292632,-0.45876887340301964,1.5550992470910336,34.44,18.64,0,2
sv3-222,Eiscue ex,Obsidian Flames,modern,Special Illustration Rare,210.0,2,1,160,1.986503546020567,-0.0857558139534883,1.5550992470910336,6.88,6.29,2,0
sv3-206,Varoom,Obsidian Flames,modern,Illustration Rare,60.0,1,1,10,1.252762968495368,0.256281407035176,1.5550992470910336,1.99,2.5,0,2
sv3-225,Pidgeot ex,Obsidian Flames,modern,Special Illustration Rare,280.0,0,1,120,2.859339648648436,-0.03292181069958866,1.5550992470910336,17.01,16.45,2,0
sv3-207,Pidgey,Obsidian Flames,modern,Illustration Rare,60.0,1,1,20,2.5416019934645457,0.0344827586206895,1.5550992470910336,11.31,11.7,0,2
sv3-213,Glimmora ex,Obsidian Flames,modern,Ultra Rare,270.0,3,1,140,0.712949807856125,-0.07964601769911495,1.5550992470910336,1.13,1.04,2,0
sv3-228,Charizard ex,Obsidian Flames,modern,Hyper Rare,330.0,2,1,180,3.224857896545748,-0.013883217639853007,1.5550992470910336,24.49,24.15,2,0
sv3-208,Pidgeotto,Obsidian Flames,modern,Illustration Rare,90.0,1,1,40,2.259677591982769,0.07788944723618085,1.5550992470910336,7.96,8.58,0,2
sv3-209,Lechonk,Obsidian Flames,modern,Illustration Rare,60.0,1,1,20,2.2844211223663744,0.0769230769230771,1.5550992470910336,8.19,8.82,0,2
sv3-211,Tyranitar ex,Obsidian Flames,modern,Ultra Rare,340.0,4,2,150,1.4861396960896067,-0.008695652173913104,1.5550992470910336,3.45,3.42,2,0
sv3-198,Gloom,Obsidian Flames,modern,Illustration Rare,80.0,2,2,20,2.9887076586170265,0.21598968407479036,1.5550992470910336,15.51,18.86,0,0
sv3-214,Absol ex,Obsidian Flames,modern,Ultra Rare,210.0,1,2,100,1.1019400787607843,0.05789473684210522,1.5550992470910336,1.9,2.01,2,0
sv3-201,Bellibolt,Obsidian Flames,modern,Illustration Rare,140.0,3,1,100,2.130609828254235,-0.1421965317919076,1.5550992470910336,8.65,7.42,2,0
sv3-205,Scizor,Obsidian Flames,modern,Illustration Rare,140.0,2,2,70,2.8975680247667595,-0.01211072664359869,1.5550992470910336,17.34,17.13,2,0
sv3-223,Charizard ex,Obsidian Flames,modern,Special Illustration Rare,330.0,2,1,180,4.312408567793012,-0.0021686093792354644,1.5550992470910336,73.78,73.62,2,0
sv3-210,Eiscue ex,Obsidian Flames,modern,Ultra Rare,210.0,2,1,160,0.9042181506398859,0.05755395683453246,1.5550992470910336,1.39,1.47,2,0
sv3-216,Revavroom ex,Obsidian Flames,modern,Ultra Rare,280.0,1,1,170,0.708035793053696,0.04040404040404044,1.5550992470910336,0.99,1.03,2,0
sv3-224,Revavroom ex,Obsidian Flames,modern,Special Illustration Rare,280.0,1,1,170,1.8687205103641833,0.14644351464435146,1.5550992470910336,4.78,5.48,2,0
sv3pt5-2,Ivysaur,151,modern,Uncommon,100.0,3,2,80,0.23901690047049992,0.08000000000000007,1.4401095140314852,0.25,0.27,0,1
sv3pt5-1,Bulbasaur,151,modern,Common,70.0,2,1,20,0.2151113796169455,-0.5102040816326531,1.4401095140314852,0.49,0.24,0,2
sv3pt5-3,Venusaur ex,151,modern,Double Rare,340.0,4,1,150,0.7747271675523681,0.008620689655172376,1.4401095140314852,1.16,1.17,2,0
sv3pt5-7,Squirtle,151,modern,Common,60.0,1,2,20,0.22314355131420976,0.08695652173913038,1.4401095140314852,0.23,0.25,0,1
sv3pt5-19,Rattata,151,modern,Common,40.0,1,1,20,0.18232155679395465,0.0,1.4401095140314852,0.2,0.2,0,2
sv3pt5-8,Wartortle,151,modern,Uncommon,100.0,2,2,50,0.3001045924503381,0.3999999999999999,1.4401095140314852,0.25,0.35,0,1
sv3pt5-23,Ekans,151,modern,Common,70.0,2,1,30,0.17395330712343804,0.1875,1.4401095140314852,0.16,0.19,0,2
sv3pt5-9,Blastoise ex,151,modern,Double Rare,330.0,3,1,140,0.8241754429663494,0.0847457627118644,1.4401095140314852,1.18,1.28,2,0
sv3pt5-24,Arbok ex,151,modern,Double Rare,270.0,2,2,150,0.8671004876833833,0.18965517241379315,1.4401095140314852,1.16,1.38,2,0
sv3pt5-12,Butterfree,151,modern,Uncommon,130.0,1,2,60,0.16551443847757338,0.125,1.4401095140314852,0.16,0.18,0,1
sv3pt5-25,Pikachu,151,modern,Common,60.0,1,2,50,0.19062035960864973,-0.08695652173913049,1.4401095140314852,0.23,0.21,0,1
sv3pt5-16,Pidgey,151,modern,Common,50.0,1,2,20,0.3001045924503381,0.45833333333333326,1.4401095140314852,0.24,0.35,0,1
sv3pt5-29,Nidoran ♀,151,modern,Common,60.0,1,1,20,1.0986122886681098,-0.4219653179190751,1.4401095140314852,3.46,2.0,0,2
sv3pt5-21,Spearow,151,modern,Common,50.0,1,1,10,0.7747271675523681,-0.5301204819277109,1.4401095140314852,2.49,1.17,0,2
sv3pt5-33,Nidorino,151,modern,Uncommon,90.0,2,2,100,0.18232155679395465,0.11111111111111116,1.4401095140314852,0.18,0.2,0,1
sv3pt5-30,Nidorina,151,modern,Uncommon,90.0,2,2,50,0.13102826240640408,-0.17647058823529405,1.4401095140314852,0.17,0.14,0,1
sv3pt5-34,Nidoking,151,modern,Rare,170.0,3,1,190,0.5709795465857378,-0.08333333333333326,1.4401095140314852,0.84,0.77,2,0
sv3pt5-32,Nidoran ♂,151,modern,Common,60.0,1,1,20,1.2919836816486494,0.03937007874015741,1.4401095140314852,2.54,2.64,0,2
sv3pt5-35,Clefairy,151,modern,Common,60.0,1,2,20,0.18232155679395465,-0.04761904761904756,1.4401095140314852,0.21,0.2,0,1
sv3pt5-36,Clefable,151,modern,Uncommon,100.0,2,2,50,0.1484200051182733,-0.20000000000000007,1.4401095140314852,0.2,0.16,0,1
sv3pt5-44,Gloom,151,modern,Uncommon,70.0,1,1,30,0.15700374880966478,0.13333333333333353,1.4401095140314852,0.15,0.17,0,2
sv3pt5-45,Vileplume,151,modern,Rare,140.0,2,1,90,0.6729444732424258,0.1707317073170731,1.4401095140314852,0.82,0.96,0,2
sv3pt5-46,Paras,151,modern,Common,70.0,2,2,20,0.15700374880966478,0.0,1.4401095140314852,0.17,0.17,0,1
sv3pt5-51,Dugtrio,151,modern,Uncommon,90.0,1,2,80,0.1484200051182733,-0.11111111111111105,1.4401095140314852,0.18,0.16,0,1
sv3pt5-47,Parasect,151,modern,Uncommon,120.0,2,2,50,0.19062035960864973,0.23529411764705865,1.4401095140314852,0.17,0.21,0,1
sv3pt5-50,Diglett,151,modern,Common,50.0,1,2,30,0.18232155679395465,0.3333333333333335,1.4401095140314852,0.15,0.2,0,1
sv3pt5-4,Charmander,151,modern,Common,70.0,1,2,30,0.2468600779315258,-0.0344827586206895,1.4401095140314852,0.29,0.28,0,1
sv3pt5-14,Kakuna,151,modern,Common,80.0,3,1,20,1.184789984909162,0.004424778761062065,1.4401095140314852,2.26,2.27,0,2
sv3pt5-5,Charmeleon,151,modern,Uncommon,100.0,2,2,90,0.1988508587451652,-0.08333333333333326,1.4401095140314852,0.24,0.22,0,1
sv3pt5-6,Charizard ex,151,modern,Double Rare,330.0,2,2,330,2.0228711901914416,0.15696649029982357,1.4401095140314852,5.67,6.56,2,0
sv3pt5-10,Caterpie,151,modern,Common,50.0,1,1,10,0.1397619423751587,-0.2500000000000001,1.4401095140314852,0.2,0.15,0,2
sv3pt5-11,Metapod,151,modern,Common,90.0,3,2,20,1.3428648031925547,0.23043478260869588,1.4401095140314852,2.3,2.83,0,1
sv3pt5-13,Weedle,151,modern,Common,50.0,1,2,20,0.15700374880966478,0.13333333333333353,1.4401095140314852,0.15,0.17,0,1
sv3pt5-17,Pidgeotto,151,modern,Common,80.0,0,1,20,1.7011051009599243,0.022831050228310668,1.4401095140314852,4.38,4.48,0,2
sv3pt5-18,Pidgeot,151,modern,Uncommon,130.0,0,2,150,0.18232155679395465,0.25,1.4401095140314852,0.16,0.2,0,1
sv3pt5-26,Raichu,151,modern,Rare,120.0,1,1,180,1.0367368849500223,0.5689655172413794,1.4401095140314852,1.16,1.82,2,1
sv3pt5-27,Sandshrew,151,modern,Common,60.0,1,1,30,0.16551443847757338,0.0,1.4401095140314852,0.18,0.18,0,2
sv3pt5-28,Sandslash,151,modern,Uncommon,120.0,2,2,80,0.22314355131420976,0.25,1.4401095140314852,0.2,0.25,0,1
sv3pt5-31,Nidoqueen,151,modern,Uncommon,170.0,3,2,160,0.16551443847757338,-0.1428571428571429,1.4401095140314852,0.21,0.18,2,0
sv3pt5-39,Jigglypuff,151,modern,Common,70.0,1,2,20,0.15700374880966478,0.0625,1.4401095140314852,0.16,0.17,0,1
sv3pt5-40,Wigglytuff ex,151,modern,Double Rare,250.0,3,1,90,0.7654678421395714,0.4374999999999998,1.4401095140314852,0.8,1.15,2,1
sv3pt5-41,Zubat,151,modern,Common,40.0,1,1,10,0.17395330712343804,0.05555555555555558,1.4401095140314852,0.18,0.19,0,2
sv3pt5-43,Oddish,151,modern,Common,60.0,1,1,20,0.15700374880966478,0.13333333333333353,1.4401095140314852,0.15,0.17,0,2
sv3pt5-49,Venomoth,151,modern,Uncommon,90.0,1,2,90,0.15700374880966478,0.0,1.4401095140314852,0.17,0.17,0,1
sv3pt5-15,Beedrill,151,modern,Rare,130.0,1,2,110,0.8109302162163288,-0.29378531073446323,1.4401095140314852,1.77,1.25,0,1
sv3pt5-20,Raticate,151,modern,Uncommon,70.0,0,1,30,0.19062035960864973,0.4999999999999998,1.4401095140314852,0.14,0.21,0,1
sv3pt5-22,Fearow,151,modern,Uncommon,90.0,0,2,50,0.15700374880966478,-0.26086956521739124,1.4401095140314852,0.23,0.17,0,1
sv3pt5-37,Vulpix,151,modern,Common,70.0,1,1,20,0.20701416938432615,0.3529411764705881,1.4401095140314852,0.17,0.23,0,2
sv3pt5-38,Ninetales ex,151,modern,Double Rare,260.0,2,2,80,0.7466879474879752,-0.13953488372093015,1.4401095140314852,1.29,1.11,2,0
sv3pt5-42,Golbat,151,modern,Uncommon,80.0,1,1,0,0.18232155679395465,0.3333333333333335,1.4401095140314852,0.15,0.2,0,2
sv3pt5-48,Venonat,151,modern,Common,70.0,2,2,40,0.16551443847757338,0.0588235294117645,1.4401095140314852,0.17,0.18,0,1
sv3pt5-52,Meowth,151,modern,Common,70.0,1,2,20,0.17395330712343804,0.0,1.4401095140314852,0.19,0.19,0,1
sv3pt5-53,Persian,151,modern,Uncommon,110.0,1,1,70,0.1484200051182733,-0.05882352941176472,1.4401095140314852,0.17,0.16,0,2
sv3pt5-59,Arcanine,151,modern,Uncommon,150.0,4,2,240,0.18232155679395465,-0.04761904761904756,1.4401095140314852,0.21,0.2,2,0
sv3pt5-54,Psyduck,151,modern,Common,70.0,1,2,10,0.18232155679395465,0.05263157894736836,1.4401095140314852,0.19,0.2,0,1
sv3pt5-60,Poliwag,151,modern,Common,60.0,1,1,10,0.15700374880966478,0.13333333333333353,1.4401095140314852,0.15,0.17,0,2
sv3pt5-61,Poliwhirl,151,modern,Common,90.0,1,2,30,1.3837912309017721,0.06405693950177938,1.4401095140314852,2.81,2.99,0,1
sv3pt5-71,Victreebel,151,modern,Uncommon,150.0,3,2,120,0.17395330712343804,0.1875,1.4401095140314852,0.16,0.19,2,1
sv3pt5-78,Rapidash,151,modern,Uncommon,100.0,1,2,90,0.1397619423751587,0.0,1.4401095140314852,0.15,0.15,0,1
sv3pt5-82,Magneton,151,modern,Uncommon,90.0,2,2,60,0.16551443847757338,0.0588235294117645,1.4401095140314852,0.17,0.18,0,1
sv3pt5-85,Dodrio,151,modern,Rare,100.0,1,1,10,0.5709795465857378,0.0547945205479452,1.4401095140314852,0.73,0.77,0,2
sv3pt5-92,Gastly,151,modern,Common,50.0,1,1,20,0.1988508587451652,0.09999999999999987,1.4401095140314852,0.2,0.22,0,2
sv3pt5-94,Gengar,151,modern,Rare,130.0,0,2,110,1.3190856114264407,0.1512605042016808,1.4401095140314852,2.38,2.74,0,1
sv3pt5-95,Onix,151,modern,Uncommon,120.0,4,2,100,0.9321640810304452,-0.3215859030837004,1.4401095140314852,2.27,1.54,2,0
sv3pt5-58,Growlithe,151,modern,Common,80.0,2,1,10,0.15700374880966478,0.0625,1.4401095140314852,0.16,0.17,0,2
sv3pt5-64,Kadabra,151,modern,Uncommon,80.0,1,1,30,0.18232155679395465,-0.09090909090909083,1.4401095140314852,0.22,0.2,0,2
sv3pt5-66,Machop,151,modern,Common,70.0,2,2,30,0.18232155679395465,0.4285714285714286,1.4401095140314852,0.14,0.2,0,1
sv3pt5-69,Bellsprout,151,modern,Common,60.0,1,2,20,0.15700374880966478,0.0625,1.4401095140314852,0.16,0.17,0,1
sv3pt5-72,Tentacool,151,modern,Common,60.0,1,2,20,0.15700374880966478,-0.05555555555555547,1.4401095140314852,0.18,0.17,0,1
sv3pt5-73,Tentacruel,151,modern,Uncommon,120.0,2,2,90,0.18232155679395465,0.11111111111111116,1.4401095140314852,0.18,0.2,0,1
sv3pt5-76,Golem ex,151,modern,Double Rare,330.0,4,2,180,0.7371640659767197,0.101010101010101,1.4401095140314852,0.99,1.09,2,0
sv3pt5-77,Ponyta,151,modern,Common,70.0,1,2,30,0.17395330712343804,0.26666666666666683,1.4401095140314852,0.15,0.19,0,1
sv3pt5-79,Slowpoke,151,modern,Common,80.0,2,2,20,0.20701416938432615,0.2777777777777779,1.4401095140314852,0.18,0.23,0,1
sv3pt5-83,Farfetch'd,151,modern,Common,90.0,1,2,30,0.17395330712343804,0.0,1.4401095140314852,0.19,0.19,0,1
sv3pt5-84,Doduo,151,modern,Common,70.0,1,1,30,0.17395330712343804,0.11764705882352944,1.4401095140314852,0.17,0.19,0,2
sv3pt5-56,Mankey,151,modern,Common,60.0,1,1,20,0.1397619423751587,0.0714285714285714,1.4401095140314852,0.14,0.15,0,2
sv3pt5-63,Abra,151,modern,Common,50.0,1,1,20,0.1484200051182733,-0.1578947368421053,1.4401095140314852,0.19,0.16,0,2
sv3pt5-67,Machoke,151,modern,Uncommon,100.0,2,1,50,0.16551443847757338,0.0,1.4401095140314852,0.18,0.18,0,2
sv3pt5-68,Machamp,151,modern,Rare,180.0,2,1,100,0.4574248470388754,0.0,1.4401095140314852,0.58,0.58,2,0
sv3pt5-70,Weepinbell,151,modern,Common,90.0,2,2,50,1.4060969884160703,0.06944444444444442,1.4401095140314852,2.88,3.08,0,1
sv3pt5-75,Graveler,151,modern,Uncommon,110.0,3,2,60,0.16551443847757338,0.2857142857142856,1.4401095140314852,0.14,0.18,0,1
sv3pt5-81,Magnemite,151,modern,Common,60.0,1,2,60,0.17395330712343804,-0.050000000000000044,1.4401095140314852,0.2,0.19,0,1
sv3pt5-86,Seel,151,modern,Common,80.0,2,1,20,0.17395330712343804,0.357142857142857,1.4401095140314852,0.14,0.19,0,2
sv3pt5-88,Grimer,151,modern,Common,80.0,2,1,10,0.19062035960864973,0.10526315789473673,1.4401095140314852,0.19,0.21,0,2
sv3pt5-93,Haunter,151,modern,Uncommon,80.0,1,1,30,0.16551443847757338,-0.21739130434782616,1.4401095140314852,0.23,0.18,0,2
sv3pt5-55,Golduck,151,modern,Uncommon,110.0,1,2,120,0.17395330712343804,0.357142857142857,1.4401095140314852,0.14,0.19,0,1
sv3pt5-57,Primeape,151,modern,Uncommon,120.0,2,2,150,0.1397619423751587,-0.0625,1.4401095140314852,0.16,0.15,2,1
sv3pt5-62,Poliwrath,151,modern,Uncommon,160.0,2,2,100,0.17395330712343804,0.1875,1.4401095140314852,0.16,0.19,2,1
sv3pt5-65,Alakazam ex,151,modern,Double Rare,310.0,1,2,120,0.9707789171582248,0.012345679012345512,1.4401095140314852,1.62,1.64,2,0
sv3pt5-74,Geodude,151,modern,Common,80.0,2,2,20,0.16551443847757338,0.3846153846153846,1.4401095140314852,0.13,0.18,0,1
sv3pt5-80,Slowbro,151,modern,Uncommon,130.0,2,2,160,0.18232155679395465,0.17647058823529416,1.4401095140314852,0.17,0.2,2,1
sv3pt5-87,Dewgong,151,modern,Uncommon,130.0,2,2,100,0.18232155679395465,0.25,1.4401095140314852,0.16,0.2,0,1
sv3pt5-89,Muk,151,modern,Uncommon,150.0,4,2,180,0.17395330712343804,-0.050000000000000044,1.4401095140314852,0.2,0.19,2,0
sv3pt5-90,Shellder,151,modern,Common,70.0,2,1,30,0.1484200051182733,-0.1578947368421053,1.4401095140314852,0.19,0.16,0,2
sv3pt5-91,Cloyster,151,modern,Uncommon,130.0,3,1,80,0.15700374880966478,0.0,1.4401095140314852,0.17,0.17,0,0
sv3pt5-97,Hypno,151,modern,Uncommon,110.0,2,1,110,1.1878434223960523,0.4074074074074072,1.4401095140314852,1.62,2.28,0,1
sv3pt5-104,Cubone,151,modern,Common,70.0,1,1,10,0.1484200051182733,0.23076923076923084,1.4401095140314852,0.13,0.16,0,2
sv3pt5-105,Marowak,151,modern,Rare,120.0,2,2,120,0.5007752879124893,0.12068965517241392,1.4401095140314852,0.58,0.65,2,1
sv3pt5-106,Hitmonlee,151,modern,Uncommon,120.0,2,2,100,0.7275486072772778,-0.2189781021897811,1.4401095140314852,1.37,1.07,0,1
sv3pt5-107,Hitmonchan,151,modern,Uncommon,120.0,1,1,60,0.9555114450274363,-0.1208791208791209,1.4401095140314852,1.82,1.6,0,2
sv3pt5-112,Rhydon,151,modern,Uncommon,120.0,4,2,40,0.15700374880966478,0.13333333333333353,1.4401095140314852,0.15,0.17,2,1
sv3pt5-115,Kangaskhan ex,151,modern,Double Rare,230.0,2,2,100,0.7654678421395714,0.04545454545454519,1.4401095140314852,1.1,1.15,2,0
sv3pt5-117,Seadra,151,modern,Uncommon,80.0,1,1,50,0.1484200051182733,0.1428571428571428,1.4401095140314852,0.14,0.16,0,2
sv3pt5-119,Seaking,151,modern,Uncommon,110.0,2,2,60,0.8586616190375187,-0.14465408805031443,1.4401095140314852,1.59,1.36,0,1
sv3pt5-120,Staryu,151,modern,Common,60.0,1,1,30,0.1988508587451652,0.5714285714285714,1.4401095140314852,0.14,0.22,0,1
sv3pt5-126,Magmar,151,modern,Common,90.0,2,2,80,1.0224509277025458,-0.1188118811881188,1.4401095140314852,2.02,1.78,0,1
sv3pt5-128,Tauros,151,modern,Uncommon,120.0,2,2,30,0.7419373447293773,-0.12698412698412687,1.4401095140314852,1.26,1.1,0,1
sv3pt5-136,Flareon,151,modern,Rare,130.0,2,2,90,1.297463147413275,0.303921568627451,1.4401095140314852,2.04,2.66,2,1
sv3pt5-138,Omanyte,151,modern,Uncommon,100.0,2,1,50,1.220829921392359,0.052863436123347984,1.4401095140314852,2.27,2.39,0,2
sv3pt5-139,Omastar,151,modern,Rare,150.0,3,1,90,0.4762341789963716,0.033898305084745894,1.4401095140314852,0.59,0.61,2,0
sv3pt5-142,Aerodactyl,151,modern,Rare,130.0,0,2,100,0.4637340162321401,-0.20270270270270274,1.4401095140314852,0.74,0.59,0,1
sv3pt5-143,Snorlax,151,modern,Uncommon,150.0,4,1,130,1.3376291891386096,-0.1406727828746177,1.4401095140314852,3.27,2.81,2,0
sv3pt5-100,Voltorb,151,modern,Common,60.0,1,1,10,0.15700374880966478,0.2142857142857142,1.4401095140314852,0.14,0.17,0,2
sv3pt5-109,Koffing,151,modern,Common,60.0,1,1,20,0.1988508587451652,0.375,1.4401095140314852,0.16,0.22,0,2
sv3pt5-111,Rhyhorn,151,modern,Common,100.0,3,2,70,0.15700374880966478,0.41666666666666674,1.4401095140314852,0.12,0.17,0,1
sv3pt5-116,Horsea,151,modern,Common,60.0,1,2,40,0.16551443847757338,0.125,1.4401095140314852,0.16,0.18,0,1
sv3pt5-127,Pinsir,151,modern,Uncommon,120.0,2,2,90,1.0152306797290584,-0.09278350515463918,1.4401095140314852,1.94,1.76,0,1
sv3pt5-129,Magikarp,151,modern,Common,30.0,1,1,0,0.262364264467491,1.0,1.4401095140314852,0.15,0.3,0,1
sv3pt5-130,Gyarados,151,modern,Rare,190.0,4,1,200,1.0438040521731147,0.2689655172413794,1.4401095140314852,1.45,1.84,2,0
sv3pt5-140,Kabuto,151,modern,Uncommon,90.0,2,1,70,1.1537315878891892,0.28402366863905315,1.4401095140314852,1.69,2.17,0,1
sv3pt5-141,Kabutops,151,modern,Rare,160.0,2,1,100,0.598836501088704,0.10810810810810811,1.4401095140314852,0.74,0.82,0,0
sv3pt5-144,Articuno,151,modern,Rare,120.0,2,1,110,0.6830968447064438,0.010309278350515427,1.4401095140314852,0.97,0.98,0,0
sv3pt5-96,Drowzee,151,modern,Common,80.0,2,1,30,0.13102826240640408,0.0,1.4401095140314852,0.14,0.14,0,2
sv3pt5-99,Kingler,151,modern,Uncommon,140.0,3,2,220,1.091923300517313,-0.19183673469387763,1.4401095140314852,2.45,1.98,2,0
sv3pt5-101,Electrode,151,modern,Rare,90.0,1,2,70,1.2837077723447896,-0.08098591549295775,1.4401095140314852,2.84,2.61,0,1
sv3pt5-103,Exeggutor,151,modern,Uncommon,140.0,3,2,130,0.8960880245566356,0.10687022900763354,1.4401095140314852,1.31,1.45,2,0
sv3pt5-113,Chansey,151,modern,Rare,110.0,2,1,70,0.636576829071551,-0.09183673469387754,1.4401095140314852,0.98,0.89,0,2
sv3pt5-114,Tangela,151,modern,Common,80.0,2,1,10,0.1484200051182733,0.0,1.4401095140314852,0.16,0.16,0,2
sv3pt5-118,Goldeen,151,modern,Common,70.0,1,2,20,0.20701416938432615,0.7692307692307692,1.4401095140314852,0.13,0.23,0,1
sv3pt5-122,Mr. Mime,151,modern,Rare,90.0,1,1,0,0.3987761199573678,-0.05769230769230771,1.4401095140314852,0.52,0.49,0,2
sv3pt5-124,Jynx ex,151,modern,Double Rare,200.0,2,2,120,0.883767540168595,0.31481481481481466,1.4401095140314852,1.08,1.42,2,0
sv3pt5-125,Electabuzz,151,modern,Common,90.0,2,2,30,0.5247285289349821,0.18965517241379315,1.4401095140314852,0.58,0.69,0,1
sv3pt5-135,Jolteon,151,modern,Rare,110.0,0,2,90,1.0681530811834012,-0.010362694300518172,1.4401095140314852,1.93,1.91,0,1
sv3pt5-137,Porygon,151,modern,Common,60.0,1,1,0,0.1484200051182733,0.0,1.4401095140314852,0.16,0.16,0,2
sv3pt5-98,Krabby,151,modern,Common,70.0,1,2,50,0.1484200051182733,0.06666666666666665,1.4401095140314852,0.15,0.16,0,1
sv3pt5-102,Exeggcute,151,modern,Common,60.0,1,1,30,0.1397619423751587,0.15384615384615374,1.4401095140314852,0.13,0.15,0,2
sv3pt5-108,Lickitung,151,modern,Common,100.0,4,1,70,0.15700374880966478,0.41666666666666674,1.4401095140314852,0.12,0.17,2,0
sv3pt5-110,Weezing,151,modern,Rare,110.0,2,1,50,0.5306282510621704,0.11111111111111094,1.4401095140314852,0.63,0.7,0,2
sv3pt5-121,Starmie,151,modern,Rare,90.0,1,1,50,0.5068176023684519,0.0,1.4401095140314852,0.66,0.66,0,2
sv3pt5-123,Scyther,151,modern,Uncommon,70.0,0,2,70,1.2178757094949273,-0.2247557003257329,1.4401095140314852,3.07,2.38,0,1
sv3pt5-131,Lapras,151,modern,Uncommon,110.0,1,2,90,1.2178757094949273,0.08181818181818179,1.4401095140314852,2.2,2.38,0,1
sv3pt5-132,Ditto,151,modern,Rare,60.0,1,1,10,0.7323678937132266,0.2705882352941178,1.4401095140314852,0.85,1.08,0,2
sv3pt5-133,Eevee,151,modern,Common,70.0,1,2,10,0.23901690047049992,0.0,1.4401095140314852,0.27,0.27,0,1
sv3pt5-134,Vaporeon,151,modern,Rare,130.0,2,2,90,0.9969486348916096,0.04268292682926833,1.4401095140314852,1.64,1.71,2,1
sv3pt5-148,Dragonair,151,modern,Uncommon,100.0,2,2,90,1.095273387402595,-0.2968197879858657,1.4401095140314852,2.83,1.99,0,1
sv3pt5-149,Dragonite,151,modern,Rare,180.0,3,1,180,1.3787660946990992,-0.19729729729729728,1.4401095140314852,3.7,2.97,2,0
sv3pt5-172,Caterpie,151,modern,Illustration Rare,50.0,1,1,10,2.569554123848285,0.06725663716814156,1.4401095140314852,11.3,12.06,0,2
sv3pt5-173,Pikachu,151,modern,Illustration Rare,60.0,1,2,50,3.7814586354070294,0.1401223078968361,1.4401095140314852,37.61,42.88,0,1
sv3pt5-150,Mewtwo,151,modern,Rare,130.0,2,2,130,1.1600209167967532,-0.06008583690987135,1.4401095140314852,2.33,2.19,2,0
sv3pt5-168,Charmander,151,modern,Illustration Rare,70.0,1,2,30,4.250350662548819,0.16126322862422304,1.4401095140314852,59.53,69.13,0,1
sv3pt5-166,Bulbasaur,151,modern,Illustration Rare,70.0,2,1,20,3.9575698203841165,0.06670822942643384,1.4401095140314852,48.12,51.33,0,2
sv3pt5-169,Charmeleon,151,modern,Illustration Rare,100.0,2,2,90,3.860308569741467,0.00868055555555558,1.4401095140314852,46.08,46.48,2,0
sv3pt5-171,Wartortle,151,modern,Illustration Rare,100.0,2,2,50,3.7300213974451113,0.06492146596858639,1.4401095140314852,38.2,40.68,2,0
sv3pt5-145,Zapdos ex,151,modern,Double Rare,200.0,2,1,120,0.8241754429663494,0.04065040650406515,1.4401095140314852,1.23,1.28,2,0
sv3pt5-146,Moltres,151,modern,Rare,120.0,2,1,0,0.7466879474879752,-0.14615384615384608,1.4401095140314852,1.3,1.11,0,2
sv3pt5-147,Dratini,151,modern,Common,60.0,1,2,40,0.19062035960864973,-0.045454545454545525,1.4401095140314852,0.22,0.21,0,1
sv3pt5-151,Mew ex,151,modern,Double Rare,180.0,0,1,0,2.299580583973747,0.15741935483870972,1.4401095140314852,7.75,8.97,0,0
sv3pt5-167,Ivysaur,151,modern,Illustration Rare,100.0,3,2,80,3.6111881463980646,0.04558652729384427,1.4401095140314852,34.44,36.01,2,0
sv3pt5-170,Squirtle,151,modern,Illustration Rare,60.0,1,2,20,4.039888376426042,0.01638747268754548,1.4401095140314852,54.92,55.82,0,1
sv3pt5-177,Machoke,151,modern,Illustration Rare,100.0,2,1,50,2.73046379593911,0.04518950437317781,1.4401095140314852,13.72,14.34,0,2
sv3pt5-189,Golem ex,151,modern,Ultra Rare,330.0,4,2,180,2.256541154492639,-0.09235668789808904,1.4401095140314852,9.42,8.55,2,0
sv3pt5-179,Mr. Mime,151,modern,Illustration Rare,90.0,1,1,0,2.4874035299865875,0.02891791044776104,1.4401095140314852,10.72,11.03,0,2
sv3pt5-180,Omanyte,151,modern,Illustration Rare,100.0,2,1,50,2.460443177609626,0.01516587677725112,1.4401095140314852,10.55,10.71,0,2
sv3pt5-185,Arbok ex,151,modern,Ultra Rare,270.0,2,2,150,2.3135250330323798,-0.04507337526205446,1.4401095140314852,9.54,9.11,2,0
sv3pt5-187,Wigglytuff ex,151,modern,Ultra Rare,250.0,3,1,90,2.2353763433005955,-0.14094650205761328,1.4401095140314852,9.72,8.35,2,0
sv3pt5-188,Alakazam ex,151,modern,Ultra Rare,310.0,1,2,120,2.631888840136646,0.09600679694137648,1.4401095140314852,11.77,12.9,2,0
sv3pt5-192,Zapdos ex,151,modern,Ultra Rare,200.0,2,1,120,2.613006652415316,0.06307821698906646,1.4401095140314852,11.89,12.64,2,0
sv3pt5-193,Mew ex,151,modern,Ultra Rare,180.0,0,1,0,3.1041381473977774,-0.04228520017993709,1.4401095140314852,22.23,21.29,0,0
sv3pt5-174,Nidoking,151,modern,Illustration Rare,170.0,3,1,190,2.7245795030534206,0.0042283298097252064,1.4401095140314852,14.19,14.25,2,0
sv3pt5-181,Dragonair,151,modern,Illustration Rare,100.0,2,2,90,3.4657359027997265,0.015062213490504295,1.4401095140314852,30.54,31.0,2,0
sv3pt5-182,Venusaur ex,151,modern,Ultra Rare,340.0,4,1,150,2.93651291389402,0.02527283170591632,1.4401095140314852,17.41,17.85,2,0
sv3pt5-186,Ninetales ex,151,modern,Ultra Rare,260.0,2,2,80,2.7669478423496954,0.01635991820040905,1.4401095140314852,14.67,14.91,2,0
sv3pt5-191,Jynx ex,151,modern,Ultra Rare,200.0,2,2,120,2.186051276738094,0.15835777126099715,1.4401095140314852,6.82,7.9,2,0
sv3pt5-175,Psyduck,151,modern,Illustration Rare,70.0,1,2,10,3.1747149290824312,0.11750365675280361,1.4401095140314852,20.51,22.92,0,1
sv3pt5-176,Poliwhirl,151,modern,Illustration Rare,90.0,1,2,30,3.2300135692786567,0.08830121021963255,1.4401095140314852,22.31,24.28,0,1
sv3pt5-178,Tangela,151,modern,Illustration Rare,80.0,2,1,10,2.4553061800117097,-0.017527675276752697,1.4401095140314852,10.84,10.65,0,2
sv3pt5-183,Charizard ex,151,modern,Ultra Rare,330.0,2,2,330,3.8344938029189084,0.016846361185983927,1.4401095140314852,44.52,45.27,2,0
sv3pt5-184,Blastoise ex,151,modern,Ultra Rare,330.0,3,1,140,3.0086484988205373,-0.047477744807121525,1.4401095140314852,20.22,19.26,2,0
sv3pt5-190,Kangaskhan ex,151,modern,Ultra Rare,230.0,2,2,100,2.355177543113216,0.1184056271981242,1.4401095140314852,8.53,9.54,2,0
sv3pt5-198,Venusaur ex,151,modern,Special Illustration Rare,340.0,4,1,150,4.485485343042112,0.010948484499250899,1.4401095140314852,86.77,87.72,2,0
sv3pt5-199,Charizard ex,151,modern,Special Illustration Rare,330.0,2,2,330,5.667222219344398,0.08512160228898424,1.4401095140314852,265.62,288.23,2,0
sv3pt5-200,Blastoise ex,151,modern,Special Illustration Rare,330.0,3,1,140,4.507447097459476,0.03317590139384863,1.4401095140314852,86.81,89.69,2,0
sv3pt5-201,Alakazam ex,151,modern,Special Illustration Rare,310.0,1,2,120,3.964046033495298,-0.007872503840245737,1.4401095140314852,52.08,51.67,2,0
sv3pt5-202,Zapdos ex,151,modern,Special Illustration Rare,200.0,2,1,120,4.212571943586751,0.016811860003056678,1.4401095140314852,65.43,66.53,2,0
sv3pt5-205,Mew ex,151,modern,Hyper Rare,180.0,0,1,0,2.851861903134289,0.13412091730368303,1.4401095140314852,14.39,16.32,0,0
sv4-1,Surskit,Paradox Rift,modern,Common,50.0,1,1,10,0.07696104113612832,0.1428571428571428,1.325119780971937,0.07,0.08,0,2
sv4-2,Masquerain,Paradox Rift,modern,Uncommon,100.0,1,2,70,0.08617769624105233,0.0,1.325119780971937,0.09,0.09,0,1
sv4-3,Froslass ex,Paradox Rift,modern,Double Rare,250.0,1,1,140,0.49469624183610705,0.0,1.325119780971937,0.64,0.64,2,0
sv4-4,Pansage,Paradox Rift,modern,Common,70.0,1,2,30,0.13102826240640408,0.7500000000000002,1.325119780971937,0.08,0.14,0,1
sv4-5,Simisage,Paradox Rift,modern,Uncommon,100.0,1,1,100,0.13102826240640408,0.16666666666666674,1.325119780971937,0.12,0.14,0,2
sv4-6,Dwebble,Paradox Rift,modern,Common,60.0,1,1,20,0.07696104113612832,-0.11111111111111105,1.325119780971937,0.09,0.08,0,2
sv4-7,Crustle,Paradox Rift,modern,Common,130.0,3,2,100,0.06765864847381481,-0.12499999999999989,1.325119780971937,0.08,0.07,2,0
sv4-8,Bounsweet,Paradox Rift,modern,Common,60.0,1,1,10,0.06765864847381481,0.0,1.325119780971937,0.07,0.07,0,2
sv4-9,Steenee,Paradox Rift,modern,Uncommon,90.0,2,2,40,0.09531017980432487,-0.23076923076923073,1.325119780971937,0.13,0.1,0,1
sv4-10,Blipbug,Paradox Rift,modern,Common,50.0,1,1,30,0.07696104113612832,-0.11111111111111105,1.325119780971937,0.09,0.08,0,2
sv4-11,Dottler,Paradox Rift,modern,Common,80.0,2,2,20,0.07696104113612832,0.0,1.325119780971937,0.08,0.08,0,1
sv4-12,Orbeetle,Paradox Rift,modern,Uncommon,130.0,1,2,100,0.09531017980432487,0.0,1.325119780971937,0.1,0.1,0,1
sv4-13,Nymble,Paradox Rift,modern,Common,40.0,0,1,10,0.07696104113612832,0.0,1.325119780971937,0.08,0.08,0,2
sv4-14,Nymble,Paradox Rift,modern,Common,50.0,1,1,30,0.05826890812397577,0.19999999999999996,1.325119780971937,0.05,0.06,0,2
sv4-15,Toedscool,Paradox Rift,modern,Common,50.0,1,2,30,0.10436001532424277,0.375,1.325119780971937,0.08,0.11,0,1
sv4-16,Toedscool,Paradox Rift,modern,Common,60.0,1,2,40,0.06765864847381481,-0.36363636363636354,1.325119780971937,0.11,0.07,0,1
sv4-17,Toedscruel,Paradox Rift,modern,Uncommon,120.0,2,1,80,0.13102826240640408,-0.12499999999999989,1.325119780971937,0.16,0.14,0,2
sv4-18,Wo-Chien,Paradox Rift,modern,Rare,130.0,3,2,140,0.09531017980432487,-0.09090909090909083,1.325119780971937,0.11,0.1,2,0
sv4-19,Magby,Paradox Rift,modern,Common,30.0,0,1,0,0.10436001532424277,0.0,1.325119780971937,0.11,0.11,0,2
sv4-20,Pansear,Paradox Rift,modern,Common,70.0,1,2,20,0.05826890812397577,0.0,1.325119780971937,0.06,0.06,0,1
sv4-21,Simisear,Paradox Rift,modern,Uncommon,100.0,1,1,190,0.08617769624105233,-0.10000000000000009,1.325119780971937,0.1,0.09,0,0
sv4-22,Volcanion,Paradox Rift,modern,Rare,130.0,2,2,120,0.11332868530700317,0.0,1.325119780971937,0.12,0.12,2,1
sv4-23,Fuecoco,Paradox Rift,modern,Common,80.0,2,2,30,0.13102826240640408,0.16666666666666674,1.325119780971937,0.12,0.14,0,1
sv4-24,Crocalor,Paradox Rift,modern,Uncommon,100.0,3,1,90,0.09531017980432487,-0.16666666666666663,1.325119780971937,0.12,0.1,0,2
sv4-25,Charcadet,Paradox Rift,modern,Common,60.0,1,2,20,0.11332868530700317,0.0,1.325119780971937,0.12,0.12,0,1
sv4-26,Charcadet,Paradox Rift,modern,Common,80.0,2,2,50,0.11332868530700317,0.33333333333333326,1.325119780971937,0.09,0.12,0,1
sv4-27,Armarouge ex,Paradox Rift,modern,Double Rare,260.0,2,1,40,0.4762341789963716,-0.046875,1.325119780971937,0.64,0.61,2,0
sv4-28,Iron Moth,Paradox Rift,modern,Rare,130.0,2,1,120,0.11332868530700317,0.0,1.325119780971937,0.12,0.12,0,0
sv4-29,Chi-Yu,Paradox Rift,modern,Rare,110.0,1,2,50,0.15700374880966478,0.0625,1.325119780971937,0.16,0.17,0,1
sv4-30,Horsea,Paradox Rift,modern,Common,60.0,1,1,20,0.12221763272424921,0.0,1.325119780971937,0.13,0.13,0,2
sv4-31,Seadra,Paradox Rift,modern,Common,90.0,1,1,50,0.09531017980432487,0.25,1.325119780971937,0.08,0.1,0,2
sv4-32,Kingdra,Paradox Rift,modern,Rare,150.0,1,2,120,0.1397619423751587,-0.0625,1.325119780971937,0.16,0.15,0,1
sv4-33,Remoraid,Paradox Rift,modern,Common,70.0,1,1,10,0.12221763272424921,0.625,1.325119780971937,0.08,0.13,0,1
sv4-34,Octillery,Paradox Rift,modern,Common,110.0,2,1,60,0.12221763272424921,0.0,1.325119780971937,0.13,0.13,0,2
sv4-35,Feebas,Paradox Rift,modern,Common,30.0,1,1,0,0.10436001532424277,-0.15384615384615385,1.325119780971937,0.13,0.11,0,2
sv4-36,Milotic,Paradox Rift,modern,Rare,120.0,2,1,60,0.13102826240640408,-0.06666666666666654,1.325119780971937,0.15,0.14,0,2
sv4-37,Snorunt,Paradox Rift,modern,Common,60.0,1,1,10,0.09531017980432487,-0.23076923076923073,1.325119780971937,0.13,0.1,0,2
sv4-38,Garchomp ex,Paradox Rift,modern,Double Rare,320.0,0,2,160,0.6931471805599453,0.08695652173913038,1.325119780971937,0.92,1.0,2,0
sv4-39,Mantyke,Paradox Rift,modern,Common,30.0,0,1,0,0.09531017980432487,0.0,1.325119780971937,0.1,0.1,0,2
sv4-40,Palkia,Paradox Rift,modern,Rare,130.0,2,2,80,0.16551443847757338,0.19999999999999996,1.325119780971937,0.15,0.18,0,1
sv4-41,Panpour,Paradox Rift,modern,Common,70.0,1,2,30,0.06765864847381481,-0.12499999999999989,1.325119780971937,0.08,0.07,0,1
sv4-42,Simipour,Paradox Rift,modern,Uncommon,100.0,1,1,50,0.09531017980432487,-0.09090909090909083,1.325119780971937,0.11,0.1,0,2
sv4-43,Vanillite,Paradox Rift,modern,Common,60.0,1,1,40,0.08617769624105233,0.125,1.325119780971937,0.08,0.09,0,2
sv4-44,Vanillish,Paradox Rift,modern,Common,90.0,2,1,60,0.06765864847381481,0.0,1.325119780971937,0.07,0.07,0,2
sv4-45,Vanilluxe,Paradox Rift,modern,Uncommon,150.0,2,1,110,0.12221763272424921,0.0,1.325119780971937,0.13,0.13,0,0
sv4-46,Tsareena ex,Paradox Rift,modern,Double Rare,310.0,2,2,180,0.5068176023684519,-0.16455696202531644,1.325119780971937,0.79,0.66,2,0
sv4-47,Wimpod,Paradox Rift,modern,Common,70.0,2,2,20,0.11332868530700317,0.5,1.325119780971937,0.08,0.12,0,1
sv4-48,Wimpod,Paradox Rift,modern,Common,70.0,2,2,30,0.07696104113612832,-0.11111111111111105,1.325119780971937,0.09,0.08,0,1
sv4-49,Golisopod,Paradox Rift,modern,Rare,140.0,2,2,130,0.11332868530700317,0.0,1.325119780971937,0.12,0.12,2,1
sv4-50,Golisopod ex,Paradox Rift,modern,Double Rare,270.0,3,2,170,0.44468582126144574,-0.1515151515151515,1.325119780971937,0.66,0.56,2,0
sv4-51,Wiglett,Paradox Rift,modern,Common,50.0,1,1,10,0.08617769624105233,0.0,1.325119780971937,0.09,0.09,0,2
sv4-52,Wiglett,Paradox Rift,modern,Common,60.0,1,1,30,0.08617769624105233,-0.10000000000000009,1.325119780971937,0.1,0.09,0,2
sv4-53,Wugtrio,Paradox Rift,modern,Uncommon,90.0,2,1,70,0.09531017980432487,0.0,1.325119780971937,0.1,0.1,0,2
sv4-54,Veluza,Paradox Rift,modern,Uncommon,120.0,2,1,60,0.07696104113612832,0.0,1.325119780971937,0.08,0.08,0,2
sv4-55,Dondozo,Paradox Rift,modern,Uncommon,160.0,4,2,180,0.09531017980432487,0.0,1.325119780971937,0.1,0.1,2,0
sv4-56,Iron Bundle,Paradox Rift,modern,Uncommon,100.0,1,1,80,0.2546422183735807,0.1153846153846152,1.325119780971937,0.26,0.29,0,2
sv4-57,Chien-Pao,Paradox Rift,modern,Rare,120.0,1,2,130,0.13102826240640408,0.0,1.325119780971937,0.14,0.14,0,1
sv4-58,Mewtwo ex,Paradox Rift,modern,Double Rare,230.0,2,2,10,1.2612978709452054,0.0,1.325119780971937,2.53,2.53,2,0
sv4-59,Elekid,Paradox Rift,modern,Common,30.0,0,1,0,0.13102826240640408,0.16666666666666674,1.325119780971937,0.12,0.14,0,2
sv4-60,Plusle,Paradox Rift,modern,Common,70.0,1,1,10,0.09531017980432487,-0.09090909090909083,1.325119780971937,0.11,0.1,0,2
sv4-61,Minun,Paradox Rift,modern,Common,70.0,1,1,20,0.11332868530700317,0.0,1.325119780971937,0.12,0.12,0,2
sv4-62,Blitzle,Paradox Rift,modern,Common,60.0,1,2,50,0.09531017980432487,0.11111111111111116,1.325119780971937,0.09,0.1,0,1
sv4-63,Zebstrika,Paradox Rift,modern,Uncommon,120.0,1,2,150,0.08617769624105233,-0.10000000000000009,1.325119780971937,0.1,0.09,0,1
sv4-64,Joltik,Paradox Rift,modern,Common,40.0,1,1,10,0.10436001532424277,0.22222222222222232,1.325119780971937,0.09,0.11,0,2
sv4-65,Galvantula,Paradox Rift,modern,Common,100.0,1,1,50,0.09531017980432487,0.11111111111111116,1.325119780971937,0.09,0.1,0,2
sv4-66,Zekrom,Paradox Rift,modern,Rare,130.0,2,2,130,0.13102826240640408,0.0769230769230771,1.325119780971937,0.13,0.14,2,1
sv4-67,Oricorio,Paradox Rift,modern,Common,90.0,1,2,50,0.06765864847381481,0.0,1.325119780971937,0.07,0.07,0,1
sv4-68,Tapu Koko ex,Paradox Rift,modern,Double Rare,210.0,1,2,180,0.4700036292457356,0.17647058823529416,1.325119780971937,0.51,0.6,2,0
sv4-69,Toxel,Paradox Rift,modern,Common,70.0,2,1,60,0.13102826240640408,0.0,1.325119780971937,0.14,0.14,0,2
sv4-70,Iron Hands ex,Paradox Rift,modern,Double Rare,230.0,4,2,160,1.55814461804655,-0.1007194244604317,1.325119780971937,4.17,3.75,2,0
sv4-71,Natu,Paradox Rift,modern,Common,50.0,1,1,10,0.11332868530700317,-0.07692307692307698,1.325119780971937,0.13,0.12,0,2
sv4-72,Xatu,Paradox Rift,modern,Rare,100.0,1,1,80,0.1988508587451652,-0.08333333333333326,1.325119780971937,0.24,0.22,0,2
sv4-73,Latios,Paradox Rift,modern,Rare,110.0,1,2,180,0.15700374880966478,-0.10526315789473684,1.325119780971937,0.19,0.17,0,1
sv4-74,Deoxys,Paradox Rift,modern,Rare,120.0,1,2,120,0.17395330712343804,0.05555555555555558,1.325119780971937,0.18,0.19,0,1
sv4-75,Yamask,Paradox Rift,modern,Common,70.0,2,1,0,0.09531017980432487,0.25,1.325119780971937,0.08,0.1,0,2
sv4-76,Cofagrigus ex,Paradox Rift,modern,Double Rare,260.0,2,1,110,0.4762341789963716,0.1090909090909089,1.325119780971937,0.55,0.61,2,0
sv4-77,Pumpkaboo,Paradox Rift,modern,Common,60.0,2,2,40,0.07696104113612832,-0.11111111111111105,1.325119780971937,0.09,0.08,0,1
sv4-78,Gourgeist,Paradox Rift,modern,Uncommon,110.0,2,1,100,0.09531017980432487,-0.09090909090909083,1.325119780971937,0.11,0.1,0,2
sv4-79,Flittle,Paradox Rift,modern,Common,40.0,1,1,10,0.09531017980432487,-0.16666666666666663,1.325119780971937,0.12,0.1,0,2
sv4-80,Flittle,Paradox Rift,modern,Common,50.0,1,1,10,0.08617769624105233,0.0,1.325119780971937,0.09,0.09,0,2
sv4-81,Espathra,Paradox Rift,modern,Rare,120.0,1,1,70,0.12221763272424921,0.18181818181818188,1.325119780971937,0.11,0.13,0,2
sv4-82,Tinkatink,Paradox Rift,modern,Common,60.0,1,2,10,0.09531017980432487,-0.16666666666666663,1.325119780971937,0.12,0.1,0,1
sv4-83,Tinkatink,Paradox Rift,modern,Common,70.0,2,1,40,0.08617769624105233,0.125,1.325119780971937,0.08,0.09,0,2
sv4-84,Tinkatuff,Paradox Rift,modern,Common,80.0,2,1,20,0.11332868530700317,0.33333333333333326,1.325119780971937,0.09,0.12,0,2
sv4-85,Tinkaton,Paradox Rift,modern,Uncommon,130.0,2,2,60,0.1397619423751587,0.0,1.325119780971937,0.15,0.15,0,1
sv4-86,Scream Tail,Paradox Rift,modern,Uncommon,90.0,1,2,30,0.23111172096338664,-0.03703703703703709,1.325119780971937,0.27,0.26,0,1
sv4-87,Gimmighoul,Paradox Rift,modern,Common,50.0,1,2,20,0.11332868530700317,-0.19999999999999996,1.325119780971937,0.15,0.12,0,1
sv4-88,Gimmighoul,Paradox Rift,modern,Common,70.0,2,1,20,0.09531017980432487,-0.23076923076923073,1.325119780971937,0.13,0.1,0,2
sv4-89,Iron Valiant ex,Paradox Rift,modern,Double Rare,220.0,2,1,200,0.6729444732424258,-0.04950495049504955,1.325119780971937,1.01,0.96,2,0
sv4-90,Onix,Paradox Rift,modern,Common,120.0,4,2,80,0.10436001532424277,0.0,1.325119780971937,0.11,0.11,2,1
sv4-91,Gligar,Paradox Rift,modern,Common,70.0,1,1,0,0.08617769624105233,0.0,1.325119780971937,0.09,0.09,0,2
sv4-92,Gliscor,Paradox Rift,modern,Uncommon,120.0,2,2,80,0.07696104113612832,0.0,1.325119780971937,0.08,0.08,0,1
sv4-93,Groudon,Paradox Rift,modern,Rare,130.0,3,2,60,0.19062035960864973,0.04999999999999982,1.325119780971937,0.2,0.21,0,1
sv4-94,Gible,Paradox Rift,modern,Common,70.0,1,1,20,0.09531017980432487,0.0,1.325119780971937,0.1,0.1,0,2
sv4-95,Gabite,Paradox Rift,modern,Common,100.0,1,1,50,0.09531017980432487,0.0,1.325119780971937,0.1,0.1,0,2
sv4-96,Mienfoo,Paradox Rift,modern,Common,60.0,1,2,20,0.07696104113612832,0.0,1.325119780971937,0.08,0.08,0,1
sv4-97,Mienshao,Paradox Rift,modern,Uncommon,100.0,1,2,50,0.10436001532424277,0.22222222222222232,1.325119780971937,0.09,0.11,0,1
sv4-98,Hoopa ex,Paradox Rift,modern,Double Rare,220.0,2,2,200,0.636576829071551,-0.17592592592592593,1.325119780971937,1.08,0.89,2,0
sv4-99,Minior,Paradox Rift,modern,Uncommon,70.0,2,1,20,0.10436001532424277,-0.08333333333333326,1.325119780971937,0.12,0.11,0,2
sv4-100,Toxtricity ex,Paradox Rift,modern,Double Rare,260.0,2,2,270,0.49469624183610705,0.16363636363636358,1.325119780971937,0.55,0.64,2,0
sv4-101,Nacli,Paradox Rift,modern,Common,60.0,2,2,20,0.05826890812397577,0.0,1.325119780971937,0.06,0.06,0,1
sv4-102,Nacli,Paradox Rift,modern,Common,70.0,3,1,10,0.06765864847381481,-0.12499999999999989,1.325119780971937,0.08,0.07,0,2
sv4-103,Naclstack,Paradox Rift,modern,Common,100.0,3,1,80,0.09531017980432487,0.11111111111111116,1.325119780971937,0.09,0.1,0,2
sv4-104,Garganacl,Paradox Rift,modern,Rare,160.0,4,1,140,0.1397619423751587,0.15384615384615374,1.325119780971937,0.13,0.15,2,0
sv4-105,Klawf,Paradox Rift,modern,Uncommon,120.0,3,2,80,0.1988508587451652,0.04761904761904767,1.325119780971937,0.21,0.22,2,1
sv4-106,Flamigo,Paradox Rift,modern,Common,110.0,1,2,30,0.09531017980432487,0.0,1.325119780971937,0.1,0.1,0,1
sv4-107,Slither Wing,Paradox Rift,modern,Uncommon,140.0,3,2,120,0.15700374880966478,0.0,1.325119780971937,0.17,0.17,2,0
sv4-108,Sandy Shocks ex,Paradox Rift,modern,Double Rare,220.0,2,1,200,0.5306282510621704,0.02941176470588225,1.325119780971937,0.68,0.7,2,0
sv4-109,Ting-Lu,Paradox Rift,modern,Rare,140.0,4,2,220,0.13102826240640408,-0.12499999999999989,1.325119780971937,0.16,0.14,2,0
sv4-110,Zubat,Paradox Rift,modern,Common,50.0,1,2,20,0.09531017980432487,0.4285714285714286,1.325119780971937,0.07,0.1,0,1
sv4-111,Golbat,Paradox Rift,modern,Common,80.0,1,1,30,0.06765864847381481,0.0,1.325119780971937,0.07,0.07,0,2
sv4-112,Crobat,Paradox Rift,modern,Uncommon,130.0,0,2,130,0.09531017980432487,-0.23076923076923073,1.325119780971937,0.13,0.1,0,1
sv4-113,Absol,Paradox Rift,modern,Uncommon,100.0,1,2,20,0.1484200051182733,-0.05882352941176472,1.325119780971937,0.17,0.16,0,1
sv4-114,Purrloin,Paradox Rift,modern,Common,60.0,1,2,30,0.08617769624105233,0.125,1.325119780971937,0.08,0.09,0,1
sv4-115,Liepard,Paradox Rift,modern,Common,100.0,1,2,60,0.07696104113612832,0.0,1.325119780971937,0.08,0.08,0,1
sv4-116,Trubbish,Paradox Rift,modern,Common,70.0,2,2,30,0.08617769624105233,0.125,1.325119780971937,0.08,0.09,0,1
sv4-117,Garbodor,Paradox Rift,modern,Uncommon,120.0,3,2,80,0.09531017980432487,-0.16666666666666663,1.325119780971937,0.12,0.1,2,1
sv4-118,Yveltal,Paradox Rift,modern,Rare,130.0,2,2,120,0.10436001532424277,0.0,1.325119780971937,0.11,0.11,2,1
sv4-119,Nickit,Paradox Rift,modern,Common,70.0,1,1,30,0.06765864847381481,0.16666666666666674,1.325119780971937,0.06,0.07,0,2
sv4-120,Thievul,Paradox Rift,modern,Rare,110.0,1,1,60,0.11332868530700317,0.0,1.325119780971937,0.12,0.12,0,2
sv4-121,Morpeko,Paradox Rift,modern,Rare,70.0,1,1,70,0.1397619423751587,-0.21052631578947367,1.325119780971937,0.19,0.15,0,2
sv4-122,Lokix,Paradox Rift,modern,Rare,120.0,1,2,30,0.12221763272424921,0.08333333333333348,1.325119780971937,0.12,0.13,0,1
sv4-123,Brute Bonnet,Paradox Rift,modern,Rare,120.0,3,1,120,0.5653138090500605,0.4901960784313726,1.325119780971937,0.51,0.76,2,1
sv4-124,Roaring Moon ex,Paradox Rift,modern,Double Rare,230.0,2,2,100,1.1151415906193203,0.05670103092783507,1.325119780971937,1.94,2.05,2,0
sv4-125,Steelix,Paradox Rift,modern,Rare,180.0,4,2,180,0.12221763272424921,-0.07142857142857151,1.325119780971937,0.14,0.13,2,0
sv4-126,Jirachi,Paradox Rift,modern,Common,70.0,1,1,0,0.20701416938432615,-0.11538461538461542,1.325119780971937,0.26,0.23,0,2
sv4-127,Ferroseed,Paradox Rift,modern,Common,70.0,2,1,30,0.07696104113612832,0.3333333333333335,1.325119780971937,0.06,0.08,0,2
sv4-128,Ferrothorn,Paradox Rift,modern,Uncommon,140.0,3,1,50,0.06765864847381481,-0.12499999999999989,1.325119780971937,0.08,0.07,0,2
sv4-129,Durant,Paradox Rift,modern,Uncommon,70.0,1,2,80,0.11332868530700317,0.0,1.325119780971937,0.12,0.12,0,1
sv4-130,Honedge,Paradox Rift,modern,Common,60.0,1,1,20,0.05826890812397577,0.0,1.325119780971937,0.06,0.06,0,2
sv4-131,Honedge,Paradox Rift,modern,Common,60.0,1,1,30,0.13102826240640408,0.16666666666666674,1.325119780971937,0.12,0.14,0,2
sv4-132,Doublade,Paradox Rift,modern,Common,90.0,2,2,80,0.10436001532424277,-0.08333333333333326,1.325119780971937,0.12,0.11,0,1
sv4-133,Doublade,Paradox Rift,modern,Common,90.0,2,2,40,0.07696104113612832,0.0,1.325119780971937,0.08,0.08,0,1
sv4-134,Aegislash,Paradox Rift,modern,Rare,150.0,3,1,120,0.13102826240640408,-0.06666666666666654,1.325119780971937,0.15,0.14,2,0
sv4-135,Aegislash ex,Paradox Rift,modern,Double Rare,330.0,3,2,220,0.4637340162321401,-0.09230769230769242,1.325119780971937,0.65,0.59,2,0
sv4-136,Zacian,Paradox Rift,modern,Rare,120.0,2,2,130,0.1397619423751587,-0.21052631578947367,1.325119780971937,0.19,0.15,2,1
sv4-137,Skeledirge ex,Paradox Rift,modern,Double Rare,330.0,3,1,160,0.5766133643039938,0.040000000000000036,1.325119780971937,0.75,0.78,2,0
sv4-138,Orthworm,Paradox Rift,modern,Uncommon,140.0,3,2,90,0.06765864847381481,-0.12499999999999989,1.325119780971937,0.08,0.07,2,0
sv4-139,Gholdengo ex,Paradox Rift,modern,Double Rare,260.0,2,1,50,1.7984040119467235,0.18867924528301883,1.325119780971937,4.24,5.04,2,0
sv4-140,Altaria ex,Paradox Rift,modern,Double Rare,260.0,1,1,140,0.5306282510621704,0.06060606060606055,1.325119780971937,0.66,0.7,2,0
sv4-141,Tatsugiri,Paradox Rift,modern,Uncommon,70.0,1,2,20,0.10436001532424277,-0.15384615384615385,1.325119780971937,0.13,0.11,0,1
sv4-142,Porygon,Paradox Rift,modern,Common,60.0,1,1,10,0.10436001532424277,0.0,1.325119780971937,0.11,0.11,0,2
sv4-143,Porygon2,Paradox Rift,modern,Common,90.0,1,1,50,0.06765864847381481,-0.29999999999999993,1.325119780971937,0.1,0.07,0,2
sv4-144,Porygon-Z,Paradox Rift,modern,Rare,150.0,2,1,40,0.1397619423751587,0.0,1.325119780971937,0.15,0.15,0,2
sv4-145,Aipom,Paradox Rift,modern,Common,60.0,1,2,20,0.06765864847381481,0.0,1.325119780971937,0.07,0.07,0,1
sv4-146,Ambipom,Paradox Rift,modern,Uncommon,100.0,1,2,20,0.09531017980432487,-0.33333333333333326,1.325119780971937,0.15,0.1,0,1
sv4-147,Miltank,Paradox Rift,modern,Common,120.0,2,1,60,0.10436001532424277,0.09999999999999987,1.325119780971937,0.1,0.11,0,2
sv4-148,Whismur,Paradox Rift,modern,Common,70.0,2,1,10,0.07696104113612832,0.1428571428571428,1.325119780971937,0.07,0.08,0,2
sv4-149,Loudred,Paradox Rift,modern,Common,100.0,2,2,40,0.08617769624105233,0.2857142857142856,1.325119780971937,0.07,0.09,0,1
sv4-150,Exploud,Paradox Rift,modern,Uncommon,160.0,3,2,140,0.1397619423751587,0.15384615384615374,1.325119780971937,0.13,0.15,2,1
sv4-151,Spinda,Paradox Rift,modern,Common,80.0,1,1,100,0.07696104113612832,-0.11111111111111105,1.325119780971937,0.09,0.08,0,2
sv4-152,Swablu,Paradox Rift,modern,Common,50.0,1,2,10,0.11332868530700317,-0.14285714285714302,1.325119780971937,0.14,0.12,0,1
sv4-153,Tandemaus,Paradox Rift,modern,Common,30.0,0,1,10,0.13102826240640408,0.27272727272727293,1.325119780971937,0.11,0.14,0,2
sv4-154,Tandemaus,Paradox Rift,modern,Common,40.0,1,1,40,0.11332868530700317,0.19999999999999996,1.325119780971937,0.1,0.12,0,2
sv4-155,Maushold ex,Paradox Rift,modern,Double Rare,230.0,0,1,120,0.5933268452777344,0.3728813559322035,1.325119780971937,0.59,0.81,0,0
sv4-156,Bombirdier ex,Paradox Rift,modern,Double Rare,200.0,1,2,130,0.412109650826833,-0.1206896551724137,1.325119780971937,0.58,0.51,2,0
sv4-157,Cyclizar,Paradox Rift,modern,Uncommon,120.0,1,2,70,0.09531017980432487,0.25,1.325119780971937,0.08,0.1,0,1
sv4-158,Iron Jugulis,Paradox Rift,modern,Rare,130.0,2,2,150,0.13102826240640408,-0.12499999999999989,1.325119780971937,0.16,0.14,2,1
sv4-183,Crustle,Paradox Rift,modern,Illustration Rare,130.0,3,2,100,1.8578592709325787,0.45040214477211804,1.325119780971937,3.73,5.41,2,1
sv4-184,Dottler,Paradox Rift,modern,Illustration Rare,80.0,2,2,20,1.7526720805200082,0.18362282878411884,1.325119780971937,4.03,4.77,0,1
sv4-185,Toedscruel,Paradox Rift,modern,Illustration Rare,120.0,2,1,80,2.457877977400081,0.07444668008048283,1.325119780971937,9.94,10.68,0,2
sv4-186,Magby,Paradox Rift,modern,Illustration Rare,30.0,0,1,0,2.947591898226056,0.0699052132701421,1.325119780971937,16.88,18.06,0,2
sv4-187,Iron Moth,Paradox Rift,modern,Illustration Rare,130.0,2,1,120,3.3282682016393976,1.0,1.325119780971937,7.47,26.89,2,1
sv4-188,Snorunt,Paradox Rift,modern,Illustration Rare,60.0,1,1,10,2.379546134130174,0.08287292817679548,1.325119780971937,9.05,9.8,0,2
sv4-189,Mantyke,Paradox Rift,modern,Illustration Rare,30.0,0,1,0,2.976549454137217,0.11563810665068908,1.325119780971937,16.69,18.62,0,2
sv4-190,Vanillish,Paradox Rift,modern,Illustration Rare,90.0,2,1,60,2.72785282839839,0.054572271386430726,1.325119780971937,13.56,14.3,0,2
sv4-191,Wimpod,Paradox Rift,modern,Illustration Rare,70.0,2,2,30,2.1849270495258133,0.05059920106524629,1.325119780971937,7.51,7.89,0,1
sv4-192,Veluza,Paradox Rift,modern,Illustration Rare,120.0,2,1,60,2.2159372862683733,0.19444444444444442,1.325119780971937,6.84,8.17,0,2
sv4-193,Plusle,Paradox Rift,modern,Illustration Rare,70.0,1,1,10,3.238286218388024,0.1036502929247407,1.325119780971937,22.19,24.49,0,2
sv4-194,Minun,Paradox Rift,modern,Illustration Rare,70.0,1,1,20,3.3002714630721948,0.02834645669291347,1.325119780971937,25.4,26.12,0,2
sv4-195,Blitzle,Paradox Rift,modern,Illustration Rare,60.0,1,2,50,2.2364452904895007,0.004807692307692291,1.325119780971937,8.32,8.36,0,1
sv4-196,Joltik,Paradox Rift,modern,Illustration Rare,40.0,1,1,10,2.4527277514237653,0.10165975103734426,1.325119780971937,9.64,10.62,0,2
sv4-197,Espathra,Paradox Rift,modern,Illustration Rare,120.0,1,1,70,2.395164274287139,0.15661252900232037,1.325119780971937,8.62,9.97,0,2
sv4-198,Gimmighoul,Paradox Rift,modern,Illustration Rare,70.0,2,1,20,2.615934912194404,0.1475113122171945,1.325119780971937,11.05,12.68,0,2
sv4-199,Groudon,Paradox Rift,modern,Illustration Rare,130.0,3,2,60,4.638895055389712,-0.001072752096742735,1.325119780971937,102.54,102.43,2,0
sv4-200,Mienshao,Paradox Rift,modern,Illustration Rare,100.0,1,2,50,2.498973906999436,0.10266535044422498,1.325119780971937,10.13,11.17,0,1
sv4-201,Minior,Paradox Rift,modern,Illustration Rare,70.0,2,1,20,2.747270914255491,-0.10539215686274517,1.325119780971937,16.32,14.6,0,2
sv4-202,Garganacl,Paradox Rift,modern,Illustration Rare,160.0,4,1,140,2.0228711901914416,0.10623946037099485,1.325119780971937,5.93,6.56,2,0
sv4-203,Slither Wing,Paradox Rift,modern,Illustration Rare,140.0,3,2,120,2.495681722955959,1.0,1.325119780971937,5.35,11.13,2,1
sv4-204,Garbodor,Paradox Rift,modern,Illustration Rare,120.0,3,2,80,2.6525374911719513,0.10100166944908162,1.325119780971937,11.98,13.19,2,0
sv4-205,Yveltal,Paradox Rift,modern,Illustration Rare,130.0,2,2,120,3.4394560937792455,0.09113924050632916,1.325119780971937,27.65,30.17,2,0
sv4-206,Morpeko,Paradox Rift,modern,Illustration Rare,70.0,1,1,70,3.315639493300509,0.056108237166732966,1.325119780971937,25.13,26.54,0,2
sv4-207,Brute Bonnet,Paradox Rift,modern,Illustration Rare,120.0,3,1,120,3.2865344733420154,0.10609965635738816,1.325119780971937,23.28,25.75,2,0
sv4-208,Steelix,Paradox Rift,modern,Illustration Rare,180.0,4,2,180,3.5956670723917576,-0.013912075681691727,1.325119780971937,35.94,35.44,2,0
sv4-209,Ferrothorn,Paradox Rift,modern,Illustration Rare,140.0,3,1,50,1.9430489167742813,0.032815198618307395,1.325119780971937,5.79,5.98,2,2
sv4-210,Aegislash,Paradox Rift,modern,Illustration Rare,150.0,3,1,120,2.318458442150336,0.14500000000000002,1.325119780971937,8.0,9.16,2,0
sv4-211,Aipom,Paradox Rift,modern,Illustration Rare,60.0,1,2,20,2.589266665112243,0.07975460122699385,1.325119780971937,11.41,12.32,0,1
sv4-212,Loudred,Paradox Rift,modern,Illustration Rare,100.0,2,2,40,2.67552700939665,0.07472178060413359,1.325119780971937,12.58,13.52,0,0
sv4-213,Swablu,Paradox Rift,modern,Illustration Rare,50.0,1,2,10,2.983659692319722,-0.07036669970267584,1.325119780971937,20.18,18.76,0,1
sv4-214,Porygon-Z,Paradox Rift,modern,Illustration Rare,150.0,2,1,40,2.5945081597030812,0.15363128491620115,1.325119780971937,10.74,12.39,0,2
sv4-215,Cyclizar,Paradox Rift,modern,Illustration Rare,120.0,1,2,70,1.9530276168241774,0.10200364298724951,1.325119780971937,5.49,6.05,0,1
sv4-216,Iron Jugulis,Paradox Rift,modern,Illustration Rare,130.0,2,2,150,2.4449523342809676,0.0889348500517062,1.325119780971937,9.67,10.53,2,0
sv4-217,Froslass ex,Paradox Rift,modern,Ultra Rare,250.0,1,1,140,1.1939224684724346,0.1557788944723617,1.325119780971937,1.99,2.3,2,0
sv4-218,Armarouge ex,Paradox Rift,modern,Ultra Rare,260.0,2,1,40,1.1118575154181303,0.18604651162790709,1.325119780971937,1.72,2.04,2,0
sv4-219,Garchomp ex,Paradox Rift,modern,Ultra Rare,320.0,0,2,160,1.9810014688665833,0.0557432432432432,1.325119780971937,5.92,6.25,2,0
sv4-220,Tsareena ex,Paradox Rift,modern,Ultra Rare,310.0,2,2,180,1.3711807233098425,0.20491803278688514,1.325119780971937,2.44,2.94,2,0
sv4-221,Golisopod ex,Paradox Rift,modern,Ultra Rare,270.0,3,2,170,1.1346227261911428,0.08205128205128198,1.325119780971937,1.95,2.11,2,0
sv4-222,Tapu Koko ex,Paradox Rift,modern,Ultra Rare,210.0,1,2,180,1.1118575154181303,-0.019230769230769273,1.325119780971937,2.08,2.04,2,0
sv4-223,Iron Hands ex,Paradox Rift,modern,Ultra Rare,230.0,4,2,160,2.05668455455722,-0.08456375838926178,1.325119780971937,7.45,6.82,2,0
sv4-224,Cofagrigus ex,Paradox Rift,modern,Ultra Rare,260.0,2,1,110,1.0885619528146082,0.0,1.325119780971937,1.97,1.97,2,0
sv4-225,Iron Valiant ex,Paradox Rift,modern,Ultra Rare,220.0,2,1,200,1.4011829736136414,0.030303030303030276,1.325119780971937,2.97,3.06,2,0
sv4-226,Hoopa ex,Paradox Rift,modern,Ultra Rare,220.0,2,2,200,1.269760544863939,-0.03759398496240607,1.325119780971937,2.66,2.56,2,0
sv4-227,Toxtricity ex,Paradox Rift,modern,Ultra Rare,260.0,2,2,270,1.3217558399823195,0.0,1.325119780971937,2.75,2.75,2,0
sv4-228,Sandy Shocks ex,Paradox Rift,modern,Ultra Rare,220.0,2,1,200,1.2267122912954254,0.03879310344827602,1.325119780971937,2.32,2.41,2,0
sv4-229,Roaring Moon ex,Paradox Rift,modern,Ultra Rare,230.0,2,2,100,1.8468787684491346,0.03288201160541582,1.325119780971937,5.17,5.34,2,0
sv4-230,Aegislash ex,Paradox Rift,modern,Ultra Rare,330.0,3,2,220,0.9932517730102833,-0.017341040462427793,1.325119780971937,1.73,1.7,2,0
sv4-231,Gholdengo ex,Paradox Rift,modern,Ultra Rare,260.0,2,1,50,2.1174596088673567,0.056358381502890076,1.325119780971937,6.92,7.31,2,0
sv4-232,Altaria ex,Paradox Rift,modern,Ultra Rare,260.0,1,1,140,1.2383742310432684,-0.06844106463878319,1.325119780971937,2.63,2.45,2,0
sv4-233,Maushold ex,Paradox Rift,modern,Ultra Rare,230.0,0,1,120,2.1126345090356,0.0628654970760234,1.325119780971937,6.84,7.27,2,0
sv4-234,Bombirdier ex,Paradox Rift,modern,Ultra Rare,200.0,1,2,130,1.000631880307906,-0.04972375690607744,1.325119780971937,1.81,1.72,2,0
sv4-245,Garchomp ex,Paradox Rift,modern,Special Illustration Rare,320.0,0,2,160,3.7909846770510898,-0.09262363788767813,1.325119780971937,47.72,43.3,2,0
sv4-246,Golisopod ex,Paradox Rift,modern,Special Illustration Rare,270.0,3,2,170,2.9621754900251482,0.0234375,1.325119780971937,17.92,18.34,2,0
sv4-247,Tapu Koko ex,Paradox Rift,modern,Special Illustration Rare,210.0,1,2,180,3.012097627640255,0.01576458223857058,1.325119780971937,19.03,19.33,2,0
sv4-248,Iron Hands ex,Paradox Rift,modern,Special Illustration Rare,230.0,4,2,160,3.0610517396746335,0.07615018508725546,1.325119780971937,18.91,20.35,2,0
sv4-249,Iron Valiant ex,Paradox Rift,modern,Special Illustration Rare,220.0,2,1,200,3.590990953294811,0.02261525079733251,1.325119780971937,34.49,35.27,2,0
sv4-250,Sandy Shocks ex,Paradox Rift,modern,Special Illustration Rare,220.0,2,1,200,2.511223958105374,0.038532110091743066,1.325119780971937,10.9,11.32,2,0
sv4-251,Roaring Moon ex,Paradox Rift,modern,Special Illustration Rare,230.0,2,2,100,4.119037174812473,-0.004279131007241532,1.325119780971937,60.76,60.5,2,0
sv4-252,Gholdengo ex,Paradox Rift,modern,Special Illustration Rare,260.0,2,1,50,3.2954664270299134,0.10080474375264714,1.325119780971937,23.61,25.99,2,0
sv4-253,Altaria ex,Paradox Rift,modern,Special Illustration Rare,260.0,1,1,140,4.239742764911457,0.03999391727493906,1.325119780971937,65.76,68.39,2,0
sv4-260,Garchomp ex,Paradox Rift,modern,Hyper Rare,320.0,0,2,160,2.5209170873110334,-0.01802575107296145,1.325119780971937,11.65,11.44,2,0
sv4-261,Iron Valiant ex,Paradox Rift,modern,Hyper Rare,220.0,2,1,200,1.8309801823813363,0.1990846681922196,1.325119780971937,4.37,5.24,2,0
sv4-262,Roaring Moon ex,Paradox Rift,modern,Hyper Rare,230.0,2,2,100,1.986503546020567,-0.05979073243647237,1.325119780971937,6.69,6.29,2,0
sv4pt5-1,Pineco,Paldean Fates,modern,Common,70.0,2,1,30,0.12221763272424921,0.44444444444444464,1.0951403148528405,0.09,0.13,0,2
sv4pt5-2,Forretress ex,Paldean Fates,modern,Double Rare,270.0,3,1,120,0.3074846997479606,-0.10000000000000009,1.0951403148528405,0.4,0.36,2,0
sv4pt5-9,Magmar,Paldean Fates,modern,Common,80.0,2,2,40,0.06765864847381481,0.0,1.0951403148528405,0.07,0.07,0,1
sv4pt5-3,Maractus,Paldean Fates,modern,Common,110.0,2,2,30,0.08617769624105233,-0.10000000000000009,1.0951403148528405,0.1,0.09,0,1
sv4pt5-10,Magmortar,Paldean Fates,modern,Rare,140.0,3,2,170,0.15700374880966478,0.3076923076923077,1.0951403148528405,0.13,0.17,2,1
sv4pt5-13,Heat Rotom,Paldean Fates,modern,Rare,90.0,1,1,100,0.2151113796169455,1.0,1.0951403148528405,0.12,0.24,0,1
sv4pt5-16,Lapras,Paldean Fates,modern,Common,110.0,1,2,50,0.11332868530700317,0.33333333333333326,1.0951403148528405,0.09,0.12,0,1
sv4pt5-18,Pikachu,Paldean Fates,modern,Common,70.0,1,2,30,0.15700374880966478,0.0625,1.0951403148528405,0.16,0.17,0,1
sv4pt5-12,Camerupt,Paldean Fates,modern,Uncommon,130.0,3,2,120,0.13102826240640408,0.16666666666666674,1.0951403148528405,0.12,0.14,2,1
sv4pt5-14,Charcadet,Paldean Fates,modern,Common,70.0,1,1,60,0.08617769624105233,-0.18181818181818188,1.0951403148528405,0.11,0.09,0,2
sv4pt5-22,Kilowattrel,Paldean Fates,modern,Uncommon,120.0,0,2,90,0.10436001532424277,-0.08333333333333326,1.0951403148528405,0.12,0.11,0,1
sv4pt5-23,Exeggcute,Paldean Fates,modern,Common,60.0,2,2,30,0.06765864847381481,-0.12499999999999989,1.0951403148528405,0.08,0.07,0,1
sv4pt5-25,Natu,Paldean Fates,modern,Common,50.0,1,1,10,0.11332868530700317,0.09090909090909083,1.0951403148528405,0.11,0.12,0,2
sv4pt5-4,Toedscool,Paldean Fates,modern,Common,50.0,1,1,10,0.05826890812397577,0.0,1.0951403148528405,0.06,0.06,0,2
sv4pt5-5,Toedscruel ex,Paldean Fates,modern,Double Rare,270.0,2,1,80,0.35767444427181594,0.07499999999999996,1.0951403148528405,0.4,0.43,2,0
sv4pt5-6,Espathra ex,Paldean Fates,modern,Double Rare,260.0,1,1,30,0.3852624007906449,0.17499999999999982,1.0951403148528405,0.4,0.47,0,0
sv4pt5-7,Charmander,Paldean Fates,modern,Common,70.0,1,2,30,0.1484200051182733,0.0,1.0951403148528405,0.16,0.16,0,1
sv4pt5-17,Frigibax,Paldean Fates,modern,Common,70.0,2,2,20,0.11332868530700317,-0.14285714285714302,1.0951403148528405,0.14,0.12,0,1
sv4pt5-19,Raichu,Paldean Fates,modern,Rare,120.0,1,1,180,0.13102826240640408,-0.12499999999999989,1.0951403148528405,0.16,0.14,0,0
sv4pt5-20,Chinchou,Paldean Fates,modern,Common,60.0,1,2,20,0.07696104113612832,-0.11111111111111105,1.0951403148528405,0.09,0.08,0,1
sv4pt5-8,Charmeleon,Paldean Fates,modern,Uncommon,90.0,2,1,50,0.20701416938432615,-0.07999999999999996,1.0951403148528405,0.25,0.23,0,2
sv4pt5-11,Numel,Paldean Fates,modern,Common,80.0,3,2,60,0.07696104113612832,0.0,1.0951403148528405,0.08,0.08,0,1
sv4pt5-15,Armarouge,Paldean Fates,modern,Rare,130.0,2,1,90,0.12221763272424921,-0.07142857142857151,1.0951403148528405,0.14,0.13,0,2
sv4pt5-21,Lanturn,Paldean Fates,modern,Uncommon,120.0,2,2,80,0.1484200051182733,0.1428571428571428,1.0951403148528405,0.14,0.16,0,1
sv4pt5-24,Exeggutor,Paldean Fates,modern,Rare,130.0,2,2,160,0.10436001532424277,0.22222222222222232,1.0951403148528405,0.09,0.11,2,1
sv4pt5-26,Xatu,Paldean Fates,modern,Rare,100.0,1,1,80,0.18232155679395465,0.4285714285714286,1.0951403148528405,0.14,0.2,0,1
sv4pt5-29,Gardevoir ex,Paldean Fates,modern,Double Rare,310.0,2,1,190,0.5596157879354227,0.2295081967213115,1.0951403148528405,0.61,0.75,2,0
sv4pt5-30,Chimecho,Paldean Fates,modern,Common,70.0,1,2,70,0.05826890812397577,0.0,1.0951403148528405,0.06,0.06,0,1
sv4pt5-43,Houndstone,Paldean Fates,modern,Rare,140.0,3,1,80,0.13102826240640408,0.27272727272727293,1.0951403148528405,0.11,0.14,2,0
sv4pt5-47,Annihilape,Paldean Fates,modern,Rare,140.0,2,2,170,0.09531017980432487,0.11111111111111116,1.0951403148528405,0.09,0.1,2,1
sv4pt5-60,Scraggy,Paldean Fates,modern,Common,70.0,1,2,50,0.07696104113612832,0.3333333333333335,1.0951403148528405,0.06,0.08,0,1
sv4pt5-32,Woobat,Paldean Fates,modern,Common,60.0,1,1,30,0.05826890812397577,0.19999999999999996,1.0951403148528405,0.05,0.06,0,2
sv4pt5-71,Lechonk,Paldean Fates,modern,Common,70.0,1,1,70,0.11332868530700317,0.0,1.0951403148528405,0.12,0.12,0,2
sv4pt5-33,Swoobat,Paldean Fates,modern,Uncommon,90.0,1,1,30,0.1484200051182733,0.4545454545454546,1.0951403148528405,0.11,0.16,0,1
sv4pt5-36,Dedenne,Paldean Fates,modern,Common,70.0,1,2,50,0.10436001532424277,0.22222222222222232,1.0951403148528405,0.09,0.11,0,1
sv4pt5-38,Fidough,Paldean Fates,modern,Common,50.0,1,1,20,0.08617769624105233,0.2857142857142856,1.0951403148528405,0.07,0.09,0,2
sv4pt5-39,Dachsbun,Paldean Fates,modern,Uncommon,90.0,1,1,100,0.11332868530700317,0.0,1.0951403148528405,0.12,0.12,0,2
sv4pt5-41,Flittle,Paldean Fates,modern,Common,30.0,1,1,20,0.07696104113612832,-0.33333333333333326,1.0951403148528405,0.12,0.08,0,2
sv4pt5-44,Gimmighoul,Paldean Fates,modern,Common,50.0,1,2,10,0.10436001532424277,0.09999999999999987,1.0951403148528405,0.1,0.11,0,1
sv4pt5-95,Scyther,Paldean Fates,modern,Shiny Rare,80.0,1,2,20,2.089391872533004,0.107981220657277,1.0951403148528405,6.39,7.08,0,1
sv4pt5-50,Barboach,Paldean Fates,modern,Common,70.0,2,2,20,0.07696104113612832,0.1428571428571428,1.0951403148528405,0.07,0.08,0,1
sv4pt5-99,Pineco,Paldean Fates,modern,Shiny Rare,70.0,2,1,30,1.1568811967920856,0.028301886792452935,1.0951403148528405,2.12,2.18,0,2
sv4pt5-51,Clobbopus,Paldean Fates,modern,Common,70.0,2,1,20,0.08617769624105233,0.0,1.0951403148528405,0.09,0.09,0,2
sv4pt5-100,Snover,Paldean Fates,modern,Shiny Rare,90.0,3,1,30,1.205970806988609,0.008620689655172376,1.0951403148528405,2.32,2.34,0,2
sv4pt5-52,Grapploct,Paldean Fates,modern,Uncommon,120.0,2,2,120,0.1397619423751587,0.25,1.0951403148528405,0.12,0.15,2,1
sv4pt5-101,Abomasnow,Paldean Fates,modern,Shiny Rare,150.0,3,1,110,1.2296405510745139,0.05676855895196509,1.0951403148528405,2.29,2.42,2,0
sv4pt5-58,Paldean Wooper,Paldean Fates,modern,Common,60.0,2,2,10,0.11332868530700317,0.5,1.0951403148528405,0.08,0.12,0,1
sv4pt5-64,Varoom,Paldean Fates,modern,Common,60.0,1,2,20,0.05826890812397577,-0.25,1.0951403148528405,0.08,0.06,0,1
sv4pt5-70,Cyclizar,Paldean Fates,modern,Rare,120.0,1,1,100,0.09531017980432487,0.0,1.0951403148528405,0.1,0.1,0,2
sv4pt5-72,Oinkologne,Paldean Fates,modern,Uncommon,130.0,2,2,70,0.1397619423751587,0.4999999999999998,1.0951403148528405,0.1,0.15,0,1
sv4pt5-73,Tandemaus,Paldean Fates,modern,Common,30.0,1,2,30,0.09531017980432487,0.0,1.0951403148528405,0.1,0.1,0,1
sv4pt5-93,Gloom,Paldean Fates,modern,Shiny Rare,70.0,1,1,30,1.4445632692438664,-0.027027027027026973,1.0951403148528405,3.33,3.24,0,2
sv4pt5-102,Smoliv,Paldean Fates,modern,Shiny Rare,60.0,1,2,20,1.4701758451005926,0.08766233766233777,1.0951403148528405,3.08,3.35,0,1
sv4pt5-27,Ralts,Paldean Fates,modern,Common,70.0,1,1,30,0.1397619423751587,-0.11764705882352955,1.0951403148528405,0.17,0.15,0,2
sv4pt5-31,Mime Jr.,Paldean Fates,modern,Common,30.0,0,1,0,0.12221763272424921,-0.1875,1.0951403148528405,0.16,0.13,0,2
sv4pt5-34,Cottonee,Paldean Fates,modern,Common,60.0,1,1,30,0.06765864847381481,-0.2222222222222221,1.0951403148528405,0.09,0.07,0,2
sv4pt5-40,Ceruledge,Paldean Fates,modern,Rare,140.0,2,2,100,0.11332868530700317,-0.07692307692307698,1.0951403148528405,0.13,0.12,0,1
sv4pt5-46,Primeape,Paldean Fates,modern,Uncommon,90.0,1,1,70,0.09531017980432487,-0.23076923076923073,1.0951403148528405,0.13,0.1,0,2
sv4pt5-49,Donphan,Paldean Fates,modern,Uncommon,150.0,3,2,160,0.1397619423751587,0.4999999999999998,1.0951403148528405,0.1,0.15,2,1
sv4pt5-53,Great Tusk ex,Paldean Fates,modern,Double Rare,250.0,4,1,260,0.29266961396282,-0.02857142857142847,1.0951403148528405,0.35,0.34,2,0
sv4pt5-61,Scrafty,Paldean Fates,modern,Uncommon,120.0,2,2,130,0.09531017980432487,0.0,1.0951403148528405,0.1,0.1,2,1
sv4pt5-65,Revavroom,Paldean Fates,modern,Rare,140.0,2,1,90,0.09531017980432487,-0.09090909090909083,1.0951403148528405,0.11,0.1,0,2
sv4pt5-68,Noibat,Paldean Fates,modern,Common,70.0,1,1,40,0.08617769624105233,0.0,1.0951403148528405,0.09,0.09,0,2
sv4pt5-69,Noivern ex,Paldean Fates,modern,Double Rare,260.0,0,2,140,0.37156355643248307,0.022727272727272707,1.0951403148528405,0.44,0.45,2,0
sv4pt5-92,Oddish,Paldean Fates,modern,Shiny Rare,60.0,1,1,20,1.8718021769015913,0.25284738041002286,1.0951403148528405,4.39,5.5,0,2
sv4pt5-96,Hoppip,Paldean Fates,modern,Shiny Rare,50.0,1,1,10,1.551808799597464,0.13761467889908263,1.0951403148528405,3.27,3.72,0,2
sv4pt5-97,Skiploom,Paldean Fates,modern,Shiny Rare,70.0,1,1,30,1.4996230464268938,0.14851485148514865,1.0951403148528405,3.03,3.48,0,2
sv4pt5-98,Jumpluff,Paldean Fates,modern,Shiny Rare,90.0,1,1,60,1.4816045409242156,-0.017341040462427793,1.0951403148528405,3.46,3.4,0,2
sv4pt5-103,Dolliv,Paldean Fates,modern,Shiny Rare,90.0,1,2,40,1.235471471385307,0.1455399061032865,1.0951403148528405,2.13,2.44,0,1
sv4pt5-104,Arboliva,Paldean Fates,modern,Shiny Rare,150.0,2,1,150,1.2837077723447896,-0.09999999999999998,1.0951403148528405,2.9,2.61,2,0
sv4pt5-28,Kirlia,Paldean Fates,modern,Uncommon,90.0,1,2,60,0.15700374880966478,0.2142857142857142,1.0951403148528405,0.14,0.17,0,1
sv4pt5-35,Whimsicott,Paldean Fates,modern,Uncommon,90.0,0,1,50,0.09531017980432487,-0.16666666666666663,1.0951403148528405,0.12,0.1,0,2
sv4pt5-37,Mimikyu,Paldean Fates,modern,Rare,70.0,1,1,0,0.19062035960864973,-0.045454545454545525,1.0951403148528405,0.22,0.21,0,2
sv4pt5-42,Greavard,Paldean Fates,modern,Common,70.0,2,1,10,0.06765864847381481,-0.12499999999999989,1.0951403148528405,0.08,0.07,0,2
sv4pt5-45,Mankey,Paldean Fates,modern,Common,60.0,1,1,30,0.05826890812397577,-0.14285714285714302,1.0951403148528405,0.07,0.06,0,2
sv4pt5-48,Phanpy,Paldean Fates,modern,Common,80.0,2,2,60,0.08617769624105233,0.125,1.0951403148528405,0.08,0.09,0,1
sv4pt5-54,Charizard ex,Paldean Fates,modern,Double Rare,330.0,2,1,180,1.4469189829363254,0.132404181184669,1.0951403148528405,2.87,3.25,2,0
sv4pt5-55,Gastly,Paldean Fates,modern,Common,50.0,1,2,20,0.10436001532424277,-0.15384615384615385,1.0951403148528405,0.13,0.11,0,1
sv4pt5-56,Haunter,Paldean Fates,modern,Common,80.0,1,1,40,0.1397619423751587,0.15384615384615374,1.0951403148528405,0.13,0.15,0,2
sv4pt5-57,Gengar,Paldean Fates,modern,Uncommon,130.0,1,1,100,0.29266961396282,0.2592592592592593,1.0951403148528405,0.27,0.34,0,2
sv4pt5-59,Paldean Clodsire ex,Paldean Fates,modern,Double Rare,280.0,3,1,200,0.3506568716131694,0.04999999999999982,1.0951403148528405,0.4,0.42,2,0
sv4pt5-62,Maschiff,Paldean Fates,modern,Common,60.0,1,1,10,0.06765864847381481,-0.12499999999999989,1.0951403148528405,0.08,0.07,0,2
sv4pt5-63,Mabosstiff,Paldean Fates,modern,Rare,130.0,3,1,160,0.09531017980432487,-0.09090909090909083,1.0951403148528405,0.11,0.1,2,0
sv4pt5-66,Iron Treads ex,Paldean Fates,modern,Double Rare,220.0,3,1,150,0.3293037471426004,-0.11363636363636365,1.0951403148528405,0.44,0.39,2,0
sv4pt5-67,Gholdengo,Paldean Fates,modern,Rare,130.0,2,2,80,0.15700374880966478,0.13333333333333353,1.0951403148528405,0.15,0.17,0,1
sv4pt5-74,Maushold,Paldean Fates,modern,Uncommon,70.0,1,2,70,0.16551443847757338,0.2857142857142856,1.0951403148528405,0.14,0.18,0,1
sv4pt5-75,Squawkabilly ex,Paldean Fates,modern,Double Rare,160.0,1,1,20,0.7839015438284094,0.41666666666666674,1.0951403148528405,0.84,1.19,0,2
sv4pt5-94,Vileplume,Paldean Fates,modern,Shiny Rare,140.0,2,1,90,1.7544036826842861,0.04139433551198257,1.0951403148528405,4.59,4.78,0,0
sv4pt5-109,Charmander,Paldean Fates,modern,Shiny Rare,70.0,1,2,30,3.332918540908861,-0.002952029520295274,1.0951403148528405,27.1,27.02,0,1
sv4pt5-112,Entei,Paldean Fates,modern,Shiny Rare,130.0,2,1,60,2.343727036325221,-0.029866117404737436,1.0951403148528405,9.71,9.42,0,2
sv4pt5-113,Oricorio,Paldean Fates,modern,Shiny Rare,90.0,1,1,30,1.1249295969854831,0.07216494845360821,1.0951403148528405,1.94,2.08,0,2
sv4pt5-108,Rellor,Paldean Fates,modern,Shiny Rare,50.0,1,1,30,1.2499017362143359,0.07792207792207795,1.0951403148528405,2.31,2.49,0,2
sv4pt5-114,Charcadet,Paldean Fates,modern,Shiny Rare,70.0,1,1,60,2.1610215286722587,0.07412587412587412,1.0951403148528405,7.15,7.68,0,2
sv4pt5-115,Armarouge,Paldean Fates,modern,Shiny Rare,130.0,2,1,90,1.7613002617433464,-0.045544554455445474,1.0951403148528405,5.05,4.82,0,0
sv4pt5-116,Slowpoke,Paldean Fates,modern,Shiny Rare,70.0,2,2,20,2.1377104498038118,-0.015789473684210464,1.0951403148528405,7.6,7.48,0,1
sv4pt5-117,Slowbro,Paldean Fates,modern,Shiny Rare,100.0,3,1,60,2.018895041811802,0.0365079365079366,1.0951403148528405,6.3,6.53,0,2
sv4pt5-105,Toedscool,Paldean Fates,modern,Shiny Rare,50.0,1,1,10,1.4085449700547104,0.16603773584905657,1.0951403148528405,2.65,3.09,0,2
sv4pt5-110,Charmeleon,Paldean Fates,modern,Shiny Rare,90.0,2,1,50,2.8942531046041373,0.024609843937575038,1.0951403148528405,16.66,17.07,0,2
sv4pt5-111,Paldean Tauros,Paldean Fates,modern,Shiny Rare,130.0,2,2,120,1.2412685890696329,0.029288702928870203,1.0951403148528405,2.39,2.46,2,0
sv4pt5-118,Staryu,Paldean Fates,modern,Shiny Rare,60.0,1,1,30,1.7351891177396608,0.1280193236714977,1.0951403148528405,4.14,4.67,0,2
sv4pt5-106,Capsakid,Paldean Fates,modern,Shiny Rare,70.0,1,2,50,1.208960345836975,-0.03292181069958855,1.0951403148528405,2.43,2.35,0,1
sv4pt5-107,Scovillain,Paldean Fates,modern,Shiny Rare,110.0,2,1,110,1.1969481893889715,-0.07228915662650603,1.0951403148528405,2.49,2.31,0,0
sv4pt5-119,Starmie,Paldean Fates,modern,Shiny Rare,90.0,1,1,50,1.951608170169951,0.11645101663585944,1.0951403148528405,5.41,6.04,0,2
sv4pt5-122,Wugtrio,Paldean Fates,modern,Shiny Rare,90.0,2,2,30,1.0402767116551463,-0.07106598984771573,1.0951403148528405,1.97,1.83,0,1
sv4pt5-124,Palafin,Paldean Fates,modern,Shiny Rare,150.0,2,2,210,1.308332819650179,-0.12903225806451613,1.0951403148528405,3.1,2.7,2,0
sv4pt5-134,Electrode,Paldean Fates,modern,Shiny Rare,90.0,1,2,70,1.3297240096314962,0.045112781954887105,1.0951403148528405,2.66,2.78,0,1
sv4pt5-136,Luxio,Paldean Fates,modern,Shiny Rare,90.0,1,2,60,1.601405740736836,-0.01492537313432829,1.0951403148528405,4.02,3.96,0,1
sv4pt5-139,Thundurus,Paldean Fates,modern,Shiny Rare,110.0,2,1,140,1.275362800412609,-0.0979020979020978,1.0951403148528405,2.86,2.58,2,0
sv4pt5-127,Tatsugiri,Paldean Fates,modern,Shiny Rare,70.0,1,2,30,1.6074359097634274,0.047244094488189115,1.0951403148528405,3.81,3.99,0,1
sv4pt5-129,Arctibax,Paldean Fates,modern,Shiny Rare,90.0,2,2,80,1.5151272329628591,-0.05835543766578255,1.0951403148528405,3.77,3.55,0,1
sv4pt5-130,Baxcalibur,Paldean Fates,modern,Shiny Rare,160.0,2,1,130,1.8325814637483102,0.11940298507462677,1.0951403148528405,4.69,5.25,2,0
sv4pt5-133,Voltorb,Paldean Fates,modern,Shiny Rare,60.0,1,1,10,1.3110318766193438,0.054474708171206254,1.0951403148528405,2.57,2.71,0,2
sv4pt5-120,Paldean Tauros,Paldean Fates,modern,Shiny Rare,130.0,2,2,20,1.5454325824581878,-0.008064516129032362,1.0951403148528405,3.72,3.69,0,1
sv4pt5-125,Veluza,Paldean Fates,modern,Shiny Rare,130.0,2,2,120,1.0508216248317612,-0.03124999999999989,1.0951403148528405,1.92,1.86,2,0
sv4pt5-126,Dondozo,Paldean Fates,modern,Shiny Rare,160.0,4,2,120,1.2809338454620642,0.06557377049180335,1.0951403148528405,2.44,2.6,2,0
sv4pt5-131,Pikachu,Paldean Fates,modern,Shiny Rare,70.0,1,2,30,3.844814255734696,-0.1147445820433437,1.0951403148528405,51.68,45.75,0,1
sv4pt5-138,Pachirisu,Paldean Fates,modern,Shiny Rare,70.0,1,1,10,1.5810384379124023,0.046070460704606964,1.0951403148528405,3.69,3.86,0,2
sv4pt5-121,Wiglett,Paldean Fates,modern,Shiny Rare,50.0,1,1,10,1.33500106673234,0.06060606060606055,1.0951403148528405,2.64,2.8,0,2
sv4pt5-123,Finizen,Paldean Fates,modern,Shiny Rare,50.0,2,2,10,1.501852701754163,-0.011331444759206666,1.0951403148528405,3.53,3.49,0,1
sv4pt5-132,Raichu,Paldean Fates,modern,Shiny Rare,120.0,1,1,180,2.333114298028869,0.03215077605321515,1.0951403148528405,9.02,9.31,2,0
sv4pt5-135,Shinx,Paldean Fates,modern,Shiny Rare,70.0,1,1,30,2.1713368063840917,0.002580645161290196,1.0951403148528405,7.75,7.77,0,2
sv4pt5-137,Luxray,Paldean Fates,modern,Shiny Rare,150.0,1,1,180,2.3350522831315472,0.0264026402640265,1.0951403148528405,9.09,9.33,2,0
sv4pt5-142,Pawmi,Paldean Fates,modern,Shiny Rare,60.0,1,2,20,1.355835153635182,-0.020408163265306145,1.0951403148528405,2.94,2.88,0,1
sv4pt5-144,Pawmot,Paldean Fates,modern,Shiny Rare,130.0,0,1,230,1.3787660946990992,-0.16806722689075626,1.0951403148528405,3.57,2.97,2,0
sv4pt5-145,Wattrel,Paldean Fates,modern,Shiny Rare,60.0,1,2,20,1.547562508716013,-0.015957446808510523,1.0951403148528405,3.76,3.7,0,1
sv4pt5-141,Toxtricity,Paldean Fates,modern,Shiny Rare,140.0,2,2,50,1.297463147413275,-0.11627906976744173,1.0951403148528405,3.01,2.66,0,1
sv4pt5-146,Kilowattrel,Paldean Fates,modern,Shiny Rare,120.0,0,2,90,1.091923300517313,-0.07906976744186045,1.0951403148528405,2.15,1.98,0,1
sv4pt5-140,Toxel,Paldean Fates,modern,Shiny Rare,70.0,1,1,30,1.3635373739972745,0.028268551236749095,1.0951403148528405,2.83,2.91,0,2
sv4pt5-143,Pawmo,Paldean Fates,modern,Shiny Rare,90.0,1,2,70,1.4036429994545037,0.0659722222222221,1.0951403148528405,2.88,3.07,0,1
sv4pt5-147,Wigglytuff,Paldean Fates,modern,Shiny Rare,110.0,2,1,100,1.3297240096314962,-0.047945205479452135,1.0951403148528405,2.92,2.78,0,0
sv4pt5-148,Abra,Paldean Fates,modern,Shiny Rare,50.0,1,1,20,1.9671123567059163,0.05670103092783507,1.0951403148528405,5.82,6.15,0,2
sv4pt5-151,Natu,Paldean Fates,modern,Shiny Rare,50.0,1,1,10,1.572773928062509,-0.023017902813299296,1.0951403148528405,3.91,3.82,0,2
sv4pt5-152,Xatu,Paldean Fates,modern,Shiny Rare,100.0,1,1,80,1.6409365794934714,0.11528150134048265,1.0951403148528405,3.73,4.16,0,2
sv4pt5-153,Ralts,Paldean Fates,modern,Shiny Rare,70.0,1,1,30,2.2935443483418965,-0.011098779134295134,1.0951403148528405,9.01,8.91,0,2
sv4pt5-154,Kirlia,Paldean Fates,modern,Shiny Rare,90.0,1,2,60,1.9139771019523042,0.1009523809523809,1.0951403148528405,5.25,5.78,0,1
sv4pt5-155,Drifloon,Paldean Fates,modern,Shiny Rare,70.0,1,2,30,2.052840859882657,0.06093749999999987,1.0951403148528405,6.4,6.79,0,1
sv4pt5-156,Drifblim,Paldean Fates,modern,Shiny Rare,110.0,1,2,30,1.1378330018213911,-0.168627450980392,1.0951403148528405,2.55,2.12,0,1
sv4pt5-158,Spiritomb,Paldean Fates,modern,Shiny Rare,60.0,1,1,10,1.9919755158985601,0.03770491803278686,1.0951403148528405,6.1,6.33,0,2
sv4pt5-165,Tinkatink,Paldean Fates,modern,Shiny Rare,60.0,1,2,30,1.534714366238164,-0.005464480874316946,1.0951403148528405,3.66,3.64,0,1
sv4pt5-171,Annihilape,Paldean Fates,modern,Shiny Rare,140.0,2,2,170,1.5748464676644813,-0.056650246305418595,1.0951403148528405,4.06,3.83,2,0
sv4pt5-176,Nacli,Paldean Fates,modern,Shiny Rare,70.0,3,2,30,1.0784095813505903,-0.08056872037914686,1.0951403148528405,2.11,1.94,0,1
sv4pt5-178,Garganacl,Paldean Fates,modern,Shiny Rare,180.0,3,1,130,1.1052568313867783,-0.07762557077625565,1.0951403148528405,2.19,2.02,2,0
sv4pt5-180,Paldean Wooper,Paldean Fates,modern,Shiny Rare,60.0,2,2,10,1.7298840655099674,0.04740406320541757,1.0951403148528405,4.43,4.64,0,1
sv4pt5-185,Pawniard,Paldean Fates,modern,Shiny Rare,70.0,1,2,20,1.2556160374777743,0.008032128514056103,1.0951403148528405,2.49,2.51,0,1
sv4pt5-186,Bisharp,Paldean Fates,modern,Shiny Rare,120.0,1,2,120,1.2499017362143359,0.04184100418410042,1.0951403148528405,2.39,2.49,0,1
sv4pt5-188,Mabosstiff,Paldean Fates,modern,Shiny Rare,130.0,3,1,160,1.1118575154181303,0.17919075144508678,1.0951403148528405,1.73,2.04,2,0
sv4pt5-189,Shroodle,Paldean Fates,modern,Shiny Rare,50.0,1,2,10,1.085189268335969,0.03703703703703698,1.0951403148528405,1.89,1.96,0,1
sv4pt5-190,Grafaiai,Paldean Fates,modern,Shiny Rare,90.0,1,2,40,1.1118575154181303,0.014925373134328401,1.0951403148528405,2.01,2.04,0,1
sv4pt5-164,Flittle,Paldean Fates,modern,Shiny Rare,30.0,1,1,20,1.0438040521731147,-0.08910891089108908,1.0951403148528405,2.02,1.84,0,2
sv4pt5-167,Tinkaton,Paldean Fates,modern,Shiny Rare,140.0,2,1,90,1.8946168546677629,-0.03747870528109021,1.0951403148528405,5.87,5.65,0,0
sv4pt5-183,Weavile,Paldean Fates,modern,Shiny Rare,110.0,1,1,70,1.1908875647772805,-0.11583011583011582,1.0951403148528405,2.59,2.29,0,2
sv4pt5-191,Scizor,Paldean Fates,modern,Shiny Rare,140.0,2,2,70,2.136530508663963,0.05657708628005653,1.0951403148528405,7.07,7.47,2,0
sv4pt5-157,Mime Jr.,Paldean Fates,modern,Shiny Rare,30.0,0,1,0,1.3001916620664788,-0.08247422680412375,1.0951403148528405,2.91,2.67,0,2
sv4pt5-160,Mimikyu,Paldean Fates,modern,Shiny Rare,70.0,1,1,0,2.8507065015037334,-0.04398826979472137,1.0951403148528405,17.05,16.3,0,2
sv4pt5-161,Dachsbun,Paldean Fates,modern,Shiny Rare,90.0,1,1,100,1.6505798557652755,0.05513784461152871,1.0951403148528405,3.99,4.21,0,2
sv4pt5-162,Ceruledge,Paldean Fates,modern,Shiny Rare,140.0,2,2,100,1.9726911717329554,-0.07473841554559046,1.0951403148528405,6.69,6.19,2,1
sv4pt5-168,Houndstone,Paldean Fates,modern,Shiny Rare,140.0,3,1,80,1.0260415958332743,0.034682080924855585,1.0951403148528405,1.73,1.79,2,0
sv4pt5-170,Primeape,Paldean Fates,modern,Shiny Rare,90.0,1,1,70,1.220829921392359,-0.30116959064327475,1.0951403148528405,3.42,2.39,0,2
sv4pt5-175,Hawlucha,Paldean Fates,modern,Shiny Rare,70.0,1,1,70,1.5830939370944985,0.04878048780487809,1.0951403148528405,3.69,3.87,0,2
sv4pt5-177,Naclstack,Paldean Fates,modern,Shiny Rare,100.0,3,1,60,1.1600209167967532,0.06310679611650483,1.0951403148528405,2.06,2.19,0,2
sv4pt5-181,Murkrow,Paldean Fates,modern,Shiny Rare,60.0,1,2,20,1.7351891177396608,-0.004264392324093924,1.0951403148528405,4.69,4.67,0,1
sv4pt5-182,Sneasel,Paldean Fates,modern,Shiny Rare,70.0,1,1,20,1.3402504226184837,-0.09904153354632594,1.0951403148528405,3.13,2.82,0,2
sv4pt5-184,Sableye,Paldean Fates,modern,Shiny Rare,70.0,1,2,20,1.6601310267496185,-0.03181818181818197,1.0951403148528405,4.4,4.26,0,1
sv4pt5-149,Kadabra,Paldean Fates,modern,Shiny Rare,80.0,1,1,30,1.8468787684491346,0.040935672514619936,1.0951403148528405,5.13,5.34,0,2
sv4pt5-150,Cleffa,Paldean Fates,modern,Shiny Rare,30.0,0,1,0,1.4085449700547104,-0.01904761904761909,1.0951403148528405,3.15,3.09,0,2
sv4pt5-159,Klefki,Paldean Fates,modern,Shiny Rare,70.0,1,1,10,1.9021075263969205,0.06343283582089554,1.0951403148528405,5.36,5.7,0,2
sv4pt5-163,Rabsca,Paldean Fates,modern,Shiny Rare,70.0,1,2,50,1.0152306797290584,0.06024096385542177,1.0951403148528405,1.66,1.76,0,1
sv4pt5-166,Tinkatuff,Paldean Fates,modern,Shiny Rare,90.0,2,2,60,1.541159071680806,0.05157593123209159,1.0951403148528405,3.49,3.67,0,1
sv4pt5-169,Mankey,Paldean Fates,modern,Shiny Rare,60.0,1,1,30,1.3190856114264407,-0.02491103202846967,1.0951403148528405,2.81,2.74,0,2
sv4pt5-172,Paldean Tauros,Paldean Fates,modern,Shiny Rare,130.0,2,2,130,1.2837077723447896,-0.03690036900369009,1.0951403148528405,2.71,2.61,2,0
sv4pt5-173,Riolu,Paldean Fates,modern,Shiny Rare,70.0,1,2,50,2.052840859882657,0.01799100449775115,1.0951403148528405,6.67,6.79,0,1
sv4pt5-174,Lucario,Paldean Fates,modern,Shiny Rare,130.0,2,2,120,2.3988039507345884,0.05368421052631578,1.0951403148528405,9.5,10.01,2,0
sv4pt5-179,Glimmet,Paldean Fates,modern,Shiny Rare,40.0,1,1,0,1.2149127443642704,-0.008368200836820106,1.0951403148528405,2.39,2.37,0,2
sv4pt5-187,Kingambit,Paldean Fates,modern,Shiny Rare,170.0,3,1,160,1.4724720573609429,0.08038585209003224,1.0951403148528405,3.11,3.36,2,0
sv4pt5-192,Varoom,Paldean Fates,modern,Shiny Rare,60.0,1,2,20,1.000631880307906,0.042424242424242475,1.0951403148528405,1.65,1.72,0,1
sv4pt5-193,Revavroom,Paldean Fates,modern,Shiny Rare,140.0,2,1,90,1.4445632692438664,-0.12432432432432428,1.0951403148528405,3.7,3.24,0,0
sv4pt5-196,Pidgey,Paldean Fates,modern,Shiny Rare,50.0,1,2,20,2.1400661634962708,0.01902173913043481,1.0951403148528405,7.36,7.5,0,1
sv4pt5-198,Jigglypuff,Paldean Fates,modern,Shiny Rare,70.0,1,2,20,1.7698546338400052,-0.016161616161616155,1.0951403148528405,4.95,4.87,0,1
sv4pt5-199,Doduo,Paldean Fates,modern,Shiny Rare,70.0,1,1,30,1.6331544390514163,0.0785340314136127,1.0951403148528405,3.82,4.12,0,2
sv4pt5-194,Noibat,Paldean Fates,modern,Shiny Rare,70.0,1,1,40,1.6639260977181702,0.02392344497607679,1.0951403148528405,4.18,4.28,0,2
sv4pt5-195,Cyclizar,Paldean Fates,modern,Shiny Rare,120.0,1,1,100,1.1249295969854831,0.019607843137254832,1.0951403148528405,2.04,2.08,0,2
sv4pt5-197,Pidgeotto,Paldean Fates,modern,Shiny Rare,80.0,0,1,20,1.776645831418007,-0.025793650793650813,1.0951403148528405,5.04,4.91,0,2
sv4pt5-200,Dodrio,Paldean Fates,modern,Shiny Rare,100.0,1,1,10,1.5851452198650557,0.0025839793281652312,1.0951403148528405,3.87,3.88,0,2
sv4pt5-201,Ditto,Paldean Fates,modern,Shiny Rare,60.0,1,1,10,2.7806808921371178,0.016118200134318306,1.0951403148528405,14.89,15.13,0,2
sv4pt5-202,Snorlax,Paldean Fates,modern,Shiny Rare,150.0,4,1,130,3.2240623515555007,-0.08633093525179858,1.0951403148528405,26.41,24.13,2,0
sv4pt5-203,Wingull,Paldean Fates,modern,Shiny Rare,70.0,1,1,30,1.1631508098056809,-0.051724137931034364,1.0951403148528405,2.32,2.2,0,2
sv4pt5-204,Pelipper,Paldean Fates,modern,Shiny Rare,120.0,2,1,90,1.1939224684724346,-0.0980392156862745,1.0951403148528405,2.55,2.3,0,0
sv4pt5-210,Maushold,Paldean Fates,modern,Shiny Rare,70.0,1,2,70,1.9851308622085946,-0.05705705705705699,1.0951403148528405,6.66,6.28,0,1
sv4pt5-208,Oinkologne,Paldean Fates,modern,Shiny Rare,130.0,2,2,70,1.4586150226995167,0.012269938650306678,1.0951403148528405,3.26,3.3,0,1
sv4pt5-209,Tandemaus,Paldean Fates,modern,Shiny Rare,30.0,1,2,30,1.9712993830601329,-0.08849557522123896,1.0951403148528405,6.78,6.18,0,1
sv4pt5-213,Toedscruel ex,Paldean Fates,modern,Shiny Ultra Rare,270.0,2,1,80,0.8458682675776092,-0.04999999999999993,1.0951403148528405,1.4,1.33,2,0
sv4pt5-225,Palafin,Paldean Fates,modern,Illustration Rare,150.0,2,2,210,1.3532545070416904,1.0,1.0951403148528405,1.18,2.87,2,1
sv4pt5-232,Mew ex,Paldean Fates,modern,Special Illustration Rare,180.0,0,1,0,5.919243255590987,-0.044513670768755564,1.0951403148528405,388.42,371.13,0,0
sv4pt5-212,Forretress ex,Paldean Fates,modern,Shiny Ultra Rare,270.0,3,1,120,0.6729444732424258,0.032258064516129004,1.0951403148528405,0.93,0.96,2,0
sv4pt5-214,Espathra ex,Paldean Fates,modern,Shiny Ultra Rare,260.0,1,1,30,0.6626879730752367,0.0,1.0951403148528405,0.94,0.94,0,0
sv4pt5-226,Pawmi,Paldean Fates,modern,Illustration Rare,60.0,1,2,20,0.8285518175661483,0.015748031496062964,1.0951403148528405,1.27,1.29,0,1
sv4pt5-243,Miraidon ex,Paldean Fates,modern,Hyper Rare,220.0,1,1,220,2.596000697293587,-0.011155378486055856,1.0951403148528405,12.55,12.41,2,0
sv4pt5-211,Flamigo,Paldean Fates,modern,Shiny Rare,110.0,1,1,20,1.5216989981260935,0.06231454005934722,1.0951403148528405,3.37,3.58,0,2
sv4pt5-215,Alakazam ex,Paldean Fates,modern,Shiny Ultra Rare,310.0,1,2,120,1.4996230464268938,0.029585798816567976,1.0951403148528405,3.38,3.48,2,0
sv4pt5-216,Mew ex,Paldean Fates,modern,Shiny Ultra Rare,180.0,0,1,0,3.040705639196722,0.05844845908607876,1.0951403148528405,18.82,19.92,0,0
sv4pt5-217,Gardevoir ex,Paldean Fates,modern,Shiny Ultra Rare,310.0,2,1,190,1.873339456220478,-0.1390625000000001,1.0951403148528405,6.4,5.51,2,0
sv4pt5-218,Glimmora ex,Paldean Fates,modern,Shiny Ultra Rare,270.0,3,1,140,0.5877866649021191,0.08108108108108114,1.0951403148528405,0.74,0.8,2,0
sv4pt5-219,Paldean Clodsire ex,Paldean Fates,modern,Shiny Ultra Rare,280.0,3,1,200,1.0260415958332743,0.5565217391304349,1.0951403148528405,1.15,1.79,2,0
sv4pt5-220,Noivern ex,Paldean Fates,modern,Shiny Ultra Rare,260.0,0,2,140,0.9669838461896731,0.07236842105263142,1.0951403148528405,1.52,1.63,2,0
sv4pt5-224,Wugtrio,Paldean Fates,modern,Illustration Rare,90.0,2,2,30,0.8628899551470398,0.3979591836734695,1.0951403148528405,0.98,1.37,0,1
sv4pt5-233,Gardevoir ex,Paldean Fates,modern,Special Illustration Rare,310.0,2,1,190,4.5269924049240675,0.022694242593627845,1.0951403148528405,89.45,91.48,2,0
sv4pt5-242,Chien-Pao ex,Paldean Fates,modern,Hyper Rare,220.0,2,1,60,2.334083760053417,-0.05668016194331993,1.0951403148528405,9.88,9.32,2,0
sv4pt5-244,Ting-Lu ex,Paldean Fates,modern,Hyper Rare,240.0,4,1,150,1.8341801851120072,-0.0037878787878788955,1.0951403148528405,5.28,5.26,2,0
sv4pt5-205,Skwovet,Paldean Fates,modern,Shiny Rare,60.0,1,1,20,1.332366019094335,-0.021052631578947434,1.0951403148528405,2.85,2.79,0,2
sv4pt5-206,Greedent,Paldean Fates,modern,Shiny Rare,120.0,2,2,80,1.2029723039923526,-0.029166666666666563,1.0951403148528405,2.4,2.33,0,1
sv4pt5-207,Lechonk,Paldean Fates,modern,Shiny Rare,70.0,1,1,70,1.6114359150967734,-0.04750593824228033,1.0951403148528405,4.21,4.01,0,2
sv4pt5-221,Pidgeot ex,Paldean Fates,modern,Shiny Ultra Rare,280.0,0,1,120,1.724550719534605,-0.05725971370143135,1.0951403148528405,4.89,4.61,2,0
sv4pt5-222,Wigglytuff ex,Paldean Fates,modern,Shiny Ultra Rare,250.0,3,1,90,0.8586616190375187,-0.04895104895104885,1.0951403148528405,1.43,1.36,2,0
sv4pt5-223,Squawkabilly ex,Paldean Fates,modern,Shiny Ultra Rare,160.0,1,1,20,0.9555114450274363,0.0738255033557047,1.0951403148528405,1.49,1.6,0,2
sv4pt5-234,Charizard ex,Paldean Fates,modern,Special Illustration Rare,330.0,2,1,180,5.324082574434063,0.0021591912847187533,1.0951403148528405,203.78,204.22,2,0
sv4pt5-240,Wo-Chien ex,Paldean Fates,modern,Hyper Rare,230.0,4,2,220,1.9139771019523042,0.08851224105461397,1.0951403148528405,5.31,5.78,2,0
sv4pt5-241,Chi-Yu ex,Paldean Fates,modern,Hyper Rare,190.0,1,2,100,2.1198634561787513,-0.021361815754339153,1.0951403148528405,7.49,7.33,2,0
sv4pt5-245,Koraidon ex,Paldean Fates,modern,Hyper Rare,230.0,2,1,220,2.5680215564985067,0.12734082397003732,1.0951403148528405,10.68,12.04,2,0
sv5-1,Scyther,Temporal Forces,modern,Common,90.0,1,2,60,0.13102826240640408,-0.17647058823529405,0.9418206707734429,0.17,0.14,0,1
sv5-2,Pineco,Temporal Forces,modern,Common,70.0,2,1,50,0.11332868530700317,0.0,0.9418206707734429,0.12,0.12,0,2
sv5-3,Seedot,Temporal Forces,modern,Common,60.0,1,2,20,0.12221763272424921,0.0,0.9418206707734429,0.13,0.13,0,1
sv5-4,Nuzleaf,Temporal Forces,modern,Common,90.0,1,2,30,0.07696104113612832,0.0,0.9418206707734429,0.08,0.08,0,1
sv5-5,Shiftry,Temporal Forces,modern,Uncommon,150.0,2,2,140,0.08617769624105233,0.0,0.9418206707734429,0.09,0.09,2,1
sv5-6,Shroomish,Temporal Forces,modern,Common,60.0,1,2,20,0.08617769624105233,0.0,0.9418206707734429,0.09,0.09,0,1
sv5-7,Breloom,Temporal Forces,modern,Common,120.0,1,2,120,0.11332868530700317,-0.07692307692307698,0.9418206707734429,0.13,0.12,0,1
sv5-8,Roselia,Temporal Forces,modern,Common,60.0,1,1,10,0.09531017980432487,0.0,0.9418206707734429,0.1,0.1,0,2
sv5-9,Roserade,Temporal Forces,modern,Uncommon,130.0,2,1,70,0.11332868530700317,0.19999999999999996,0.9418206707734429,0.1,0.12,0,2
sv5-10,Turtwig,Temporal Forces,modern,Common,80.0,3,1,30,0.12221763272424921,-0.23529411764705888,0.9418206707734429,0.17,0.13,0,2
sv5-11,Grotle,Temporal Forces,modern,Common,120.0,4,2,50,0.09531017980432487,-0.16666666666666663,0.9418206707734429,0.12,0.1,2,1
sv5-12,Torterra ex,Temporal Forces,modern,Double Rare,340.0,4,2,150,0.6523251860396903,0.0,0.9418206707734429,0.92,0.92,2,0
sv5-13,Shaymin,Temporal Forces,modern,Uncommon,70.0,0,2,50,0.11332868530700317,-0.07692307692307698,0.9418206707734429,0.13,0.12,0,1
sv5-15,Whimsicott,Temporal Forces,modern,Rare,100.0,1,1,40,0.15700374880966478,-0.10526315789473684,0.9418206707734429,0.19,0.17,0,2
sv5-14,Cottonee,Temporal Forces,modern,Common,60.0,1,1,10,0.11332868530700317,-0.07692307692307698,0.9418206707734429,0.13,0.12,0,2
sv5-16,Deerling,Temporal Forces,modern,Common,70.0,1,2,40,0.10436001532424277,0.22222222222222232,0.9418206707734429,0.09,0.11,0,1
sv5-17,Sawsbuck,Temporal Forces,modern,Uncommon,130.0,2,1,110,0.09531017980432487,-0.09090909090909083,0.9418206707734429,0.11,0.1,0,2
sv5-18,Grubbin,Temporal Forces,modern,Common,70.0,1,2,10,0.10436001532424277,0.09999999999999987,0.9418206707734429,0.1,0.11,0,1
sv5-20,Bramblin,Temporal Forces,modern,Common,50.0,1,1,30,0.07696104113612832,-0.11111111111111105,0.9418206707734429,0.09,0.08,0,2
sv5-21,Brambleghast,Temporal Forces,modern,Rare,100.0,3,1,80,0.17395330712343804,-0.050000000000000044,0.9418206707734429,0.2,0.19,0,2
sv5-24,Rabsca,Temporal Forces,modern,Uncommon,70.0,1,1,10,0.12221763272424921,-0.07142857142857151,0.9418206707734429,0.14,0.13,0,2
sv5-19,Dhelmise,Temporal Forces,modern,Uncommon,130.0,3,2,80,0.09531017980432487,0.0,0.9418206707734429,0.1,0.1,2,1
sv5-23,Rellor,Temporal Forces,modern,Common,50.0,1,1,30,0.13102826240640408,-0.06666666666666654,0.9418206707734429,0.15,0.14,0,2
sv5-22,Scovillain ex,Temporal Forces,modern,Double Rare,260.0,2,2,140,0.4054651081081644,-0.15254237288135586,0.9418206707734429,0.59,0.5,2,0
sv5-25,Iron Leaves ex,Temporal Forces,modern,Double Rare,220.0,1,1,180,0.43178241642553783,-0.11475409836065564,0.9418206707734429,0.61,0.54,2,0
sv5-26,Ponyta,Temporal Forces,modern,Common,70.0,1,2,20,0.13102826240640408,-0.12499999999999989,0.9418206707734429,0.16,0.14,0,1
sv5-27,Rapidash,Temporal Forces,modern,Uncommon,110.0,0,2,120,0.12221763272424921,0.0,0.9418206707734429,0.13,0.13,0,1
sv5-28,Slugma,Temporal Forces,modern,Common,80.0,2,1,10,0.09531017980432487,0.0,0.9418206707734429,0.1,0.1,0,2
sv5-29,Magcargo,Temporal Forces,modern,Rare,120.0,4,1,100,0.19062035960864973,-0.08695652173913049,0.9418206707734429,0.23,0.21,2,0
sv5-30,Victini,Temporal Forces,modern,Common,80.0,1,2,30,0.11332868530700317,-0.14285714285714302,0.9418206707734429,0.14,0.12,0,1
sv5-31,Heatmor,Temporal Forces,modern,Common,110.0,1,2,130,0.09531017980432487,-0.09090909090909083,0.9418206707734429,0.11,0.1,0,1
sv5-32,Litten,Temporal Forces,modern,Common,70.0,2,1,10,0.13102826240640408,0.40000000000000013,0.9418206707734429,0.1,0.14,0,2
sv5-33,Torracat,Temporal Forces,modern,Common,100.0,2,2,80,0.12221763272424921,0.08333333333333348,0.9418206707734429,0.12,0.13,0,1
sv5-34,Incineroar ex,Temporal Forces,modern,Double Rare,320.0,2,1,240,0.5247285289349821,0.045454545454545414,0.9418206707734429,0.66,0.69,2,0
sv5-35,Turtonator,Temporal Forces,modern,Common,120.0,2,2,100,0.08617769624105233,-0.10000000000000009,0.9418206707734429,0.1,0.09,0,1
sv5-36,Sizzlipede,Temporal Forces,modern,Common,80.0,2,1,30,0.09531017980432487,0.11111111111111116,0.9418206707734429,0.09,0.1,0,2
sv5-37,Centiskorch,Temporal Forces,modern,Uncommon,140.0,3,2,180,0.08617769624105233,0.0,0.9418206707734429,0.09,0.09,2,0
sv5-38,Gouging Fire ex,Temporal Forces,modern,Double Rare,230.0,2,2,260,0.5364933705145685,-0.303921568627451,0.9418206707734429,1.02,0.71,2,0
sv5-39,Totodile,Temporal Forces,modern,Common,70.0,1,1,10,0.33647223662121295,1.0,0.9418206707734429,0.18,0.4,0,1
sv5-40,Croconaw,Temporal Forces,modern,Common,90.0,2,1,30,0.3293037471426004,1.0,0.9418206707734429,0.18,0.39,0,1
sv5-41,Feraligatr,Temporal Forces,modern,Rare,180.0,3,1,160,0.3852624007906449,0.17499999999999982,0.9418206707734429,0.4,0.47,2,0
sv5-42,Carvanha,Temporal Forces,modern,Common,50.0,1,1,30,0.08617769624105233,0.0,0.9418206707734429,0.09,0.09,0,2
sv5-43,Sharpedo,Temporal Forces,modern,Uncommon,120.0,1,2,100,0.13102826240640408,-0.17647058823529405,0.9418206707734429,0.17,0.14,0,1
sv5-44,Keldeo,Temporal Forces,modern,Uncommon,110.0,1,2,110,0.10436001532424277,0.0,0.9418206707734429,0.11,0.11,0,1
sv5-45,Snom,Temporal Forces,modern,Common,50.0,2,1,10,0.12221763272424921,-0.07142857142857151,0.9418206707734429,0.14,0.13,0,2
sv5-46,Frosmoth,Temporal Forces,modern,Common,110.0,2,1,100,0.12221763272424921,-0.1333333333333333,0.9418206707734429,0.15,0.13,0,2
sv5-47,Wiglett,Temporal Forces,modern,Common,60.0,1,2,40,0.09531017980432487,0.0,0.9418206707734429,0.1,0.1,0,1
sv5-48,Finizen,Temporal Forces,modern,Common,80.0,2,2,50,0.12221763272424921,0.30000000000000004,0.9418206707734429,0.1,0.13,0,1
sv5-49,Palafin,Temporal Forces,modern,Uncommon,150.0,2,2,130,0.10436001532424277,-0.08333333333333326,0.9418206707734429,0.12,0.11,2,1
sv5-50,Walking Wake ex,Temporal Forces,modern,Double Rare,220.0,1,1,120,0.4574248470388754,0.13725490196078427,0.9418206707734429,0.51,0.58,2,0
sv5-51,Pikachu,Temporal Forces,modern,Common,70.0,1,1,0,0.19062035960864973,-0.08695652173913049,0.9418206707734429,0.23,0.21,0,2
sv5-52,Raichu,Temporal Forces,modern,Common,130.0,1,2,120,0.15700374880966478,0.13333333333333353,0.9418206707734429,0.15,0.17,0,1
sv5-53,Electabuzz,Temporal Forces,modern,Common,90.0,2,2,50,0.10436001532424277,-0.08333333333333326,0.9418206707734429,0.12,0.11,0,1
sv5-54,Electivire,Temporal Forces,modern,Uncommon,140.0,3,2,140,0.11332868530700317,0.0,0.9418206707734429,0.12,0.12,2,0
sv5-55,Charjabug,Temporal Forces,modern,Common,100.0,2,1,60,0.08617769624105233,-0.10000000000000009,0.9418206707734429,0.1,0.09,0,2
sv5-56,Vikavolt,Temporal Forces,modern,Uncommon,160.0,2,2,120,0.13102826240640408,0.27272727272727293,0.9418206707734429,0.11,0.14,2,1
sv5-57,Zeraora,Temporal Forces,modern,Uncommon,120.0,1,2,120,0.1484200051182733,0.3333333333333335,0.9418206707734429,0.12,0.16,0,1
sv5-58,Yamper,Temporal Forces,modern,Common,70.0,1,1,20,0.12221763272424921,-0.07142857142857151,0.9418206707734429,0.14,0.13,0,2
sv5-59,Boltund,Temporal Forces,modern,Uncommon,120.0,1,1,50,0.09531017980432487,0.11111111111111116,0.9418206707734429,0.09,0.1,0,2
sv5-60,Wugtrio ex,Temporal Forces,modern,Double Rare,250.0,1,2,120,0.4637340162321401,-0.10606060606060619,0.9418206707734429,0.66,0.59,2,0
sv5-61,Iron Hands,Temporal Forces,modern,Uncommon,140.0,3,2,80,0.13102826240640408,-0.06666666666666654,0.9418206707734429,0.15,0.14,2,0
sv5-62,Iron Thorns,Temporal Forces,modern,Rare,140.0,3,2,140,0.23901690047049992,0.0,0.9418206707734429,0.27,0.27,2,0
sv5-63,Mr. Mime,Temporal Forces,modern,Common,90.0,1,2,20,0.11332868530700317,-0.07692307692307698,0.9418206707734429,0.13,0.12,0,1
sv5-64,Marill,Temporal Forces,modern,Common,70.0,2,2,40,0.12221763272424921,0.0,0.9418206707734429,0.13,0.13,0,1
sv5-65,Azumarill,Temporal Forces,modern,Common,130.0,2,2,140,0.11332868530700317,-0.19999999999999996,0.9418206707734429,0.15,0.12,2,1
sv5-66,Girafarig,Temporal Forces,modern,Common,90.0,1,1,20,0.08617769624105233,-0.3076923076923077,0.9418206707734429,0.13,0.09,0,2
sv5-67,Latias,Temporal Forces,modern,Uncommon,110.0,1,2,60,0.18232155679395465,0.17647058823529416,0.9418206707734429,0.17,0.2,0,1
sv5-68,Bronzor,Temporal Forces,modern,Common,80.0,3,1,10,0.07696104113612832,0.0,0.9418206707734429,0.08,0.08,0,2
sv5-69,Bronzong,Temporal Forces,modern,Uncommon,110.0,3,2,100,0.07696104113612832,0.0,0.9418206707734429,0.08,0.08,2,1
sv5-70,Solosis,Temporal Forces,modern,Common,40.0,1,1,30,0.08617769624105233,-0.18181818181818188,0.9418206707734429,0.11,0.09,0,2
sv5-71,Duosion,Temporal Forces,modern,Common,80.0,2,1,30,0.09531017980432487,0.0,0.9418206707734429,0.1,0.1,0,2
sv5-72,Reuniclus,Temporal Forces,modern,Uncommon,120.0,2,2,100,0.10436001532424277,-0.15384615384615385,0.9418206707734429,0.13,0.11,0,1
sv5-73,Elgyem,Temporal Forces,modern,Common,60.0,1,1,0,0.10436001532424277,-0.08333333333333326,0.9418206707734429,0.12,0.11,0,2
sv5-74,Beheeyem,Temporal Forces,modern,Uncommon,100.0,1,1,20,0.10436001532424277,0.0,0.9418206707734429,0.11,0.11,0,2
sv5-75,Cutiefly,Temporal Forces,modern,Common,30.0,1,1,10,0.11332868530700317,0.0,0.9418206707734429,0.12,0.12,0,2
sv5-76,Ribombee,Temporal Forces,modern,Uncommon,70.0,0,1,30,0.12221763272424921,0.08333333333333348,0.9418206707734429,0.12,0.13,0,2
sv5-77,Scream Tail,Temporal Forces,modern,Uncommon,90.0,1,2,40,0.17395330712343804,0.11764705882352944,0.9418206707734429,0.17,0.19,0,1
sv5-78,Flutter Mane,Temporal Forces,modern,Rare,90.0,1,1,90,0.2546422183735807,0.0,0.9418206707734429,0.29,0.29,0,2
sv5-80,Iron Valiant,Temporal Forces,modern,Rare,130.0,2,2,100,0.19062035960864973,-0.045454545454545525,0.9418206707734429,0.22,0.21,0,1
sv5-79,Iron Valiant,Temporal Forces,modern,Uncommon,130.0,2,2,120,0.12221763272424921,-0.07142857142857151,0.9418206707734429,0.14,0.13,2,1
sv5-81,Iron Crown ex,Temporal Forces,modern,Double Rare,220.0,2,1,0,0.7419373447293773,-0.06779661016949146,0.9418206707734429,1.18,1.1,0,0
sv5-82,Meditite,Temporal Forces,modern,Common,70.0,1,2,30,0.08617769624105233,0.125,0.9418206707734429,0.08,0.09,0,1
sv5-83,Medicham,Temporal Forces,modern,Common,120.0,1,2,110,0.09531017980432487,0.11111111111111116,0.9418206707734429,0.09,0.1,0,1
sv5-84,Relicanth,Temporal Forces,modern,Rare,100.0,1,1,30,0.2546422183735807,0.0,0.9418206707734429,0.29,0.29,0,2
sv5-85,Drilbur,Temporal Forces,modern,Common,70.0,1,1,20,0.07696104113612832,-0.11111111111111105,0.9418206707734429,0.09,0.08,0,2
sv5-86,Excadrill,Temporal Forces,modern,Uncommon,130.0,2,2,180,0.07696104113612832,0.1428571428571428,0.9418206707734429,0.07,0.08,2,1
sv5-87,Golett,Temporal Forces,modern,Common,90.0,3,2,40,0.10436001532424277,-0.08333333333333326,0.9418206707734429,0.12,0.11,0,1
sv5-88,Golurk,Temporal Forces,modern,Uncommon,160.0,4,2,120,0.09531017980432487,0.11111111111111116,0.9418206707734429,0.09,0.1,2,0
sv5-89,Rockruff,Temporal Forces,modern,Common,70.0,1,1,10,0.10436001532424277,0.22222222222222232,0.9418206707734429,0.09,0.11,0,2
sv5-90,Lycanroc,Temporal Forces,modern,Uncommon,120.0,1,1,50,0.12221763272424921,0.18181818181818188,0.9418206707734429,0.11,0.13,0,2
sv5-91,Mudbray,Temporal Forces,modern,Common,80.0,2,2,50,0.09531017980432487,-0.09090909090909083,0.9418206707734429,0.11,0.1,0,1
sv5-92,Mudsdale,Temporal Forces,modern,Uncommon,150.0,3,2,140,0.10436001532424277,0.0,0.9418206707734429,0.11,0.11,2,0
sv5-93,Rolycoly,Temporal Forces,modern,Common,80.0,3,2,30,0.08617769624105233,0.0,0.9418206707734429,0.09,0.09,0,1
sv5-94,Carkol,Temporal Forces,modern,Common,110.0,4,2,80,0.08617769624105233,-0.10000000000000009,0.9418206707734429,0.1,0.09,2,1
sv5-95,Coalossal,Temporal Forces,modern,Uncommon,180.0,4,2,150,0.10436001532424277,0.09999999999999987,0.9418206707734429,0.1,0.11,2,0
sv5-96,Great Tusk,Temporal Forces,modern,Uncommon,140.0,4,2,80,0.17395330712343804,0.0,0.9418206707734429,0.19,0.19,2,1
sv5-97,Great Tusk,Temporal Forces,modern,Uncommon,140.0,3,2,160,0.3784364357202451,-0.11538461538461542,0.9418206707734429,0.52,0.46,2,0
sv5-98,Sandy Shocks,Temporal Forces,modern,Uncommon,120.0,2,2,60,0.2468600779315258,-0.06666666666666654,0.9418206707734429,0.3,0.28,0,1
sv5-99,Iron Boulder ex,Temporal Forces,modern,Double Rare,240.0,3,2,200,0.5068176023684519,0.32000000000000006,0.9418206707734429,0.5,0.66,2,0
sv5-100,Ekans,Temporal Forces,modern,Common,60.0,1,2,30,0.11332868530700317,0.0,0.9418206707734429,0.12,0.12,0,1
sv5-101,Arbok,Temporal Forces,modern,Common,130.0,2,2,70,0.15700374880966478,-0.05555555555555547,0.9418206707734429,0.18,0.17,0,1
sv5-102,Gastly,Temporal Forces,modern,Common,60.0,1,2,30,0.20701416938432615,0.2777777777777779,0.9418206707734429,0.18,0.23,0,1
sv5-103,Haunter,Temporal Forces,modern,Common,90.0,1,1,30,0.15700374880966478,-0.10526315789473684,0.9418206707734429,0.19,0.17,0,2
sv5-104,Gengar ex,Temporal Forces,modern,Double Rare,310.0,2,1,160,1.4279160358107101,0.07823129251700678,0.9418206707734429,2.94,3.17,2,0
sv5-106,Mightyena,Temporal Forces,modern,Common,120.0,2,2,130,0.13102826240640408,0.0769230769230771,0.9418206707734429,0.13,0.14,2,1
sv5-105,Poochyena,Temporal Forces,modern,Common,70.0,1,1,30,0.10436001532424277,0.0,0.9418206707734429,0.11,0.11,0,2
sv5-107,Sableye,Temporal Forces,modern,Uncommon,70.0,1,2,20,0.11332868530700317,0.0,0.9418206707734429,0.12,0.12,0,1
sv5-108,Farigiraf ex,Temporal Forces,modern,Double Rare,260.0,2,1,160,0.6471032420585384,0.30000000000000004,0.9418206707734429,0.7,0.91,2,0
sv5-109,Roaring Moon,Temporal Forces,modern,Rare,140.0,2,2,120,0.3220834991691133,0.0,0.9418206707734429,0.38,0.38,2,1
sv5-110,Forretress,Temporal Forces,modern,Uncommon,130.0,3,2,130,0.12221763272424921,0.08333333333333348,0.9418206707734429,0.12,0.13,2,0
sv5-111,Scizor ex,Temporal Forces,modern,Double Rare,270.0,2,2,120,0.4762341789963716,0.016666666666666607,0.9418206707734429,0.6,0.61,2,0
sv5-112,Mawile,Temporal Forces,modern,Common,90.0,1,2,100,0.10436001532424277,-0.15384615384615385,0.9418206707734429,0.13,0.11,0,1
sv5-114,Metang,Temporal Forces,modern,Common,100.0,2,1,60,0.19062035960864973,0.0,0.9418206707734429,0.21,0.21,0,2
sv5-116,Meltan,Temporal Forces,modern,Common,80.0,3,1,50,0.08617769624105233,0.125,0.9418206707734429,0.08,0.09,0,2
sv5-113,Beldum,Temporal Forces,modern,Common,70.0,1,2,50,0.19062035960864973,0.23529411764705865,0.9418206707734429,0.17,0.21,0,1
sv5-115,Metagross,Temporal Forces,modern,Uncommon,180.0,3,2,200,0.13102826240640408,0.0769230769230771,0.9418206707734429,0.13,0.14,2,0
sv5-117,Melmetal,Temporal Forces,modern,Rare,160.0,4,2,230,0.1484200051182733,-0.11111111111111105,0.9418206707734429,0.18,0.16,2,0
sv5-118,Iron Treads,Temporal Forces,modern,Uncommon,130.0,2,1,60,0.17395330712343804,-0.13636363636363635,0.9418206707734429,0.22,0.19,0,2
sv5-123,Raging Bolt ex,Temporal Forces,modern,Double Rare,240.0,3,2,70,1.6272778305624314,-0.21797323135755264,0.9418206707734429,5.23,4.09,2,0
sv5-119,Koraidon,Temporal Forces,modern,Rare,140.0,2,2,130,0.18232155679395465,-0.16666666666666663,0.9418206707734429,0.24,0.2,2,1
sv5-124,Lickitung,Temporal Forces,modern,Common,100.0,3,2,50,0.09531017980432487,-0.16666666666666663,0.9418206707734429,0.12,0.1,0,1
sv5-120,Koraidon ex,Temporal Forces,modern,Double Rare,230.0,2,2,280,0.44468582126144574,-0.06666666666666654,0.9418206707734429,0.6,0.56,2,0
sv5-121,Miraidon,Temporal Forces,modern,Rare,110.0,2,2,160,0.18232155679395465,-0.09090909090909083,0.9418206707734429,0.22,0.2,2,1
sv5-122,Miraidon ex,Temporal Forces,modern,Double Rare,220.0,1,2,220,0.4637340162321401,-0.22368421052631582,0.9418206707734429,0.76,0.59,2,0
sv5-125,Lickilicky,Temporal Forces,modern,Common,150.0,4,2,70,0.09531017980432487,-0.09090909090909083,0.9418206707734429,0.11,0.1,2,1
sv5-126,Hoothoot,Temporal Forces,modern,Common,70.0,1,1,20,0.1484200051182733,0.1428571428571428,0.9418206707734429,0.14,0.16,0,2
sv5-127,Noctowl,Temporal Forces,modern,Common,110.0,1,1,70,0.09531017980432487,0.0,0.9418206707734429,0.1,0.1,0,2
sv5-129,Dudunsparce,Temporal Forces,modern,Rare,140.0,3,1,90,0.20701416938432615,0.045454545454545414,0.9418206707734429,0.22,0.23,2,0
sv5-128,Dunsparce,Temporal Forces,modern,Common,60.0,0,2,30,0.18232155679395465,-0.04761904761904756,0.9418206707734429,0.21,0.2,0,1
sv5-130,Skitty,Temporal Forces,modern,Common,60.0,1,2,20,0.1484200051182733,-0.23809523809523803,0.9418206707734429,0.21,0.16,0,1
sv5-131,Delcatty,Temporal Forces,modern,Uncommon,110.0,1,2,110,0.16551443847757338,0.0588235294117645,0.9418206707734429,0.17,0.18,0,1
sv5-132,Chatot,Temporal Forces,modern,Common,70.0,1,2,20,0.10436001532424277,0.09999999999999987,0.9418206707734429,0.1,0.11,0,1
sv5-133,Pidove,Temporal Forces,modern,Common,50.0,1,1,10,0.08617769624105233,-0.18181818181818188,0.9418206707734429,0.11,0.09,0,2
sv5-134,Tranquill,Temporal Forces,modern,Common,80.0,0,2,70,0.08617769624105233,-0.10000000000000009,0.9418206707734429,0.1,0.09,0,1
sv5-135,Unfezant,Temporal Forces,modern,Uncommon,150.0,0,2,180,0.19062035960864973,0.04999999999999982,0.9418206707734429,0.2,0.21,0,1
sv5-136,Minccino,Temporal Forces,modern,Common,70.0,1,2,10,0.13102826240640408,-0.12499999999999989,0.9418206707734429,0.16,0.14,0,1
sv5-138,Drampa,Temporal Forces,modern,Rare,120.0,2,2,100,0.16551443847757338,-0.052631578947368474,0.9418206707734429,0.19,0.18,0,1
sv5-137,Cinccino,Temporal Forces,modern,Uncommon,110.0,1,2,70,0.2468600779315258,-0.12499999999999989,0.9418206707734429,0.32,0.28,0,1
sv5-139,Iron Jugulis,Temporal Forces,modern,Uncommon,130.0,2,1,110,0.18232155679395465,-0.09090909090909083,0.9418206707734429,0.22,0.2,0,2
sv5-163,Shiftry,Temporal Forces,modern,Illustration Rare,150.0,2,2,140,2.8075938314384716,0.4899521531100479,0.9418206707734429,10.45,15.57,2,1
sv5-164,Grotle,Temporal Forces,modern,Illustration Rare,120.0,4,2,50,2.5626389983283526,0.10730804810360772,0.9418206707734429,10.81,11.97,2,0
sv5-165,Deerling,Temporal Forces,modern,Illustration Rare,70.0,1,2,40,3.1875915348284343,0.17501264542235706,0.9418206707734429,19.77,23.23,0,1
sv5-166,Sawsbuck,Temporal Forces,modern,Illustration Rare,130.0,2,1,110,3.5981338408071912,0.21594798083504463,0.9418206707734429,29.22,35.53,2,2
sv5-167,Litten,Temporal Forces,modern,Illustration Rare,70.0,2,1,10,3.080532875246456,0.12149028077753776,0.9418206707734429,18.52,20.77,0,2
sv5-168,Snom,Temporal Forces,modern,Illustration Rare,50.0,2,1,10,2.3504224224082058,0.045154185022026505,0.9418206707734429,9.08,9.49,0,2
sv5-169,Charjabug,Temporal Forces,modern,Illustration Rare,100.0,2,1,60,1.916922612182061,0.2803532008830021,0.9418206707734429,4.53,5.8,0,2
sv5-170,Bronzor,Temporal Forces,modern,Illustration Rare,80.0,3,1,10,2.6195832197798796,-0.017746913580246937,0.9418206707734429,12.96,12.73,0,2
sv5-171,Reuniclus,Temporal Forces,modern,Illustration Rare,120.0,2,2,100,2.402430427963762,0.03608247422680422,0.9418206707734429,9.7,10.05,2,0
sv5-172,Cutiefly,Temporal Forces,modern,Illustration Rare,30.0,1,1,10,1.7934247485471162,0.15437788018433185,0.9418206707734429,4.34,5.01,0,2
sv5-173,Relicanth,Temporal Forces,modern,Illustration Rare,100.0,1,1,30,2.3580197998821464,0.26086956521739135,0.9418206707734429,7.59,9.57,0,2
sv5-174,Excadrill,Temporal Forces,modern,Illustration Rare,130.0,2,2,180,2.2353763433005955,0.30877742946708464,0.9418206707734429,6.38,8.35,2,1
sv5-175,Mudsdale,Temporal Forces,modern,Illustration Rare,150.0,3,2,140,1.884034745337226,-0.07308970099667766,0.9418206707734429,6.02,5.58,2,0
sv5-176,Arbok,Temporal Forces,modern,Illustration Rare,130.0,2,2,70,3.068517943279639,0.1613816534541337,0.9418206707734429,17.66,20.51,2,0
sv5-177,Gastly,Temporal Forces,modern,Illustration Rare,60.0,1,2,30,4.09150720740194,0.09227627181581877,0.9418206707734429,53.86,58.83,0,1
sv5-178,Metagross,Temporal Forces,modern,Illustration Rare,180.0,3,2,200,3.610647605844363,-0.05562844397795852,0.9418206707734429,38.11,35.99,2,0
sv5-179,Meltan,Temporal Forces,modern,Illustration Rare,80.0,3,1,50,2.0844290831908747,0.328301886792453,0.9418206707734429,5.3,7.04,0,2
sv5-180,Lickitung,Temporal Forces,modern,Illustration Rare,100.0,3,2,50,3.108167702883779,0.3246592317224286,0.9418206707734429,16.14,21.38,2,1
sv5-181,Chatot,Temporal Forces,modern,Illustration Rare,70.0,1,2,20,2.50470927708418,0.0044682752457552155,0.9418206707734429,11.19,11.24,0,1
sv5-182,Minccino,Temporal Forces,modern,Illustration Rare,70.0,1,2,10,2.580974118534234,0.07671957671957674,0.9418206707734429,11.34,12.21,0,1
sv5-183,Cinccino,Temporal Forces,modern,Illustration Rare,110.0,1,2,70,2.8361502037295256,0.14397719173200296,0.9418206707734429,14.03,16.05,0,1
sv5-184,Drampa,Temporal Forces,modern,Illustration Rare,120.0,2,2,100,2.7498317351171653,0.18350848827809219,0.9418206707734429,12.37,14.64,2,0
sv5-185,Torterra ex,Temporal Forces,modern,Ultra Rare,340.0,4,2,150,1.5871923034867808,-0.05352798053527985,0.9418206707734429,4.11,3.89,2,0
sv5-186,Iron Leaves ex,Temporal Forces,modern,Ultra Rare,220.0,1,1,180,1.007957920399979,-0.1594202898550724,0.9418206707734429,2.07,1.74,2,0
sv5-187,Incineroar ex,Temporal Forces,modern,Ultra Rare,320.0,2,1,240,1.2325602611778486,0.0429184549356223,0.9418206707734429,2.33,2.43,2,0
sv5-188,Gouging Fire ex,Temporal Forces,modern,Ultra Rare,230.0,2,2,260,1.3428648031925547,-0.1501501501501501,0.9418206707734429,3.33,2.83,2,0
sv5-189,Walking Wake ex,Temporal Forces,modern,Ultra Rare,220.0,1,1,120,1.085189268335969,-0.010101010101010055,0.9418206707734429,1.98,1.96,2,0
sv5-190,Wugtrio ex,Temporal Forces,modern,Ultra Rare,250.0,1,2,120,0.8671004876833833,-0.06756756756756765,0.9418206707734429,1.48,1.38,2,0
sv5-191,Iron Crown ex,Temporal Forces,modern,Ultra Rare,220.0,2,1,0,1.169381359556317,-0.1558935361216729,0.9418206707734429,2.63,2.22,0,0
sv5-192,Iron Boulder ex,Temporal Forces,modern,Ultra Rare,240.0,3,2,200,0.8372475245337022,-0.1148648648648648,0.9418206707734429,1.48,1.31,2,0
sv5-195,Scizor ex,Temporal Forces,modern,Ultra Rare,270.0,2,2,120,1.2864740258376797,0.015503875968992276,0.9418206707734429,2.58,2.62,2,0
sv5-194,Farigiraf ex,Temporal Forces,modern,Ultra Rare,260.0,2,1,160,1.415853163361435,0.4579439252336448,0.9418206707734429,2.14,3.12,2,0
sv5-193,Gengar ex,Temporal Forces,modern,Ultra Rare,310.0,2,1,160,3.208421366964342,0.043516483516483406,0.9418206707734429,22.75,23.74,2,0
sv5-196,Raging Bolt ex,Temporal Forces,modern,Ultra Rare,240.0,3,2,70,2.256541154492639,0.09756097560975618,0.9418206707734429,7.79,8.55,2,0
sv5-203,Iron Leaves ex,Temporal Forces,modern,Special Illustration Rare,220.0,1,1,180,3.692373343368192,0.07705008255365975,0.9418206707734429,36.34,39.14,2,0
sv5-204,Gouging Fire ex,Temporal Forces,modern,Special Illustration Rare,230.0,2,2,260,3.9856451452987596,0.02942896121613714,0.9418206707734429,51.31,52.82,2,0
sv5-205,Walking Wake ex,Temporal Forces,modern,Special Illustration Rare,220.0,1,1,120,4.148043294556035,-0.0062200956937799035,0.9418206707734429,62.7,62.31,2,0
sv5-207,Iron Boulder ex,Temporal Forces,modern,Special Illustration Rare,240.0,3,2,200,3.0937660138253564,0.01445086705202292,0.9418206707734429,20.76,21.06,2,0
sv5-206,Iron Crown ex,Temporal Forces,modern,Special Illustration Rare,220.0,2,1,0,4.163559631243574,-0.017233348858872843,0.9418206707734429,64.41,63.3,2,0
sv5-208,Raging Bolt ex,Temporal Forces,modern,Special Illustration Rare,240.0,3,2,70,4.605070180987758,0.0036500050694514563,0.9418206707734429,98.63,98.99,2,0
sv5-213,Iron Leaves ex,Temporal Forces,modern,Hyper Rare,220.0,1,1,180,2.355177543113216,0.06117908787541704,0.9418206707734429,8.99,9.54,2,0
sv5-214,Gouging Fire ex,Temporal Forces,modern,Hyper Rare,230.0,2,2,260,2.6282852326333477,0.09268707482993199,0.9418206707734429,11.76,12.85,2,0
sv5-215,Walking Wake ex,Temporal Forces,modern,Hyper Rare,220.0,1,1,120,2.4176979000945504,-0.08093525179856098,0.9418206707734429,11.12,10.22,2,0
sv5-216,Iron Crown ex,Temporal Forces,modern,Hyper Rare,220.0,2,1,0,2.5079719227189963,0.023593466424682408,0.9418206707734429,11.02,11.28,0,0
sv5-217,Iron Boulder ex,Temporal Forces,modern,Hyper Rare,240.0,3,2,200,2.3683728335320486,0.008333333333333304,0.9418206707734429,9.6,9.68,2,0
sv5-218,Raging Bolt ex,Temporal Forces,modern,Hyper Rare,240.0,3,2,70,2.9856819377004897,-0.04422979156075246,0.9418206707734429,19.67,18.8,2,0
sv6-1,Tangela,Twilight Masquerade,modern,Common,80.0,2,2,30,0.06765864847381481,0.0,0.7693360711841205,0.07,0.07,0,1
sv6-2,Tangrowth,Twilight Masquerade,modern,Common,150.0,4,1,150,0.08617769624105233,-0.10000000000000009,0.7693360711841205,0.1,0.09,2,0
sv6-3,Pinsir,Twilight Masquerade,modern,Common,110.0,2,2,100,0.09531017980432487,0.0,0.7693360711841205,0.1,0.1,0,1
sv6-4,Spinarak,Twilight Masquerade,modern,Common,60.0,1,1,20,0.08617769624105233,0.0,0.7693360711841205,0.09,0.09,0,2
sv6-7,Sunflora,Twilight Masquerade,modern,Uncommon,100.0,1,2,60,0.07696104113612832,0.0,0.7693360711841205,0.08,0.08,0,1
sv6-6,Sunkern,Twilight Masquerade,modern,Common,40.0,1,1,10,0.05826890812397577,0.0,0.7693360711841205,0.06,0.06,0,2
sv6-5,Ariados,Twilight Masquerade,modern,Uncommon,90.0,1,1,10,0.09531017980432487,-0.16666666666666663,0.7693360711841205,0.12,0.1,0,2
sv6-8,Heracross,Twilight Masquerade,modern,Uncommon,120.0,2,2,130,0.07696104113612832,0.0,0.7693360711841205,0.08,0.08,2,1
sv6-9,Volbeat,Twilight Masquerade,modern,Common,70.0,1,2,20,0.10436001532424277,-0.08333333333333326,0.7693360711841205,0.12,0.11,0,1
sv6-10,Illumise,Twilight Masquerade,modern,Common,70.0,1,2,30,0.09531017980432487,-0.33333333333333326,0.7693360711841205,0.15,0.1,0,1
sv6-11,Leafeon,Twilight Masquerade,modern,Uncommon,120.0,1,2,70,0.27002713721306015,-0.13888888888888884,0.7693360711841205,0.36,0.31,0,1
sv6-12,Phantump,Twilight Masquerade,modern,Common,70.0,2,1,20,0.05826890812397577,0.0,0.7693360711841205,0.06,0.06,0,2
sv6-13,Trevenant,Twilight Masquerade,modern,Common,120.0,3,2,130,0.06765864847381481,-0.2222222222222221,0.7693360711841205,0.09,0.07,2,0
sv6-16,Rillaboom,Twilight Masquerade,modern,Uncommon,180.0,4,2,180,0.09531017980432487,-0.09090909090909083,0.7693360711841205,0.11,0.1,2,0
sv6-18,Dipplin,Twilight Masquerade,modern,Uncommon,80.0,2,1,20,0.1484200051182733,-0.05882352941176472,0.7693360711841205,0.17,0.16,0,2
sv6-23,Sinistcha ex,Twilight Masquerade,modern,Double Rare,240.0,1,2,120,0.4054651081081644,0.13636363636363646,0.7693360711841205,0.44,0.5,2,0
sv6-14,Grookey,Twilight Masquerade,modern,Common,70.0,1,2,30,0.1484200051182733,-0.05882352941176472,0.7693360711841205,0.17,0.16,0,1
sv6-15,Thwackey,Twilight Masquerade,modern,Common,100.0,2,1,50,0.15700374880966478,-0.10526315789473684,0.7693360711841205,0.19,0.17,0,2
sv6-17,Applin,Twilight Masquerade,modern,Common,40.0,1,1,10,0.15700374880966478,-0.15000000000000002,0.7693360711841205,0.2,0.17,0,2
sv6-19,Iron Leaves,Twilight Masquerade,modern,Rare,120.0,1,2,100,0.16551443847757338,0.0,0.7693360711841205,0.18,0.18,0,1
sv6-20,Poltchageist,Twilight Masquerade,modern,Common,30.0,1,1,10,0.1397619423751587,0.0714285714285714,0.7693360711841205,0.14,0.15,0,2
sv6-21,Poltchageist,Twilight Masquerade,modern,Common,40.0,1,2,30,0.08617769624105233,-0.18181818181818188,0.7693360711841205,0.11,0.09,0,1
sv6-22,Sinistcha,Twilight Masquerade,modern,Rare,70.0,1,2,70,0.15700374880966478,-0.05555555555555547,0.7693360711841205,0.18,0.17,0,1
sv6-24,Teal Mask Ogerpon,Twilight Masquerade,modern,Rare,110.0,1,2,20,0.1484200051182733,-0.11111111111111105,0.7693360711841205,0.18,0.16,0,1
sv6-25,Teal Mask Ogerpon ex,Twilight Masquerade,modern,Double Rare,210.0,1,1,30,1.4951487660319727,-0.1722488038277511,0.7693360711841205,4.18,3.46,0,0
sv6-26,Vulpix,Twilight Masquerade,modern,Common,70.0,1,1,40,0.1397619423751587,0.25,0.7693360711841205,0.12,0.15,0,2
sv6-27,Ninetales,Twilight Masquerade,modern,Common,120.0,2,1,90,0.09531017980432487,-0.09090909090909083,0.7693360711841205,0.11,0.1,0,2
sv6-28,Slugma,Twilight Masquerade,modern,Common,80.0,3,1,20,0.05826890812397577,-0.14285714285714302,0.7693360711841205,0.07,0.06,0,2
sv6-29,Magcargo ex,Twilight Masquerade,modern,Double Rare,270.0,3,2,140,0.3852624007906449,-0.04081632653061229,0.7693360711841205,0.49,0.47,2,0
sv6-30,Torkoal,Twilight Masquerade,modern,Common,130.0,3,2,110,0.08617769624105233,0.125,0.7693360711841205,0.08,0.09,2,0
sv6-31,Chimchar,Twilight Masquerade,modern,Common,60.0,1,1,20,0.10436001532424277,0.09999999999999987,0.7693360711841205,0.1,0.11,0,2
sv6-32,Monferno,Twilight Masquerade,modern,Common,90.0,1,2,80,0.08617769624105233,-0.47058823529411775,0.7693360711841205,0.17,0.09,0,1
sv6-33,Infernape,Twilight Masquerade,modern,Rare,140.0,1,1,200,0.1484200051182733,-0.11111111111111105,0.7693360711841205,0.18,0.16,2,0
sv6-34,Darumaka,Twilight Masquerade,modern,Common,80.0,2,2,50,0.06765864847381481,0.0,0.7693360711841205,0.07,0.07,0,1
sv6-35,Darmanitan,Twilight Masquerade,modern,Uncommon,140.0,3,2,210,0.05826890812397577,-0.14285714285714302,0.7693360711841205,0.07,0.06,2,0
sv6-36,Litwick,Twilight Masquerade,modern,Common,60.0,1,2,20,0.13102826240640408,-0.43999999999999995,0.7693360711841205,0.25,0.14,0,1
sv6-37,Lampent,Twilight Masquerade,modern,Common,80.0,1,2,60,0.06765864847381481,-0.2222222222222221,0.7693360711841205,0.09,0.07,0,1
sv6-38,Chandelure,Twilight Masquerade,modern,Rare,130.0,2,1,30,0.1484200051182733,0.1428571428571428,0.7693360711841205,0.14,0.16,0,2
sv6-39,Chi-Yu,Twilight Masquerade,modern,Uncommon,110.0,1,2,60,0.1397619423751587,-0.11764705882352955,0.7693360711841205,0.17,0.15,0,1
sv6-40,Hearthflame Mask Ogerpon ex,Twilight Masquerade,modern,Double Rare,210.0,1,2,140,0.49469624183610705,0.1428571428571428,0.7693360711841205,0.56,0.64,2,0
sv6-41,Poliwag,Twilight Masquerade,modern,Common,60.0,1,2,20,0.08617769624105233,0.2857142857142856,0.7693360711841205,0.07,0.09,0,1
sv6-42,Poliwhirl,Twilight Masquerade,modern,Common,100.0,2,2,30,0.08617769624105233,-0.18181818181818188,0.7693360711841205,0.11,0.09,0,1
sv6-43,Poliwrath,Twilight Masquerade,modern,Uncommon,170.0,3,2,120,0.12221763272424921,-0.1875,0.7693360711841205,0.16,0.13,2,0
sv6-44,Goldeen,Twilight Masquerade,modern,Common,50.0,1,1,10,0.11332868530700317,0.09090909090909083,0.7693360711841205,0.11,0.12,0,2
sv6-45,Seaking,Twilight Masquerade,modern,Common,90.0,1,2,90,0.05826890812397577,0.0,0.7693360711841205,0.06,0.06,0,1
sv6-46,Jynx,Twilight Masquerade,modern,Common,90.0,1,2,30,0.09531017980432487,0.11111111111111116,0.7693360711841205,0.09,0.1,0,1
sv6-47,Corphish,Twilight Masquerade,modern,Common,80.0,2,1,60,0.05826890812397577,-0.14285714285714302,0.7693360711841205,0.07,0.06,0,2
sv6-48,Crawdaunt,Twilight Masquerade,modern,Common,130.0,3,2,180,0.10436001532424277,-0.08333333333333326,0.7693360711841205,0.12,0.11,2,0
sv6-49,Feebas,Twilight Masquerade,modern,Common,30.0,1,1,10,0.11332868530700317,0.09090909090909083,0.7693360711841205,0.11,0.12,0,2
sv6-50,Milotic,Twilight Masquerade,modern,Uncommon,120.0,1,1,100,0.19062035960864973,0.16666666666666674,0.7693360711841205,0.18,0.21,0,2
sv6-51,Snorunt,Twilight Masquerade,modern,Common,60.0,1,1,20,0.15700374880966478,0.0,0.7693360711841205,0.17,0.17,0,2
sv6-52,Glalie,Twilight Masquerade,modern,Uncommon,120.0,2,2,140,0.1397619423751587,0.0714285714285714,0.7693360711841205,0.14,0.15,2,1
sv6-53,Froslass,Twilight Masquerade,modern,Rare,90.0,1,1,60,0.17395330712343804,-0.13636363636363635,0.7693360711841205,0.22,0.19,0,2
sv6-56,Froakie,Twilight Masquerade,modern,Common,60.0,1,2,10,0.1397619423751587,-0.16666666666666663,0.7693360711841205,0.18,0.15,0,1
sv6-57,Frogadier,Twilight Masquerade,modern,Common,90.0,1,1,20,0.1397619423751587,-0.11764705882352955,0.7693360711841205,0.17,0.15,0,2
sv6-54,Glaceon,Twilight Masquerade,modern,Uncommon,120.0,1,2,70,0.4824261492442927,-0.015873015873015928,0.7693360711841205,0.63,0.62,0,1
sv6-55,Phione,Twilight Masquerade,modern,Common,70.0,1,2,20,0.09531017980432487,0.0,0.7693360711841205,0.1,0.1,0,1
sv6-58,Cramorant,Twilight Masquerade,modern,Uncommon,110.0,1,2,20,0.13102826240640408,-0.12499999999999989,0.7693360711841205,0.16,0.14,0,1
sv6-62,Iron Bundle,Twilight Masquerade,modern,Uncommon,90.0,1,1,60,0.17395330712343804,0.05555555555555558,0.7693360711841205,0.18,0.19,0,2
sv6-59,Finizen,Twilight Masquerade,modern,Common,70.0,1,1,30,0.07696104113612832,-0.20000000000000007,0.7693360711841205,0.1,0.08,0,2
sv6-60,Palafin,Twilight Masquerade,modern,Uncommon,100.0,1,1,30,0.12221763272424921,0.08333333333333348,0.7693360711841205,0.12,0.13,0,2
sv6-61,Palafin ex,Twilight Masquerade,modern,Double Rare,340.0,2,1,250,0.3987761199573678,-0.05769230769230771,0.7693360711841205,0.52,0.49,2,0
sv6-63,Walking Wake,Twilight Masquerade,modern,Rare,130.0,1,2,20,0.22314355131420976,-0.07407407407407418,0.7693360711841205,0.27,0.25,0,1
sv6-64,Wellspring Mask Ogerpon ex,Twilight Masquerade,modern,Double Rare,210.0,1,2,100,0.6151856390902334,0.024096385542168752,0.7693360711841205,0.83,0.85,2,0
sv6-65,Zapdos,Twilight Masquerade,modern,Rare,120.0,2,2,190,0.19062035960864973,0.0,0.7693360711841205,0.21,0.21,2,0
sv6-66,Shinx,Twilight Masquerade,modern,Common,60.0,1,2,30,0.11332868530700317,0.0,0.7693360711841205,0.12,0.12,0,1
sv6-67,Luxio,Twilight Masquerade,modern,Common,90.0,1,1,60,0.09531017980432487,-0.09090909090909083,0.7693360711841205,0.11,0.1,0,2
sv6-69,Emolga,Twilight Masquerade,modern,Common,60.0,0,1,10,0.08617769624105233,0.125,0.7693360711841205,0.08,0.09,0,2
sv6-68,Luxray ex,Twilight Masquerade,modern,Double Rare,310.0,1,2,250,0.37156355643248307,0.0,0.7693360711841205,0.45,0.45,2,0
sv6-70,Helioptile,Twilight Masquerade,modern,Common,60.0,1,2,10,0.07696104113612832,0.1428571428571428,0.7693360711841205,0.07,0.08,0,1
sv6-71,Heliolisk,Twilight Masquerade,modern,Common,100.0,1,1,70,0.06765864847381481,0.0,0.7693360711841205,0.07,0.07,0,2
sv6-72,Morpeko,Twilight Masquerade,modern,Uncommon,70.0,1,1,0,0.09531017980432487,-0.16666666666666663,0.7693360711841205,0.12,0.1,0,2
sv6-73,Tadbulb,Twilight Masquerade,modern,Common,50.0,1,2,20,0.07696104113612832,0.0,0.7693360711841205,0.08,0.08,0,1
sv6-74,Bellibolt,Twilight Masquerade,modern,Uncommon,140.0,3,2,130,0.07696104113612832,0.0,0.7693360711841205,0.08,0.08,2,0
sv6-75,Wattrel,Twilight Masquerade,modern,Common,60.0,1,1,10,0.06765864847381481,0.0,0.7693360711841205,0.07,0.07,0,2
sv6-76,Kilowattrel,Twilight Masquerade,modern,Uncommon,120.0,1,2,100,0.08617769624105233,0.125,0.7693360711841205,0.08,0.09,0,1
sv6-77,Iron Thorns ex,Twilight Masquerade,modern,Double Rare,230.0,4,1,140,0.8712933659434193,-0.22777777777777786,0.7693360711841205,1.8,1.39,2,0
sv6-78,Clefairy,Twilight Masquerade,modern,Common,60.0,1,1,40,0.07696104113612832,-0.20000000000000007,0.7693360711841205,0.1,0.08,0,2
sv6-79,Clefable,Twilight Masquerade,modern,Uncommon,120.0,2,2,100,0.12221763272424921,-0.1875,0.7693360711841205,0.16,0.13,0,1
sv6-80,Abra,Twilight Masquerade,modern,Common,40.0,1,1,10,0.1484200051182733,-0.20000000000000007,0.7693360711841205,0.2,0.16,0,2
sv6-81,Kadabra,Twilight Masquerade,modern,Common,80.0,1,1,10,0.17395330712343804,-0.09523809523809523,0.7693360711841205,0.21,0.19,0,2
sv6-82,Alakazam,Twilight Masquerade,modern,Rare,140.0,1,2,10,0.22314355131420976,0.0,0.7693360711841205,0.25,0.25,0,1
sv6-83,Girafarig,Twilight Masquerade,modern,Common,100.0,1,1,30,0.12221763272424921,0.30000000000000004,0.7693360711841205,0.1,0.13,0,2
sv6-84,Farigiraf,Twilight Masquerade,modern,Uncommon,140.0,2,2,80,0.1484200051182733,0.0,0.7693360711841205,0.16,0.16,0,1
sv6-87,Floette,Twilight Masquerade,modern,Common,70.0,1,2,40,0.06765864847381481,-0.2222222222222221,0.7693360711841205,0.09,0.07,0,1
sv6-85,Chimecho,Twilight Masquerade,modern,Common,70.0,1,2,20,0.06765864847381481,0.0,0.7693360711841205,0.07,0.07,0,1
sv6-86,Flabébé,Twilight Masquerade,modern,Common,40.0,1,2,10,0.08617769624105233,0.5,0.7693360711841205,0.06,0.09,0,1
sv6-89,Swirlix,Twilight Masquerade,modern,Common,50.0,1,1,0,0.07696104113612832,-0.11111111111111105,0.7693360711841205,0.09,0.08,0,2
sv6-88,Florges,Twilight Masquerade,modern,Uncommon,140.0,2,1,120,0.1397619423751587,0.0714285714285714,0.7693360711841205,0.14,0.15,0,0
sv6-90,Slurpuff,Twilight Masquerade,modern,Uncommon,120.0,2,1,90,0.1484200051182733,-0.1578947368421053,0.7693360711841205,0.19,0.16,0,2
sv6-91,Sandygast,Twilight Masquerade,modern,Common,90.0,3,2,30,0.1397619423751587,0.0714285714285714,0.7693360711841205,0.14,0.15,0,1
sv6-92,Palossand,Twilight Masquerade,modern,Common,150.0,4,2,150,0.06765864847381481,0.16666666666666674,0.7693360711841205,0.06,0.07,2,0
sv6-93,Enamorus,Twilight Masquerade,modern,Rare,120.0,1,2,80,0.15700374880966478,0.0625,0.7693360711841205,0.16,0.17,0,1
sv6-94,Scream Tail ex,Twilight Masquerade,modern,Double Rare,190.0,1,2,120,0.43178241642553783,0.2272727272727273,0.7693360711841205,0.44,0.54,2,0
sv6-95,Munkidori,Twilight Masquerade,modern,Rare,110.0,1,1,60,0.832909122935104,1.0,0.7693360711841205,0.56,1.3,0,1
sv6-96,Fezandipiti,Twilight Masquerade,modern,Rare,120.0,1,1,30,0.1484200051182733,0.0,0.7693360711841205,0.16,0.16,0,2
sv6-97,Sandshrew,Twilight Masquerade,modern,Common,60.0,1,2,20,0.05826890812397577,-0.14285714285714302,0.7693360711841205,0.07,0.06,0,1
sv6-99,Hisuian Growlithe,Twilight Masquerade,modern,Common,80.0,2,2,40,0.09531017980432487,-0.23076923076923073,0.7693360711841205,0.13,0.1,0,1
sv6-98,Sandslash,Twilight Masquerade,modern,Uncommon,120.0,1,2,120,0.16551443847757338,-0.10000000000000009,0.7693360711841205,0.2,0.18,0,1
sv6-100,Hisuian Arcanine,Twilight Masquerade,modern,Rare,130.0,2,2,90,0.16551443847757338,-0.052631578947368474,0.7693360711841205,0.19,0.18,0,1
sv6-101,Nosepass,Twilight Masquerade,modern,Common,80.0,3,1,60,0.08617769624105233,0.125,0.7693360711841205,0.08,0.09,0,2
sv6-102,Probopass,Twilight Masquerade,modern,Uncommon,140.0,3,2,120,0.13102826240640408,-0.06666666666666654,0.7693360711841205,0.15,0.14,2,0
sv6-103,Timburr,Twilight Masquerade,modern,Common,80.0,2,1,40,0.08617769624105233,0.2857142857142856,0.7693360711841205,0.07,0.09,0,2
sv6-104,Gurdurr,Twilight Masquerade,modern,Common,100.0,2,2,50,0.09531017980432487,-0.23076923076923073,0.7693360711841205,0.13,0.1,0,1
sv6-105,Conkeldurr,Twilight Masquerade,modern,Uncommon,180.0,3,2,250,0.23901690047049992,0.03846153846153855,0.7693360711841205,0.26,0.27,2,0
sv6-106,Greninja ex,Twilight Masquerade,modern,Double Rare,310.0,1,2,170,0.8415671856782186,0.1785714285714286,0.7693360711841205,1.12,1.32,2,0
sv6-107,Hawlucha,Twilight Masquerade,modern,Common,70.0,1,1,50,0.07696104113612832,0.0,0.7693360711841205,0.08,0.08,0,2
sv6-108,Glimmet,Twilight Masquerade,modern,Common,60.0,1,1,30,0.05826890812397577,0.0,0.7693360711841205,0.06,0.06,0,2
sv6-109,Glimmora,Twilight Masquerade,modern,Uncommon,130.0,3,2,30,0.1484200051182733,0.1428571428571428,0.7693360711841205,0.14,0.16,0,1
sv6-110,Ting-Lu,Twilight Masquerade,modern,Rare,140.0,3,2,110,0.15700374880966478,0.0,0.7693360711841205,0.17,0.17,2,1
sv6-111,Okidogi,Twilight Masquerade,modern,Rare,130.0,2,1,70,0.15700374880966478,-0.05555555555555547,0.7693360711841205,0.18,0.17,0,2
sv6-112,Cornerstone Mask Ogerpon ex,Twilight Masquerade,modern,Double Rare,210.0,1,1,140,0.6931471805599453,0.13636363636363646,0.7693360711841205,0.88,1.0,2,0
sv6-113,Poochyena,Twilight Masquerade,modern,Common,70.0,1,2,20,0.07696104113612832,0.1428571428571428,0.7693360711841205,0.07,0.08,0,1
sv6-114,Mightyena,Twilight Masquerade,modern,Uncommon,120.0,1,2,60,0.08617769624105233,0.0,0.7693360711841205,0.09,0.09,0,1
sv6-115,Venipede,Twilight Masquerade,modern,Common,80.0,3,2,40,0.09531017980432487,0.11111111111111116,0.7693360711841205,0.09,0.1,0,1
sv6-116,Whirlipede,Twilight Masquerade,modern,Common,100.0,3,2,60,0.08617769624105233,-0.18181818181818188,0.7693360711841205,0.11,0.09,0,1
sv6-117,Scolipede,Twilight Masquerade,modern,Uncommon,170.0,3,2,160,0.08617769624105233,-0.18181818181818188,0.7693360711841205,0.11,0.09,2,0
sv6-118,Brute Bonnet,Twilight Masquerade,modern,Uncommon,120.0,3,2,50,0.10436001532424277,0.22222222222222232,0.7693360711841205,0.09,0.11,0,1
sv6-119,Skarmory,Twilight Masquerade,modern,Common,120.0,2,2,90,0.09531017980432487,0.11111111111111116,0.7693360711841205,0.09,0.1,0,1
sv6-120,Aron,Twilight Masquerade,modern,Common,70.0,2,1,20,0.07696104113612832,-0.11111111111111105,0.7693360711841205,0.09,0.08,0,2
sv6-121,Lairon,Twilight Masquerade,modern,Common,110.0,3,2,60,0.07696104113612832,0.0,0.7693360711841205,0.08,0.08,0,1
sv6-122,Aggron,Twilight Masquerade,modern,Uncommon,180.0,3,2,120,0.17395330712343804,-0.17391304347826086,0.7693360711841205,0.23,0.19,2,0
sv6-123,Heatran,Twilight Masquerade,modern,Rare,140.0,4,1,50,0.19062035960864973,-0.045454545454545525,0.7693360711841205,0.22,0.21,2,0
sv6-124,Varoom,Twilight Masquerade,modern,Common,70.0,2,2,50,0.06765864847381481,0.0,0.7693360711841205,0.07,0.07,0,1
sv6-125,Revavroom,Twilight Masquerade,modern,Uncommon,140.0,2,2,100,0.1397619423751587,0.0714285714285714,0.7693360711841205,0.14,0.15,0,1
sv6-126,Applin,Twilight Masquerade,modern,Common,40.0,1,2,30,0.13102826240640408,-0.12499999999999989,0.7693360711841205,0.16,0.14,0,1
sv6-127,Dipplin,Twilight Masquerade,modern,Uncommon,80.0,2,1,0,0.11332868530700317,0.0,0.7693360711841205,0.12,0.12,0,2
sv6-128,Dreepy,Twilight Masquerade,modern,Common,70.0,1,2,40,0.6259384308664953,-0.13,0.7693360711841205,1.0,0.87,0,1
sv6-129,Drakloak,Twilight Masquerade,modern,Common,90.0,1,1,70,0.8197798314933114,0.530120481927711,0.7693360711841205,0.83,1.27,0,1
sv6-130,Dragapult ex,Twilight Masquerade,modern,Double Rare,320.0,1,2,200,1.7578579175523736,-0.014373716632443578,0.7693360711841205,4.87,4.8,2,0
sv6-131,Tatsugiri,Twilight Masquerade,modern,Uncommon,70.0,1,1,50,0.18232155679395465,0.05263157894736836,0.7693360711841205,0.19,0.2,0,2
sv6-132,Farfetch'd,Twilight Masquerade,modern,Common,70.0,1,1,30,0.06765864847381481,0.0,0.7693360711841205,0.07,0.07,0,2
sv6-133,Chansey,Twilight Masquerade,modern,Common,120.0,2,2,80,0.15700374880966478,0.41666666666666674,0.7693360711841205,0.12,0.17,0,1
sv6-134,Blissey ex,Twilight Masquerade,modern,Double Rare,300.0,4,1,180,0.5481214085096876,0.1587301587301586,0.7693360711841205,0.63,0.73,2,0
sv6-135,Eevee,Twilight Masquerade,modern,Common,50.0,1,2,20,0.15700374880966478,-0.19047619047619035,0.7693360711841205,0.21,0.17,0,1
sv6-136,Snorlax,Twilight Masquerade,modern,Uncommon,160.0,4,2,160,0.15700374880966478,0.13333333333333353,0.7693360711841205,0.15,0.17,2,0
sv6-137,Aipom,Twilight Masquerade,modern,Common,60.0,1,2,20,0.06765864847381481,0.16666666666666674,0.7693360711841205,0.06,0.07,0,1
sv6-138,Ambipom,Twilight Masquerade,modern,Uncommon,110.0,1,1,100,0.17395330712343804,0.11764705882352944,0.7693360711841205,0.17,0.19,0,2
sv6-139,Ducklett,Twilight Masquerade,modern,Common,60.0,1,2,20,0.05826890812397577,-0.25,0.7693360711841205,0.08,0.06,0,1
sv6-140,Swanna,Twilight Masquerade,modern,Uncommon,110.0,1,2,70,0.15700374880966478,-0.05555555555555547,0.7693360711841205,0.18,0.17,0,1
sv6-141,Bloodmoon Ursaluna ex,Twilight Masquerade,modern,Double Rare,260.0,3,1,240,0.8064758658669484,-0.03125,0.7693360711841205,1.28,1.24,2,0
sv6-168,Pinsir,Twilight Masquerade,modern,Illustration Rare,110.0,2,2,100,2.7750856024383683,0.1704280155642024,0.7693360711841205,12.85,15.04,2,0
sv6-169,Sunflora,Twilight Masquerade,modern,Illustration Rare,100.0,1,2,60,2.333114298028869,0.258108108108108,0.7693360711841205,7.4,9.31,0,1
sv6-170,Dipplin,Twilight Masquerade,modern,Illustration Rare,80.0,2,1,20,2.0731719286662407,0.04354354354354362,0.7693360711841205,6.66,6.95,0,2
sv6-171,Poltchageist,Twilight Masquerade,modern,Illustration Rare,30.0,1,1,10,1.7209792871670078,0.2785515320334262,0.7693360711841205,3.59,4.59,0,2
sv6-172,Torkoal,Twilight Masquerade,modern,Illustration Rare,130.0,3,2,110,1.9643112344262046,0.27708333333333335,0.7693360711841205,4.8,6.13,2,0
sv6-173,Infernape,Twilight Masquerade,modern,Illustration Rare,140.0,1,1,200,2.913437030827161,-0.070437566702241,0.7693360711841205,18.74,17.42,2,0
sv6-174,Froslass,Twilight Masquerade,modern,Illustration Rare,90.0,1,1,60,2.248128907197987,0.13235294117647056,0.7693360711841205,7.48,8.47,0,2
sv6-175,Phione,Twilight Masquerade,modern,Illustration Rare,70.0,1,2,20,2.3841650799864684,-0.015984015984015998,0.7693360711841205,10.01,9.85,0,1
sv6-176,Cramorant,Twilight Masquerade,modern,Illustration Rare,110.0,1,2,20,1.7561322915849038,0.47839506172839497,0.7693360711841205,3.24,4.79,0,1
sv6-178,Wattrel,Twilight Masquerade,modern,Illustration Rare,60.0,1,1,10,1.673351238177753,0.2371428571428571,0.7693360711841205,3.5,4.33,0,2
sv6-179,Chimecho,Twilight Masquerade,modern,Illustration Rare,70.0,1,2,20,1.8991179875485542,0.3653846153846152,0.7693360711841205,4.16,5.68,0,1
sv6-177,Heliolisk,Twilight Masquerade,modern,Illustration Rare,100.0,1,1,70,1.6331544390514163,0.22985074626865676,0.7693360711841205,3.35,4.12,0,2
sv6-180,Enamorus,Twilight Masquerade,modern,Illustration Rare,120.0,1,2,80,2.206074192613202,0.1642651296829971,0.7693360711841205,6.94,8.08,0,1
sv6-181,Hisuian Growlithe,Twilight Masquerade,modern,Illustration Rare,80.0,2,2,40,3.277522020300934,0.16537231612608494,0.7693360711841205,21.89,25.51,0,0
sv6-182,Probopass,Twilight Masquerade,modern,Illustration Rare,140.0,3,2,120,1.809926773183504,0.1693363844393594,0.7693360711841205,4.37,5.11,2,0
sv6-183,Timburr,Twilight Masquerade,modern,Illustration Rare,80.0,2,1,40,2.2192034840549946,0.27329192546583836,0.7693360711841205,6.44,8.2,0,2
sv6-184,Lairon,Twilight Masquerade,modern,Illustration Rare,110.0,3,2,60,2.0731719286662407,0.3900000000000001,0.7693360711841205,5.0,6.95,2,1
sv6-185,Applin,Twilight Masquerade,modern,Illustration Rare,40.0,1,2,30,2.4740142086215764,-0.043975373790677175,0.7693360711841205,11.37,10.87,0,1
sv6-186,Tatsugiri,Twilight Masquerade,modern,Illustration Rare,70.0,1,1,50,3.0421386463681466,0.09075997813012582,0.7693360711841205,18.29,19.95,0,2
sv6-187,Chansey,Twilight Masquerade,modern,Illustration Rare,120.0,2,2,80,3.3724549127965013,0.127804487179487,0.7693360711841205,24.96,28.15,2,0
sv6-188,Eevee,Twilight Masquerade,modern,Illustration Rare,50.0,1,2,20,4.480060374945247,-0.0729996812240995,0.7693360711841205,94.11,87.24,0,1
sv6-189,Sinistcha ex,Twilight Masquerade,modern,Ultra Rare,240.0,1,2,120,0.8241754429663494,-0.06569343065693434,0.7693360711841205,1.37,1.28,2,0
sv6-190,Teal Mask Ogerpon ex,Twilight Masquerade,modern,Ultra Rare,210.0,1,1,30,2.0476928433652555,-0.020319303338171224,0.7693360711841205,6.89,6.75,0,0
sv6-191,Magcargo ex,Twilight Masquerade,modern,Ultra Rare,270.0,3,2,140,0.9282193027394289,-0.049689440993788914,0.7693360711841205,1.61,1.53,2,0
sv6-194,Wellspring Mask Ogerpon ex,Twilight Masquerade,modern,Ultra Rare,210.0,1,2,100,1.3912819026309295,0.15708812260536398,0.7693360711841205,2.61,3.02,2,0
sv6-192,Hearthflame Mask Ogerpon ex,Twilight Masquerade,modern,Ultra Rare,210.0,1,2,140,1.1410330045520618,0.18333333333333335,0.7693360711841205,1.8,2.13,2,0
sv6-193,Palafin ex,Twilight Masquerade,modern,Ultra Rare,340.0,2,1,250,0.9631743177730056,-0.12432432432432428,0.7693360711841205,1.85,1.62,2,0
sv6-195,Luxray ex,Twilight Masquerade,modern,Ultra Rare,310.0,1,2,250,1.235471471385307,0.008264462809917328,0.7693360711841205,2.42,2.44,2,0
sv6-196,Iron Thorns ex,Twilight Masquerade,modern,Ultra Rare,230.0,4,1,140,1.9837562915454279,0.16977611940298498,0.7693360711841205,5.36,6.27,2,0
sv6-197,Scream Tail ex,Twilight Masquerade,modern,Ultra Rare,190.0,1,2,120,0.959350221334602,-0.13440860215053763,0.7693360711841205,1.86,1.61,2,0
sv6-198,Greninja ex,Twilight Masquerade,modern,Ultra Rare,310.0,1,2,170,2.647592232065096,-0.098901098901099,0.7693360711841205,14.56,13.12,2,0
sv6-199,Cornerstone Mask Ogerpon ex,Twilight Masquerade,modern,Ultra Rare,210.0,1,1,140,1.6467336971777973,0.11436170212765973,0.7693360711841205,3.76,4.19,2,0
sv6-200,Dragapult ex,Twilight Masquerade,modern,Ultra Rare,320.0,1,2,200,2.8864752876170416,0.16117969821673528,0.7693360711841205,14.58,16.93,2,0
sv6-201,Blissey ex,Twilight Masquerade,modern,Ultra Rare,300.0,4,1,180,1.3001916620664788,0.14592274678111572,0.7693360711841205,2.33,2.67,2,0
sv6-202,Bloodmoon Ursaluna ex,Twilight Masquerade,modern,Ultra Rare,260.0,3,1,240,1.3609765531356006,-0.0491803278688524,0.7693360711841205,3.05,2.9,2,0
sv6-211,Teal Mask Ogerpon ex,Twilight Masquerade,modern,Special Illustration Rare,210.0,1,1,30,3.2055879305412653,0.04089709762533,0.7693360711841205,22.74,23.67,0,0
sv6-210,Sinistcha ex,Twilight Masquerade,modern,Special Illustration Rare,240.0,1,2,120,3.1232455938529506,0.022117647058823575,0.7693360711841205,21.25,21.72,2,0
sv6-214,Greninja ex,Twilight Masquerade,modern,Special Illustration Rare,310.0,1,2,170,6.019298561787393,0.021460402818233915,0.7693360711841205,401.67,410.29,2,0
sv6-212,Hearthflame Mask Ogerpon ex,Twilight Masquerade,modern,Special Illustration Rare,210.0,1,2,140,2.7047112998366956,-0.03460207612456745,0.7693360711841205,14.45,13.95,2,0
sv6-213,Wellspring Mask Ogerpon ex,Twilight Masquerade,modern,Special Illustration Rare,210.0,1,2,100,2.930660276810276,0.04414361389052379,0.7693360711841205,16.99,17.74,2,0
sv6-215,Cornerstone Mask Ogerpon ex,Twilight Masquerade,modern,Special Illustration Rare,210.0,1,1,140,2.895359299407204,0.008854781582054327,0.7693360711841205,16.94,17.09,2,0
sv6-216,Bloodmoon Ursaluna ex,Twilight Masquerade,modern,Special Illustration Rare,260.0,3,1,240,3.7773481021015445,0.05458137811805397,0.7693360711841205,40.49,42.7,2,0
sv6-221,Teal Mask Ogerpon ex,Twilight Masquerade,modern,Hyper Rare,210.0,1,1,30,2.7226103524335397,-0.01591695501730095,0.7693360711841205,14.45,14.22,0,0
sv6-222,Bloodmoon Ursaluna ex,Twilight Masquerade,modern,Hyper Rare,260.0,3,1,240,2.5392369943330477,-0.0686352753391859,0.7693360711841205,12.53,11.67,2,0
sv6pt5-1,Joltik,Shrouded Fable,modern,Common,40.0,1,1,10,0.08617769624105233,-0.25,0.5776865160848734,0.12,0.09,0,2
sv6pt5-2,Galvantula,Shrouded Fable,modern,Uncommon,100.0,1,1,50,0.11332868530700317,0.09090909090909083,0.5776865160848734,0.11,0.12,0,2
sv6pt5-3,Rowlet,Shrouded Fable,modern,Common,70.0,1,2,10,0.10436001532424277,-0.3125,0.5776865160848734,0.16,0.11,0,1
sv6pt5-4,Dartrix,Shrouded Fable,modern,Common,90.0,1,2,30,0.12221763272424921,-0.1875,0.5776865160848734,0.16,0.13,0,1
sv6pt5-5,Decidueye,Shrouded Fable,modern,Uncommon,150.0,2,2,170,0.07696104113612832,-0.33333333333333326,0.5776865160848734,0.12,0.08,2,1
sv6pt5-6,Tapu Bulu,Shrouded Fable,modern,Rare,140.0,3,1,220,0.09531017980432487,-0.09090909090909083,0.5776865160848734,0.11,0.1,2,0
sv6pt5-7,Houndour,Shrouded Fable,modern,Common,70.0,1,2,50,0.09531017980432487,0.4285714285714286,0.5776865160848734,0.07,0.1,0,1
sv6pt5-8,Houndoom,Shrouded Fable,modern,Common,120.0,2,2,100,0.1397619423751587,0.25,0.5776865160848734,0.12,0.15,0,1
sv6pt5-9,Iron Moth,Shrouded Fable,modern,Uncommon,120.0,2,2,120,0.15700374880966478,-0.19047619047619035,0.5776865160848734,0.21,0.17,0,1
sv6pt5-10,Horsea,Shrouded Fable,modern,Common,60.0,1,2,20,0.09531017980432487,0.11111111111111116,0.5776865160848734,0.09,0.1,0,1
sv6pt5-11,Seadra,Shrouded Fable,modern,Common,90.0,1,2,40,0.09531017980432487,-0.16666666666666663,0.5776865160848734,0.12,0.1,0,1
sv6pt5-12,Kingdra ex,Shrouded Fable,modern,Double Rare,310.0,1,2,50,0.3987761199573678,0.0,0.5776865160848734,0.49,0.49,2,0
sv6pt5-13,Sneasel,Shrouded Fable,modern,Common,70.0,1,2,30,0.09531017980432487,0.4285714285714286,0.5776865160848734,0.07,0.1,0,1
sv6pt5-14,Weavile,Shrouded Fable,modern,Uncommon,100.0,1,2,70,0.06765864847381481,-0.36363636363636354,0.5776865160848734,0.11,0.07,0,1
sv6pt5-15,Revavroom ex,Shrouded Fable,modern,Double Rare,280.0,1,2,250,0.2776317365982795,-0.030303030303030276,0.5776865160848734,0.33,0.32,2,0
sv6pt5-16,Drowzee,Shrouded Fable,modern,Common,70.0,2,1,10,0.12221763272424921,0.08333333333333348,0.5776865160848734,0.12,0.13,0,2
sv6pt5-17,Hypno,Shrouded Fable,modern,Uncommon,110.0,2,1,80,0.12221763272424921,0.0,0.5776865160848734,0.13,0.13,0,2
sv6pt5-18,Duskull,Shrouded Fable,modern,Common,60.0,1,2,30,0.2468600779315258,-0.0344827586206895,0.5776865160848734,0.29,0.28,0,1
sv6pt5-19,Dusclops,Shrouded Fable,modern,Common,90.0,2,1,50,0.27002713721306015,-0.03125,0.5776865160848734,0.32,0.31,0,2
sv6pt5-20,Dusknoir,Shrouded Fable,modern,Rare,160.0,3,1,150,0.4252677354043441,0.019230769230769162,0.5776865160848734,0.52,0.53,2,0
sv6pt5-21,Cresselia,Shrouded Fable,modern,Rare,120.0,1,2,80,0.10436001532424277,-0.2142857142857143,0.5776865160848734,0.14,0.11,0,1
sv6pt5-22,Sylveon,Shrouded Fable,modern,Uncommon,120.0,1,2,90,0.22314355131420976,0.08695652173913038,0.5776865160848734,0.23,0.25,0,1
sv6pt5-23,Croagunk,Shrouded Fable,modern,Common,70.0,1,2,20,0.06765864847381481,-0.2222222222222221,0.5776865160848734,0.09,0.07,0,1
sv6pt5-24,Toxicroak,Shrouded Fable,modern,Common,130.0,1,2,90,0.09531017980432487,-0.2857142857142857,0.5776865160848734,0.14,0.1,0,1
sv6pt5-25,Bloodmoon Ursaluna,Shrouded Fable,modern,Rare,150.0,4,1,100,0.12221763272424921,-0.23529411764705888,0.5776865160848734,0.17,0.13,2,2
sv6pt5-26,Slither Wing,Shrouded Fable,modern,Uncommon,140.0,3,2,130,0.12221763272424921,-0.07142857142857151,0.5776865160848734,0.14,0.13,2,0
sv6pt5-27,Zubat,Shrouded Fable,modern,Common,50.0,1,2,10,0.12221763272424921,0.44444444444444464,0.5776865160848734,0.09,0.13,0,1
sv6pt5-28,Golbat,Shrouded Fable,modern,Common,80.0,1,2,80,0.12221763272424921,0.08333333333333348,0.5776865160848734,0.12,0.13,0,1
sv6pt5-29,Crobat,Shrouded Fable,modern,Uncommon,130.0,0,1,120,0.10436001532424277,-0.2142857142857143,0.5776865160848734,0.14,0.11,0,2
sv6pt5-30,Absol,Shrouded Fable,modern,Common,110.0,1,1,20,0.1397619423751587,-0.31818181818181823,0.5776865160848734,0.22,0.15,0,2
sv6pt5-31,Zorua,Shrouded Fable,modern,Common,70.0,1,2,20,0.10436001532424277,0.0,0.5776865160848734,0.11,0.11,0,1
sv6pt5-32,Zoroark,Shrouded Fable,modern,Rare,120.0,1,2,110,0.11332868530700317,-0.19999999999999996,0.5776865160848734,0.15,0.12,0,1
sv6pt5-33,Inkay,Shrouded Fable,modern,Common,60.0,1,2,10,0.10436001532424277,0.09999999999999987,0.5776865160848734,0.1,0.11,0,1
sv6pt5-34,Malamar,Shrouded Fable,modern,Uncommon,120.0,3,2,90,0.08617769624105233,0.0,0.5776865160848734,0.09,0.09,2,1
sv6pt5-35,Yveltal,Shrouded Fable,modern,Uncommon,120.0,1,2,100,0.10436001532424277,-0.2666666666666666,0.5776865160848734,0.15,0.11,0,1
sv6pt5-36,Okidogi ex,Shrouded Fable,modern,Double Rare,250.0,3,2,130,0.4510756193602166,0.1875,0.5776865160848734,0.48,0.57,2,0
sv6pt5-37,Munkidori ex,Shrouded Fable,modern,Double Rare,210.0,1,1,190,0.3293037471426004,0.026315789473684292,0.5776865160848734,0.38,0.39,2,0
sv6pt5-38,Fezandipiti ex,Shrouded Fable,modern,Double Rare,210.0,1,1,0,2.365559892155434,-0.0738963531669865,0.5776865160848734,10.42,9.65,0,0
sv6pt5-39,Pecharunt ex,Shrouded Fable,modern,Double Rare,190.0,1,1,60,0.5423242908253617,-0.06493506493506496,0.5776865160848734,0.77,0.72,0,0
sv6pt5-40,Genesect,Shrouded Fable,modern,Uncommon,110.0,1,1,100,0.10436001532424277,-0.3529411764705883,0.5776865160848734,0.17,0.11,0,2
sv6pt5-41,Cufant,Shrouded Fable,modern,Common,100.0,3,2,70,0.07696104113612832,-0.20000000000000007,0.5776865160848734,0.1,0.08,0,1
sv6pt5-42,Copperajah,Shrouded Fable,modern,Rare,200.0,4,1,130,0.13102826240640408,-0.2222222222222221,0.5776865160848734,0.18,0.14,2,0
sv6pt5-43,Varoom,Shrouded Fable,modern,Common,70.0,1,2,20,0.11332868530700317,0.09090909090909083,0.5776865160848734,0.11,0.12,0,1
sv6pt5-44,Axew,Shrouded Fable,modern,Common,70.0,2,2,30,0.09531017980432487,-0.2857142857142857,0.5776865160848734,0.14,0.1,0,1
sv6pt5-45,Fraxure,Shrouded Fable,modern,Common,100.0,2,1,80,0.10436001532424277,0.09999999999999987,0.5776865160848734,0.1,0.11,0,2
sv6pt5-46,Haxorus,Shrouded Fable,modern,Rare,170.0,2,2,230,0.13102826240640408,-0.3913043478260869,0.5776865160848734,0.23,0.14,2,1
sv6pt5-47,Kyurem,Shrouded Fable,modern,Uncommon,130.0,2,1,0,0.15700374880966478,0.0,0.5776865160848734,0.17,0.17,0,2
sv6pt5-48,Meowth,Shrouded Fable,modern,Common,70.0,1,1,20,0.08617769624105233,-0.47058823529411775,0.5776865160848734,0.17,0.09,0,2
sv6pt5-49,Persian,Shrouded Fable,modern,Common,110.0,1,2,100,0.09531017980432487,0.25,0.5776865160848734,0.08,0.1,0,1
sv6pt5-50,Eevee,Shrouded Fable,modern,Common,70.0,1,2,20,0.22314355131420976,-0.03846153846153855,0.5776865160848734,0.26,0.25,0,1
sv6pt5-51,Furfrou,Shrouded Fable,modern,Common,100.0,1,1,30,0.07696104113612832,-0.4285714285714286,0.5776865160848734,0.14,0.08,0,2
sv6pt5-52,Stufful,Shrouded Fable,modern,Common,80.0,2,1,30,0.07696104113612832,-0.20000000000000007,0.5776865160848734,0.1,0.08,0,2
sv6pt5-53,Bewear,Shrouded Fable,modern,Common,130.0,3,2,130,0.09531017980432487,-0.09090909090909083,0.5776865160848734,0.11,0.1,2,0
sv6pt5-65,Tapu Bulu,Shrouded Fable,modern,Illustration Rare,140.0,3,1,220,2.0095554142156695,0.06075533661740562,0.5776865160848734,6.09,6.46,2,0
sv6pt5-66,Houndoom,Shrouded Fable,modern,Illustration Rare,120.0,2,2,100,3.882594194737334,0.024784482758620552,0.5776865160848734,46.4,47.55,2,0
sv6pt5-67,Horsea,Shrouded Fable,modern,Illustration Rare,60.0,1,2,20,3.194173212227829,0.05645889792231262,0.5776865160848734,22.14,23.39,0,1
sv6pt5-68,Duskull,Shrouded Fable,modern,Illustration Rare,60.0,1,2,30,3.784189633918261,-0.03349067206113743,0.5776865160848734,44.49,43.0,0,1
sv6pt5-69,Dusclops,Shrouded Fable,modern,Illustration Rare,90.0,2,1,50,3.2003044392827653,0.003837953091684332,0.5776865160848734,23.45,23.54,0,2
sv6pt5-70,Dusknoir,Shrouded Fable,modern,Illustration Rare,160.0,3,1,150,3.4669851222001586,0.01305483028720622,0.5776865160848734,30.64,31.04,2,0
sv6pt5-71,Cresselia,Shrouded Fable,modern,Illustration Rare,120.0,1,2,80,3.2763897310688073,-0.062200956937799035,0.5776865160848734,27.17,25.48,0,1
sv6pt5-72,Munkidori,Shrouded Fable,modern,Illustration Rare,110.0,1,1,60,3.134189016701007,0.2832943925233644,0.5776865160848734,17.12,21.97,0,2
sv6pt5-73,Fezandipiti,Shrouded Fable,modern,Illustration Rare,120.0,1,1,30,2.3608540011180215,0.05610561056105601,0.5776865160848734,9.09,9.6,0,2
sv6pt5-74,Okidogi,Shrouded Fable,modern,Illustration Rare,130.0,2,1,70,2.349468678892896,0.1864831038798498,0.5776865160848734,7.99,9.48,0,2
sv6pt5-75,Zorua,Shrouded Fable,modern,Illustration Rare,70.0,1,2,20,2.9745086371023644,-0.03730569948186546,0.5776865160848734,19.3,18.58,0,1
sv6pt5-76,Cufant,Shrouded Fable,modern,Illustration Rare,100.0,3,2,70,2.6100697927420065,0.4031180400890868,0.5776865160848734,8.98,12.6,2,1
sv6pt5-77,Fraxure,Shrouded Fable,modern,Illustration Rare,100.0,2,1,80,2.6609585935683597,-0.0177121771217712,0.5776865160848734,13.55,13.31,0,2
sv6pt5-78,Persian,Shrouded Fable,modern,Illustration Rare,110.0,1,2,100,4.117898315175836,-0.006085526315789402,0.5776865160848734,60.8,60.43,2,1
sv6pt5-79,Bewear,Shrouded Fable,modern,Illustration Rare,130.0,3,2,130,2.5687881337687024,0.025531914893617058,0.5776865160848734,11.75,12.05,2,0
sv6pt5-80,Kingdra ex,Shrouded Fable,modern,Ultra Rare,310.0,1,2,50,1.264126727145683,0.4767441860465116,0.5776865160848734,1.72,2.54,2,0
sv6pt5-81,Revavroom ex,Shrouded Fable,modern,Ultra Rare,280.0,1,2,250,0.7975071958841881,0.07017543859649122,0.5776865160848734,1.14,1.22,2,0
sv6pt5-82,Okidogi ex,Shrouded Fable,modern,Ultra Rare,250.0,3,2,130,1.0885619528146082,0.05913978494623651,0.5776865160848734,1.86,1.97,2,0
sv6pt5-83,Munkidori ex,Shrouded Fable,modern,Ultra Rare,210.0,1,1,190,0.9820784724121582,0.006024096385542244,0.5776865160848734,1.66,1.67,2,0
sv6pt5-84,Fezandipiti ex,Shrouded Fable,modern,Ultra Rare,210.0,1,1,0,2.8094026953624978,-0.0006406149903908087,0.5776865160848734,15.61,15.6,0,0
sv6pt5-85,Pecharunt ex,Shrouded Fable,modern,Ultra Rare,190.0,1,1,60,1.2892326482767593,0.13362068965517238,0.5776865160848734,2.32,2.63,0,0
sv6pt5-90,Okidogi ex,Shrouded Fable,modern,Special Illustration Rare,250.0,3,2,130,3.1188344706879745,-0.044208664898320094,0.5776865160848734,22.62,21.62,2,0
sv6pt5-91,Munkidori ex,Shrouded Fable,modern,Special Illustration Rare,210.0,1,1,190,2.866192902199006,-0.004804804804804719,0.5776865160848734,16.65,16.57,2,0
sv6pt5-92,Fezandipiti ex,Shrouded Fable,modern,Special Illustration Rare,210.0,1,1,0,3.9314333989479695,0.025441116126384777,0.5776865160848734,48.74,49.98,0,0
sv6pt5-93,Pecharunt ex,Shrouded Fable,modern,Special Illustration Rare,190.0,1,1,60,3.206398303357088,0.06090461262875069,0.5776865160848734,22.33,23.69,0,0
sv6pt5-95,Pecharunt ex,Shrouded Fable,modern,Hyper Rare,190.0,1,1,60,3.250374491927572,0.0077204388459977125,0.5776865160848734,24.61,24.8,0,0
sv7-1,Venusaur ex,Stellar Crown,modern,Double Rare,340.0,4,1,150,1.0438040521731147,-0.06598984771573602,0.46269678302532513,1.97,1.84,2,0
sv7-2,Ledyba,Stellar Crown,modern,Common,60.0,1,1,30,0.13102826240640408,0.0,0.46269678302532513,0.14,0.14,0,2
sv7-3,Ledian,Stellar Crown,modern,Rare,90.0,0,1,70,0.10436001532424277,-0.08333333333333326,0.46269678302532513,0.12,0.11,0,2
sv7-5,Lileep,Stellar Crown,modern,Common,100.0,2,1,50,0.07696104113612832,-0.33333333333333326,0.46269678302532513,0.12,0.08,0,2
sv7-4,Celebi,Stellar Crown,modern,Uncommon,80.0,1,2,30,0.17395330712343804,0.0,0.46269678302532513,0.19,0.19,0,1
sv7-6,Cradily,Stellar Crown,modern,Rare,150.0,3,1,100,0.18232155679395465,0.17647058823529416,0.46269678302532513,0.17,0.2,2,0
sv7-7,Carnivine,Stellar Crown,modern,Common,110.0,2,2,130,0.12221763272424921,-0.07142857142857151,0.46269678302532513,0.14,0.13,0,1
sv7-9,Grubbin,Stellar Crown,modern,Common,70.0,2,1,10,0.13102826240640408,0.16666666666666674,0.46269678302532513,0.12,0.14,0,2
sv7-8,Mow Rotom,Stellar Crown,modern,Common,90.0,1,1,30,0.15700374880966478,0.2142857142857142,0.46269678302532513,0.14,0.17,0,2
sv7-10,Gossifleur,Stellar Crown,modern,Common,60.0,1,1,10,0.08617769624105233,0.125,0.46269678302532513,0.08,0.09,0,2
sv7-11,Eldegoss,Stellar Crown,modern,Uncommon,90.0,1,2,50,0.10436001532424277,0.0,0.46269678302532513,0.11,0.11,0,1
sv7-12,Applin,Stellar Crown,modern,Common,40.0,1,1,20,0.15700374880966478,-0.05555555555555547,0.46269678302532513,0.18,0.17,0,2
sv7-13,Dipplin,Stellar Crown,modern,Common,90.0,3,1,20,0.1484200051182733,0.0,0.46269678302532513,0.16,0.16,0,2
sv7-14,Hydrapple ex,Stellar Crown,modern,Double Rare,330.0,3,1,30,0.9895411936137477,-0.011695906432748537,0.46269678302532513,1.71,1.69,2,0
sv7-15,Nymble,Stellar Crown,modern,Common,50.0,1,1,10,0.1484200051182733,-0.23809523809523803,0.46269678302532513,0.21,0.16,0,2
sv7-16,Lokix,Stellar Crown,modern,Common,110.0,1,1,50,0.31481073984003355,0.2333333333333334,0.46269678302532513,0.3,0.37,0,2
sv7-17,Toedscool,Stellar Crown,modern,Common,60.0,1,2,20,0.09531017980432487,-0.09090909090909083,0.46269678302532513,0.11,0.1,0,1
sv7-18,Toedscruel,Stellar Crown,modern,Uncommon,140.0,3,2,90,0.10436001532424277,0.22222222222222232,0.46269678302532513,0.09,0.11,2,1
sv7-19,Ponyta,Stellar Crown,modern,Common,70.0,1,1,10,0.09531017980432487,-0.2857142857142857,0.46269678302532513,0.14,0.1,0,2
sv7-20,Rapidash,Stellar Crown,modern,Uncommon,120.0,1,1,60,0.12221763272424921,-0.1875,0.46269678302532513,0.16,0.13,0,2
sv7-21,Pansear,Stellar Crown,modern,Common,70.0,1,2,20,0.10436001532424277,-0.15384615384615385,0.46269678302532513,0.13,0.11,0,1
sv7-22,Reshiram,Stellar Crown,modern,Uncommon,130.0,2,1,90,0.11332868530700317,-0.19999999999999996,0.46269678302532513,0.15,0.12,0,2
sv7-24,Salazzle,Stellar Crown,modern,Uncommon,120.0,1,2,130,0.10436001532424277,0.09999999999999987,0.46269678302532513,0.1,0.11,0,1
sv7-23,Salandit,Stellar Crown,modern,Common,70.0,1,1,30,0.09531017980432487,-0.09090909090909083,0.46269678302532513,0.11,0.1,0,2
sv7-25,Turtonator,Stellar Crown,modern,Common,130.0,3,2,180,0.12221763272424921,0.30000000000000004,0.46269678302532513,0.1,0.13,2,1
sv7-26,Scorbunny,Stellar Crown,modern,Common,70.0,1,1,10,0.16551443847757338,0.0588235294117645,0.46269678302532513,0.17,0.18,0,2
sv7-27,Raboot,Stellar Crown,modern,Common,90.0,1,2,60,0.1397619423751587,-0.2857142857142857,0.46269678302532513,0.21,0.15,0,1
sv7-28,Cinderace ex,Stellar Crown,modern,Double Rare,320.0,0,2,280,0.8372475245337022,-0.21556886227544902,0.46269678302532513,1.67,1.31,2,0
sv7-30,Blastoise ex,Stellar Crown,modern,Double Rare,330.0,3,1,140,1.1755733298042381,-0.1515151515151515,0.46269678302532513,2.64,2.24,2,0
sv7-31,Lapras,Stellar Crown,modern,Uncommon,130.0,2,2,80,0.13102826240640408,-0.06666666666666654,0.46269678302532513,0.15,0.14,0,1
sv7-29,Charcadet,Stellar Crown,modern,Common,70.0,1,1,30,0.12221763272424921,-0.07142857142857151,0.46269678302532513,0.14,0.13,0,2
sv7-32,Lapras ex,Stellar Crown,modern,Double Rare,220.0,2,2,40,0.9400072584914712,-0.16129032258064513,0.46269678302532513,1.86,1.56,2,0
sv7-33,Marill,Stellar Crown,modern,Common,70.0,1,1,10,0.12221763272424921,-0.23529411764705888,0.46269678302532513,0.17,0.13,0,2
sv7-34,Azumarill,Stellar Crown,modern,Uncommon,120.0,2,1,60,0.17395330712343804,0.1875,0.46269678302532513,0.16,0.19,0,2
sv7-35,Finneon,Stellar Crown,modern,Common,50.0,1,1,20,0.11332868530700317,0.09090909090909083,0.46269678302532513,0.11,0.12,0,2
sv7-36,Lumineon,Stellar Crown,modern,Uncommon,110.0,1,2,70,0.11332868530700317,0.0,0.46269678302532513,0.12,0.12,0,1
sv7-37,Tirtouga,Stellar Crown,modern,Common,100.0,3,1,70,0.13102826240640408,0.0769230769230771,0.46269678302532513,0.13,0.14,0,2
sv7-38,Carracosta,Stellar Crown,modern,Rare,160.0,3,1,150,0.12221763272424921,0.0,0.46269678302532513,0.13,0.13,2,0
sv7-39,Froakie,Stellar Crown,modern,Common,60.0,1,1,20,0.09531017980432487,-0.16666666666666663,0.46269678302532513,0.12,0.1,0,2
sv7-40,Frogadier,Stellar Crown,modern,Uncommon,90.0,1,1,40,0.12221763272424921,-0.07142857142857151,0.46269678302532513,0.14,0.13,0,2
sv7-41,Greninja ex,Stellar Crown,modern,Double Rare,300.0,2,1,100,0.7275486072772778,0.13829787234042556,0.46269678302532513,0.94,1.07,2,0
sv7-42,Crabominable,Stellar Crown,modern,Uncommon,160.0,3,1,250,0.11332868530700317,0.09090909090909083,0.46269678302532513,0.11,0.12,2,0
sv7-44,Drednaw,Stellar Crown,modern,Rare,140.0,3,1,80,0.11332868530700317,0.0,0.46269678302532513,0.12,0.12,0,0
sv7-43,Chewtle,Stellar Crown,modern,Common,80.0,2,1,60,0.13102826240640408,0.0,0.46269678302532513,0.14,0.14,0,2
sv7-45,Veluza,Stellar Crown,modern,Uncommon,130.0,2,1,110,0.11332868530700317,0.09090909090909083,0.46269678302532513,0.11,0.12,0,0
sv7-46,Electabuzz,Stellar Crown,modern,Common,90.0,2,2,40,0.13102826240640408,0.0769230769230771,0.46269678302532513,0.13,0.14,0,1
sv7-47,Electivire,Stellar Crown,modern,Uncommon,150.0,3,2,220,0.12221763272424921,0.08333333333333348,0.46269678302532513,0.12,0.13,2,0
sv7-48,Chinchou,Stellar Crown,modern,Common,70.0,2,1,20,0.10436001532424277,-0.15384615384615385,0.46269678302532513,0.13,0.11,0,2
sv7-49,Lanturn,Stellar Crown,modern,Uncommon,120.0,2,2,140,0.08617769624105233,-0.10000000000000009,0.46269678302532513,0.1,0.09,2,1
sv7-50,Joltik,Stellar Crown,modern,Common,30.0,1,1,0,0.16551443847757338,-0.10000000000000009,0.46269678302532513,0.2,0.18,0,2
sv7-51,Galvantula ex,Stellar Crown,modern,Double Rare,260.0,1,2,180,0.6780335427498971,-0.26515151515151525,0.46269678302532513,1.32,0.97,2,0
sv7-52,Charjabug,Stellar Crown,modern,Common,80.0,2,1,0,0.10436001532424277,0.09999999999999987,0.46269678302532513,0.1,0.11,0,2
sv7-53,Vikavolt,Stellar Crown,modern,Uncommon,160.0,1,2,240,0.09531017980432487,-0.09090909090909083,0.46269678302532513,0.11,0.1,2,1
sv7-55,Zeraora,Stellar Crown,modern,Rare,120.0,1,1,20,0.1397619423751587,0.0714285714285714,0.46269678302532513,0.14,0.15,0,2
sv7-54,Togedemaru,Stellar Crown,modern,Uncommon,80.0,1,1,30,0.07696104113612832,-0.2727272727272727,0.46269678302532513,0.11,0.08,0,2
sv7-56,Pawmi,Stellar Crown,modern,Common,40.0,1,1,0,0.09531017980432487,0.0,0.46269678302532513,0.1,0.1,0,2
sv7-57,Slowpoke,Stellar Crown,modern,Common,80.0,2,2,30,0.18232155679395465,-0.09090909090909083,0.46269678302532513,0.22,0.2,0,1
sv7-58,Slowking,Stellar Crown,modern,Uncommon,120.0,3,2,120,0.19062035960864973,0.04999999999999982,0.46269678302532513,0.2,0.21,2,0
sv7-59,Mewtwo,Stellar Crown,modern,Uncommon,130.0,2,1,100,0.20701416938432615,-0.04166666666666663,0.46269678302532513,0.24,0.23,0,0
sv7-60,Drifloon,Stellar Crown,modern,Common,70.0,1,1,10,0.12221763272424921,0.18181818181818188,0.46269678302532513,0.11,0.13,0,2
sv7-61,Drifblim,Stellar Crown,modern,Uncommon,130.0,2,1,50,0.11332868530700317,0.19999999999999996,0.46269678302532513,0.1,0.12,0,2
sv7-62,Yamask,Stellar Crown,modern,Common,70.0,2,1,0,0.3852624007906449,-0.06000000000000005,0.46269678302532513,0.5,0.47,0,2
sv7-63,Comfey,Stellar Crown,modern,Common,70.0,1,2,20,0.1397619423751587,0.15384615384615374,0.46269678302532513,0.13,0.15,0,1
sv7-64,Milcery,Stellar Crown,modern,Common,60.0,1,1,20,0.2546422183735807,-0.21621621621621623,0.46269678302532513,0.37,0.29,0,2
sv7-65,Alcremie,Stellar Crown,modern,Rare,110.0,1,2,60,0.17395330712343804,0.05555555555555558,0.46269678302532513,0.18,0.19,0,1
sv7-66,Fidough,Stellar Crown,modern,Common,60.0,2,2,10,0.18232155679395465,0.25,0.46269678302532513,0.16,0.2,0,1
sv7-67,Dachsbun ex,Stellar Crown,modern,Double Rare,250.0,2,1,130,0.6205764877251099,0.24637681159420288,0.46269678302532513,0.69,0.86,2,0
sv7-68,Flittle,Stellar Crown,modern,Common,50.0,1,1,10,0.1484200051182733,0.06666666666666665,0.46269678302532513,0.15,0.16,0,2
sv7-69,Espathra,Stellar Crown,modern,Common,130.0,1,1,50,0.41871033485818504,0.019607843137254832,0.46269678302532513,0.51,0.52,0,2
sv7-70,Greavard,Stellar Crown,modern,Common,80.0,3,2,50,0.08617769624105233,-0.10000000000000009,0.46269678302532513,0.1,0.09,0,1
sv7-71,Iron Boulder,Stellar Crown,modern,Rare,140.0,3,1,170,0.16551443847757338,0.0,0.46269678302532513,0.18,0.18,2,0
sv7-72,Cubone,Stellar Crown,modern,Common,70.0,1,1,30,0.17395330712343804,-0.050000000000000044,0.46269678302532513,0.2,0.19,0,2
sv7-73,Marowak,Stellar Crown,modern,Uncommon,120.0,2,2,60,0.10436001532424277,0.09999999999999987,0.46269678302532513,0.1,0.11,0,1
sv7-74,Rhyhorn,Stellar Crown,modern,Common,100.0,3,1,50,0.16551443847757338,0.0588235294117645,0.46269678302532513,0.17,0.18,0,2
sv7-75,Rhydon,Stellar Crown,modern,Common,140.0,4,1,80,0.12221763272424921,0.18181818181818188,0.46269678302532513,0.11,0.13,2,0
sv7-76,Rhyperior,Stellar Crown,modern,Rare,200.0,4,1,180,0.13102826240640408,0.27272727272727293,0.46269678302532513,0.11,0.14,2,0
sv7-77,Meditite,Stellar Crown,modern,Common,70.0,1,1,10,0.4382549309311553,-0.2567567567567567,0.46269678302532513,0.74,0.55,0,2
sv7-78,Meditite,Stellar Crown,modern,Common,70.0,1,2,50,0.4510756193602166,0.6764705882352939,0.46269678302532513,0.34,0.57,0,1
sv7-79,Medicham,Stellar Crown,modern,Common,110.0,1,1,40,0.11332868530700317,0.0,0.46269678302532513,0.12,0.12,0,2
sv7-80,Medicham ex,Stellar Crown,modern,Double Rare,260.0,1,2,190,0.48858001481867097,-0.08695652173913038,0.46269678302532513,0.69,0.63,2,0
sv7-81,Riolu,Stellar Crown,modern,Common,70.0,1,1,30,0.16551443847757338,0.6363636363636362,0.46269678302532513,0.11,0.18,0,1
sv7-82,Lucario ex,Stellar Crown,modern,Double Rare,250.0,2,2,120,0.636576829071551,-0.2583333333333333,0.46269678302532513,1.2,0.89,2,0
sv7-83,Mienfoo,Stellar Crown,modern,Common,60.0,1,1,10,0.09531017980432487,0.0,0.46269678302532513,0.1,0.1,0,2
sv7-84,Mienshao,Stellar Crown,modern,Uncommon,90.0,1,1,30,0.11332868530700317,-0.25,0.46269678302532513,0.16,0.12,0,2
sv7-85,Pancham,Stellar Crown,modern,Common,70.0,2,2,20,0.09531017980432487,0.0,0.46269678302532513,0.1,0.1,0,1
sv7-86,Diancie,Stellar Crown,modern,Uncommon,110.0,1,2,60,0.13102826240640408,-0.06666666666666654,0.46269678302532513,0.15,0.14,0,1
sv7-87,Crabrawler,Stellar Crown,modern,Common,90.0,3,2,50,0.07696104113612832,-0.11111111111111105,0.46269678302532513,0.09,0.08,0,1
sv7-88,Falinks,Stellar Crown,modern,Common,110.0,2,2,30,0.11332868530700317,0.0,0.46269678302532513,0.12,0.12,0,1
sv7-89,Garganacl ex,Stellar Crown,modern,Double Rare,340.0,4,1,170,0.4574248470388754,-0.23684210526315796,0.46269678302532513,0.76,0.58,2,0
sv7-90,Koraidon,Stellar Crown,modern,Uncommon,130.0,2,1,50,0.10436001532424277,-0.15384615384615385,0.46269678302532513,0.13,0.11,0,2
sv7-91,Gulpin,Stellar Crown,modern,Common,70.0,2,2,30,0.11332868530700317,0.0,0.46269678302532513,0.12,0.12,0,1
sv7-92,Swalot,Stellar Crown,modern,Uncommon,130.0,3,2,100,0.1397619423751587,0.0714285714285714,0.46269678302532513,0.14,0.15,2,0
sv7-93,Pangoro,Stellar Crown,modern,Uncommon,140.0,3,2,160,0.09531017980432487,0.0,0.46269678302532513,0.1,0.1,2,0
sv7-94,Impidimp,Stellar Crown,modern,Common,70.0,1,2,40,0.13102826240640408,0.0,0.46269678302532513,0.14,0.14,0,1
sv7-95,Morgrem,Stellar Crown,modern,Common,90.0,1,2,70,0.1397619423751587,0.0714285714285714,0.46269678302532513,0.14,0.15,0,1
sv7-96,Grimmsnarl,Stellar Crown,modern,Rare,170.0,3,2,160,0.15700374880966478,0.0,0.46269678302532513,0.17,0.17,2,0
sv7-97,Bombirdier,Stellar Crown,modern,Common,100.0,1,1,70,0.12221763272424921,0.08333333333333348,0.46269678302532513,0.12,0.13,0,2
sv7-98,Jirachi,Stellar Crown,modern,Uncommon,80.0,1,2,30,0.2151113796169455,0.04347826086956519,0.46269678302532513,0.23,0.24,0,1
sv7-99,Klink,Stellar Crown,modern,Common,60.0,2,2,20,0.10436001532424277,0.22222222222222232,0.46269678302532513,0.09,0.11,0,1
sv7-100,Klang,Stellar Crown,modern,Common,90.0,3,1,60,0.10436001532424277,0.0,0.46269678302532513,0.11,0.11,0,2
sv7-101,Klinklang,Stellar Crown,modern,Rare,140.0,3,1,130,0.12221763272424921,0.0,0.46269678302532513,0.13,0.13,2,0
sv7-102,Meltan,Stellar Crown,modern,Common,60.0,1,2,40,0.13102826240640408,-0.12499999999999989,0.46269678302532513,0.16,0.14,0,1
sv7-103,Meltan,Stellar Crown,modern,Common,70.0,1,2,30,0.12221763272424921,-0.07142857142857151,0.46269678302532513,0.14,0.13,0,1
sv7-104,Melmetal,Stellar Crown,modern,Rare,160.0,3,2,250,0.09531017980432487,-0.09090909090909083,0.46269678302532513,0.11,0.1,2,0
sv7-105,Melmetal ex,Stellar Crown,modern,Double Rare,280.0,3,1,100,0.4824261492442927,-0.06060606060606066,0.46269678302532513,0.66,0.62,2,0
sv7-106,Duraludon,Stellar Crown,modern,Common,130.0,2,2,80,0.7975071958841881,1.0,0.46269678302532513,0.55,1.22,2,1
sv7-107,Archaludon,Stellar Crown,modern,Rare,180.0,2,1,160,0.13102826240640408,-0.06666666666666654,0.46269678302532513,0.15,0.14,2,0
sv7-108,Varoom,Stellar Crown,modern,Common,80.0,2,1,30,0.08617769624105233,0.0,0.46269678302532513,0.09,0.09,0,2
sv7-109,Revavroom,Stellar Crown,modern,Uncommon,150.0,2,1,100,0.10436001532424277,0.375,0.46269678302532513,0.08,0.11,0,1
sv7-110,Orthworm ex,Stellar Crown,modern,Double Rare,220.0,4,1,150,0.4700036292457356,-0.10447761194029859,0.46269678302532513,0.67,0.6,2,0
sv7-111,Raging Bolt,Stellar Crown,modern,Rare,130.0,3,2,130,0.19062035960864973,-0.125,0.46269678302532513,0.24,0.21,2,0
sv7-112,Tauros,Stellar Crown,modern,Common,120.0,2,1,70,0.11332868530700317,-0.07692307692307698,0.46269678302532513,0.13,0.12,0,2
sv7-113,Eevee,Stellar Crown,modern,Common,60.0,1,2,20,0.2546422183735807,-0.09375000000000011,0.46269678302532513,0.32,0.29,0,1
sv7-114,Hoothoot,Stellar Crown,modern,Common,70.0,1,1,10,0.8372475245337022,-0.1148648648648648,0.46269678302532513,1.48,1.31,0,2
sv7-115,Noctowl,Stellar Crown,modern,Rare,100.0,1,1,60,0.31481073984003355,-0.19565217391304357,0.46269678302532513,0.46,0.37,0,2
sv7-116,Glameow,Stellar Crown,modern,Common,60.0,1,1,20,0.12221763272424921,0.0,0.46269678302532513,0.13,0.13,0,2
sv7-117,Purugly,Stellar Crown,modern,Common,120.0,1,1,80,0.09531017980432487,0.4285714285714286,0.46269678302532513,0.07,0.1,0,1
sv7-118,Fan Rotom,Stellar Crown,modern,Common,70.0,1,1,70,0.3784364357202451,-0.1636363636363637,0.46269678302532513,0.55,0.46,0,2
sv7-119,Bouffalant,Stellar Crown,modern,Rare,100.0,2,1,130,0.15700374880966478,-0.10526315789473684,0.46269678302532513,0.19,0.17,0,2
sv7-120,Tornadus,Stellar Crown,modern,Uncommon,110.0,1,2,100,0.12221763272424921,0.08333333333333348,0.46269678302532513,0.12,0.13,0,1
sv7-121,Fletchling,Stellar Crown,modern,Common,60.0,1,1,10,0.10436001532424277,0.0,0.46269678302532513,0.11,0.11,0,2
sv7-122,Fletchinder,Stellar Crown,modern,Common,90.0,1,1,50,0.10436001532424277,0.0,0.46269678302532513,0.11,0.11,0,2
sv7-123,Talonflame,Stellar Crown,modern,Uncommon,140.0,0,1,110,0.12221763272424921,0.18181818181818188,0.46269678302532513,0.11,0.13,0,2
sv7-124,Wooloo,Stellar Crown,modern,Common,70.0,1,1,30,0.13102826240640408,0.27272727272727293,0.46269678302532513,0.11,0.14,0,2
sv7-125,Dubwool,Stellar Crown,modern,Uncommon,130.0,2,1,70,0.12221763272424921,-0.1333333333333333,0.46269678302532513,0.15,0.13,0,2
sv7-126,Lechonk,Stellar Crown,modern,Common,50.0,1,1,30,0.11332868530700317,-0.2941176470588236,0.46269678302532513,0.17,0.12,0,2
sv7-127,Cyclizar,Stellar Crown,modern,Common,110.0,1,2,50,0.08617769624105233,-0.10000000000000009,0.46269678302532513,0.1,0.09,0,1
sv7-128,Terapagos ex,Stellar Crown,modern,Double Rare,230.0,2,2,180,1.425515074273172,0.08219178082191791,0.46269678302532513,2.92,3.16,2,0
sv7-143,Bulbasaur,Stellar Crown,modern,Illustration Rare,70.0,2,1,20,4.122932019074013,-0.04885687441277786,0.46269678302532513,63.86,60.74,0,2
sv7-144,Ledian,Stellar Crown,modern,Illustration Rare,90.0,0,1,70,1.9110228900548727,-0.06035889070146816,0.46269678302532513,6.13,5.76,0,2
sv7-145,Lileep,Stellar Crown,modern,Illustration Rare,100.0,2,1,50,2.012232791986386,0.036800000000000166,0.46269678302532513,6.25,6.48,0,2
sv7-146,Turtonator,Stellar Crown,modern,Illustration Rare,130.0,3,2,180,1.5789787049493917,-0.06553398058252424,0.46269678302532513,4.12,3.85,2,0
sv7-147,Raboot,Stellar Crown,modern,Illustration Rare,90.0,1,2,60,2.030776369698555,-0.05563480741797433,0.46269678302532513,7.01,6.62,0,1
sv7-148,Squirtle,Stellar Crown,modern,Illustration Rare,60.0,1,2,20,4.309590341409169,0.0333614864864864,0.46269678302532513,71.04,73.41,0,1
sv7-150,Joltik,Stellar Crown,modern,Illustration Rare,30.0,1,1,0,1.951608170169951,0.020270270270270396,0.46269678302532513,5.92,6.04,0,2
sv7-149,Crabominable,Stellar Crown,modern,Illustration Rare,160.0,3,1,250,1.7209792871670078,0.07746478873239449,0.46269678302532513,4.26,4.59,2,0
sv7-151,Zeraora,Stellar Crown,modern,Illustration Rare,120.0,1,1,20,2.531313022602156,-0.039036544850498234,0.46269678302532513,12.04,11.57,0,2
sv7-152,Milcery,Stellar Crown,modern,Illustration Rare,60.0,1,1,20,2.6071242825122494,0.012903225806451646,0.46269678302532513,12.4,12.56,0,2
sv7-154,Gulpin,Stellar Crown,modern,Illustration Rare,70.0,2,2,30,2.3693087250369538,0.4793893129770992,0.46269678302532513,6.55,9.69,0,1
sv7-155,Archaludon,Stellar Crown,modern,Illustration Rare,180.0,2,1,160,1.5432981099295553,0.10179640718562877,0.46269678302532513,3.34,3.68,2,0
sv7-153,Meditite,Stellar Crown,modern,Illustration Rare,70.0,1,2,50,2.131796772013764,0.15193798449612395,0.46269678302532513,6.45,7.43,0,1
sv7-156,Hydrapple ex,Stellar Crown,modern,Ultra Rare,330.0,3,1,30,1.2325602611778486,-0.10332103321033204,0.46269678302532513,2.71,2.43,2,0
sv7-158,Lapras ex,Stellar Crown,modern,Ultra Rare,220.0,2,2,40,1.80005827204275,-0.06826568265682664,0.46269678302532513,5.42,5.05,2,0
sv7-157,Cinderace ex,Stellar Crown,modern,Ultra Rare,320.0,0,2,280,1.551808799597464,-0.11428571428571432,0.46269678302532513,4.2,3.72,2,0
sv7-159,Galvantula ex,Stellar Crown,modern,Ultra Rare,260.0,1,2,180,1.2837077723447896,-0.07773851590106018,0.46269678302532513,2.83,2.61,2,0
sv7-160,Dachsbun ex,Stellar Crown,modern,Ultra Rare,250.0,2,1,130,1.0473189942805592,-0.42546583850931674,0.46269678302532513,3.22,1.85,2,0
sv7-161,Medicham ex,Stellar Crown,modern,Ultra Rare,260.0,1,2,190,0.9555114450274363,0.08843537414965996,0.46269678302532513,1.47,1.6,2,0
sv7-162,Orthworm ex,Stellar Crown,modern,Ultra Rare,220.0,4,1,150,0.8020015854720274,0.04237288135593231,0.46269678302532513,1.18,1.23,2,0
sv7-167,Hydrapple ex,Stellar Crown,modern,Special Illustration Rare,330.0,3,1,30,3.4436180975461075,-0.024154589371980673,0.46269678302532513,31.05,30.3,2,0
sv7-168,Galvantula ex,Stellar Crown,modern,Special Illustration Rare,260.0,1,2,180,3.2850380271218693,-0.0050309597523219285,0.46269678302532513,25.84,25.71,2,0
sv7-169,Dachsbun ex,Stellar Crown,modern,Special Illustration Rare,250.0,2,1,130,3.7945899085360506,-0.03465126610395386,0.46269678302532513,45.02,43.46,2,0
sv7-170,Terapagos ex,Stellar Crown,modern,Special Illustration Rare,230.0,2,2,180,4.370712874773608,0.006183973202782633,0.46269678302532513,77.62,78.1,2,0
sv7-173,Terapagos ex,Stellar Crown,modern,Hyper Rare,230.0,2,2,180,2.8887037007954675,0.057320872274143175,0.46269678302532513,16.05,16.97,2,0
sv8-1,Exeggcute,Surging Sparks,modern,Common,30.0,1,1,0,0.18232155679395465,-0.16666666666666663,0.30937713894592744,0.24,0.2,0,2
sv8-2,Exeggcute,Surging Sparks,modern,Common,50.0,1,1,10,0.23111172096338664,0.040000000000000036,0.30937713894592744,0.25,0.26,0,2
sv8-3,Exeggutor,Surging Sparks,modern,Uncommon,130.0,2,1,60,0.23111172096338664,0.23809523809523814,0.30937713894592744,0.21,0.26,0,2
sv8-4,Durant ex,Surging Sparks,modern,Double Rare,190.0,2,1,120,0.3920420877760237,-0.23809523809523814,0.30937713894592744,0.63,0.48,2,0
sv8-5,Scatterbug,Surging Sparks,modern,Common,40.0,1,1,0,0.07696104113612832,0.3333333333333335,0.30937713894592744,0.06,0.08,0,2
sv8-6,Spewpa,Surging Sparks,modern,Common,80.0,3,2,30,0.09531017980432487,0.11111111111111116,0.30937713894592744,0.09,0.1,0,1
sv8-7,Vivillon,Surging Sparks,modern,Uncommon,120.0,1,2,90,0.15700374880966478,-0.34615384615384615,0.30937713894592744,0.26,0.17,0,1
sv8-8,Morelull,Surging Sparks,modern,Common,60.0,1,1,10,0.09531017980432487,-0.09090909090909083,0.30937713894592744,0.11,0.1,0,2
sv8-9,Shiinotic,Surging Sparks,modern,Uncommon,110.0,2,1,60,0.1988508587451652,-0.12,0.30937713894592744,0.25,0.22,0,2
sv8-10,Dhelmise,Surging Sparks,modern,Common,130.0,3,2,80,0.08617769624105233,-0.18181818181818188,0.30937713894592744,0.11,0.09,2,1
sv8-11,Zarude,Surging Sparks,modern,Rare,120.0,1,2,80,0.19062035960864973,0.04999999999999982,0.30937713894592744,0.2,0.21,0,1
sv8-12,Capsakid,Surging Sparks,modern,Common,70.0,1,1,20,0.09531017980432487,0.11111111111111116,0.30937713894592744,0.09,0.1,0,2
sv8-13,Rellor,Surging Sparks,modern,Common,40.0,1,2,10,0.10436001532424277,0.09999999999999987,0.30937713894592744,0.1,0.11,0,1
sv8-14,Rabsca,Surging Sparks,modern,Rare,70.0,1,2,40,0.20701416938432615,0.0,0.30937713894592744,0.23,0.23,0,1
sv8-15,Wo-Chien,Surging Sparks,modern,Uncommon,130.0,3,2,130,0.2151113796169455,0.19999999999999996,0.30937713894592744,0.2,0.24,2,1
sv8-16,Vulpix,Surging Sparks,modern,Common,70.0,1,1,30,0.17395330712343804,0.1875,0.30937713894592744,0.16,0.19,0,2
sv8-17,Ninetales,Surging Sparks,modern,Uncommon,120.0,1,1,50,0.2776317365982795,-0.030303030303030276,0.30937713894592744,0.33,0.32,0,2
sv8-18,Paldean Tauros,Surging Sparks,modern,Uncommon,130.0,2,2,90,0.23111172096338664,0.08333333333333348,0.30937713894592744,0.24,0.26,0,1
sv8-19,Ho-Oh,Surging Sparks,modern,Uncommon,130.0,2,2,100,0.412109650826833,0.18604651162790709,0.30937713894592744,0.43,0.51,0,1
sv8-20,Castform Sunny Form,Surging Sparks,modern,Common,70.0,0,2,50,0.11332868530700317,0.19999999999999996,0.30937713894592744,0.1,0.12,0,1
sv8-21,Victini,Surging Sparks,modern,Uncommon,70.0,1,1,30,0.2546422183735807,0.03571428571428559,0.30937713894592744,0.28,0.29,0,2
sv8-22,Pansear,Surging Sparks,modern,Common,60.0,1,1,20,0.07696104113612832,0.1428571428571428,0.30937713894592744,0.07,0.08,0,2
sv8-23,Simisear,Surging Sparks,modern,Common,90.0,1,1,70,0.09531017980432487,0.0,0.30937713894592744,0.1,0.1,0,2
sv8-24,Larvesta,Surging Sparks,modern,Common,70.0,2,2,20,0.10436001532424277,0.09999999999999987,0.30937713894592744,0.1,0.11,0,1
sv8-25,Volcarona,Surging Sparks,modern,Common,140.0,2,2,150,0.13102826240640408,0.40000000000000013,0.30937713894592744,0.1,0.14,2,1
sv8-26,Oricorio,Surging Sparks,modern,Common,90.0,1,2,30,0.10436001532424277,-0.15384615384615385,0.30937713894592744,0.13,0.11,0,1
sv8-27,Sizzlipede,Surging Sparks,modern,Common,80.0,2,2,30,0.09531017980432487,0.0,0.30937713894592744,0.1,0.1,0,1
sv8-28,Centiskorch,Surging Sparks,modern,Common,130.0,2,2,130,0.10436001532424277,0.09999999999999987,0.30937713894592744,0.1,0.11,2,1
sv8-29,Fuecoco,Surging Sparks,modern,Common,80.0,2,1,20,0.11332868530700317,0.33333333333333326,0.30937713894592744,0.09,0.12,0,2
sv8-30,Crocalor,Surging Sparks,modern,Common,110.0,3,1,30,0.09531017980432487,-0.16666666666666663,0.30937713894592744,0.12,0.1,0,2
sv8-31,Skeledirge,Surging Sparks,modern,Rare,180.0,3,1,60,0.2776317365982795,0.4545454545454546,0.30937713894592744,0.22,0.32,2,1
sv8-32,Charcadet,Surging Sparks,modern,Common,70.0,1,1,20,0.5306282510621704,1.0,0.30937713894592744,0.26,0.7,0,1
sv8-33,Charcadet,Surging Sparks,modern,Common,80.0,2,2,70,0.13102826240640408,-0.06666666666666654,0.30937713894592744,0.15,0.14,0,1
sv8-34,Armarouge,Surging Sparks,modern,Uncommon,140.0,2,2,50,0.23901690047049992,0.2857142857142858,0.30937713894592744,0.21,0.27,0,1
sv8-35,Ceruledge,Surging Sparks,modern,Uncommon,140.0,2,2,160,0.2151113796169455,-0.14285714285714302,0.30937713894592744,0.28,0.24,2,1
sv8-36,Ceruledge ex,Surging Sparks,modern,Double Rare,270.0,2,2,280,1.7884205679625405,0.13958810068649896,0.30937713894592744,4.37,4.98,2,0
sv8-37,Scovillain ex,Surging Sparks,modern,Double Rare,260.0,2,1,10,0.412109650826833,-0.13559322033898302,0.30937713894592744,0.59,0.51,0,0
sv8-38,Gouging Fire,Surging Sparks,modern,Rare,130.0,2,2,100,0.43178241642553783,0.3500000000000001,0.30937713894592744,0.4,0.54,2,1
sv8-39,Paldean Tauros,Surging Sparks,modern,Uncommon,130.0,2,2,100,0.2776317365982795,0.23076923076923084,0.30937713894592744,0.26,0.32,0,1
sv8-40,Mantine,Surging Sparks,modern,Common,110.0,1,2,30,0.1988508587451652,0.0,0.30937713894592744,0.22,0.22,0,1
sv8-41,Feebas,Surging Sparks,modern,Common,30.0,1,1,0,0.15700374880966478,0.0,0.30937713894592744,0.17,0.17,0,2
sv8-42,Milotic ex,Surging Sparks,modern,Double Rare,270.0,2,1,160,1.4655675420143985,1.0,0.30937713894592744,1.28,3.33,2,1
sv8-43,Spheal,Surging Sparks,modern,Common,70.0,2,1,10,0.13102826240640408,0.0769230769230771,0.30937713894592744,0.13,0.14,0,2
sv8-44,Sealeo,Surging Sparks,modern,Common,100.0,3,2,60,0.10436001532424277,0.09999999999999987,0.30937713894592744,0.1,0.11,0,1
sv8-45,Walrein,Surging Sparks,modern,Uncommon,170.0,3,2,170,0.1988508587451652,0.04761904761904767,0.30937713894592744,0.21,0.22,2,0
sv8-46,Shellos,Surging Sparks,modern,Common,70.0,2,1,30,0.11332868530700317,0.19999999999999996,0.30937713894592744,0.1,0.12,0,2
sv8-47,Cryogonal,Surging Sparks,modern,Common,90.0,1,2,30,0.09531017980432487,0.11111111111111116,0.30937713894592744,0.09,0.1,0,1
sv8-48,Black Kyurem ex,Surging Sparks,modern,Double Rare,230.0,3,2,250,0.6418538861723948,0.32352941176470584,0.30937713894592744,0.68,0.9,2,0
sv8-49,Bruxish,Surging Sparks,modern,Uncommon,110.0,1,1,50,0.22314355131420976,0.13636363636363646,0.30937713894592744,0.22,0.25,0,2
sv8-50,Quaxly,Surging Sparks,modern,Common,60.0,1,1,10,0.10436001532424277,0.0,0.30937713894592744,0.11,0.11,0,2
sv8-51,Quaxwell,Surging Sparks,modern,Common,100.0,1,1,40,0.09531017980432487,-0.09090909090909083,0.30937713894592744,0.11,0.1,0,2
sv8-52,Quaquaval,Surging Sparks,modern,Uncommon,170.0,2,1,120,0.2468600779315258,0.03703703703703698,0.30937713894592744,0.27,0.28,2,0
sv8-53,Cetoddle,Surging Sparks,modern,Common,100.0,3,1,20,0.09531017980432487,0.11111111111111116,0.30937713894592744,0.09,0.1,0,2
sv8-54,Cetitan,Surging Sparks,modern,Common,180.0,3,1,150,0.10436001532424277,0.0,0.30937713894592744,0.11,0.11,2,0
sv8-55,Iron Bundle,Surging Sparks,modern,Uncommon,100.0,1,1,200,0.20701416938432615,0.0,0.30937713894592744,0.23,0.23,0,0
sv8-56,Chien-Pao,Surging Sparks,modern,Rare,120.0,1,1,120,0.23901690047049992,0.0,0.30937713894592744,0.27,0.27,0,2
sv8-57,Pikachu ex,Surging Sparks,modern,Double Rare,200.0,1,1,300,2.1258479144939915,0.07894736842105265,0.30937713894592744,6.84,7.38,2,0
sv8-58,Magnemite,Surging Sparks,modern,Common,60.0,1,1,20,0.11332868530700317,-0.07692307692307698,0.30937713894592744,0.13,0.12,0,2
sv8-59,Magneton,Surging Sparks,modern,Uncommon,100.0,1,1,40,0.262364264467491,0.034482758620689724,0.30937713894592744,0.29,0.3,0,2
sv8-60,Magnezone,Surging Sparks,modern,Uncommon,170.0,3,2,180,0.23111172096338664,0.08333333333333348,0.30937713894592744,0.24,0.26,2,0
sv8-61,Rotom,Surging Sparks,modern,Common,80.0,1,2,20,0.11332868530700317,0.0,0.30937713894592744,0.12,0.12,0,1
sv8-62,Blitzle,Surging Sparks,modern,Common,70.0,1,2,20,0.10436001532424277,0.375,0.30937713894592744,0.08,0.11,0,1
sv8-63,Zebstrika,Surging Sparks,modern,Common,130.0,1,2,120,0.11332868530700317,0.09090909090909083,0.30937713894592744,0.11,0.12,0,1
sv8-64,Stunfisk,Surging Sparks,modern,Common,110.0,2,1,50,0.08617769624105233,-0.10000000000000009,0.30937713894592744,0.1,0.09,0,2
sv8-65,Tapu Koko,Surging Sparks,modern,Rare,120.0,1,2,90,0.22314355131420976,-0.1071428571428572,0.30937713894592744,0.28,0.25,0,1
sv8-66,Wattrel,Surging Sparks,modern,Common,60.0,1,1,10,0.09531017980432487,-0.16666666666666663,0.30937713894592744,0.12,0.1,0,2
sv8-67,Kilowattrel,Surging Sparks,modern,Uncommon,120.0,1,2,160,0.20701416938432615,0.0,0.30937713894592744,0.23,0.23,0,1
sv8-68,Kilowattrel ex,Surging Sparks,modern,Double Rare,260.0,0,2,40,0.3784364357202451,0.17948717948717952,0.30937713894592744,0.39,0.46,0,0
sv8-69,Miraidon,Surging Sparks,modern,Uncommon,120.0,1,2,100,0.2151113796169455,-0.040000000000000036,0.30937713894592744,0.25,0.24,0,1
sv8-70,Togepi,Surging Sparks,modern,Common,50.0,1,1,30,0.16551443847757338,0.5,0.30937713894592744,0.12,0.18,0,1
sv8-71,Togetic,Surging Sparks,modern,Common,90.0,1,1,30,0.11332868530700317,0.09090909090909083,0.30937713894592744,0.11,0.12,0,2
sv8-72,Togekiss,Surging Sparks,modern,Rare,140.0,1,1,140,0.23901690047049992,-0.0357142857142857,0.30937713894592744,0.28,0.27,0,0
sv8-73,Marill,Surging Sparks,modern,Common,60.0,1,1,20,0.12221763272424921,0.08333333333333348,0.30937713894592744,0.12,0.13,0,2
sv8-74,Azumarill,Surging Sparks,modern,Uncommon,120.0,2,1,230,0.23901690047049992,-0.2702702702702702,0.30937713894592744,0.37,0.27,2,0
sv8-75,Smoochum,Surging Sparks,modern,Common,30.0,0,1,0,0.2468600779315258,-0.2432432432432432,0.30937713894592744,0.37,0.28,0,2
sv8-76,Latias ex,Surging Sparks,modern,Double Rare,210.0,2,1,200,1.6544112780768316,0.23323615160349864,0.30937713894592744,3.43,4.23,2,0
sv8-77,Latios,Surging Sparks,modern,Uncommon,120.0,2,2,110,0.2468600779315258,0.0769230769230771,0.30937713894592744,0.26,0.28,0,1
sv8-78,Uxie,Surging Sparks,modern,Common,70.0,1,1,0,0.3074846997479606,-0.052631578947368474,0.30937713894592744,0.38,0.36,0,2
sv8-79,Mesprit,Surging Sparks,modern,Common,70.0,1,2,160,0.2151113796169455,-0.14285714285714302,0.30937713894592744,0.28,0.24,0,1
sv8-80,Azelf,Surging Sparks,modern,Common,70.0,1,1,10,0.23901690047049992,0.03846153846153855,0.30937713894592744,0.26,0.27,0,2
sv8-81,Sigilyph,Surging Sparks,modern,Common,110.0,1,2,60,0.17395330712343804,0.05555555555555558,0.30937713894592744,0.18,0.19,0,1
sv8-82,Yamask,Surging Sparks,modern,Common,70.0,2,2,20,0.11332868530700317,-0.07692307692307698,0.30937713894592744,0.13,0.12,0,1
sv8-83,Cofagrigus,Surging Sparks,modern,Rare,120.0,2,2,100,0.1988508587451652,0.09999999999999987,0.30937713894592744,0.2,0.22,0,1
sv8-84,Espurr,Surging Sparks,modern,Common,60.0,1,2,20,0.1484200051182733,0.23076923076923084,0.30937713894592744,0.13,0.16,0,1
sv8-85,Meowstic,Surging Sparks,modern,Uncommon,90.0,1,1,80,0.262364264467491,-0.16666666666666663,0.30937713894592744,0.36,0.3,0,2
sv8-86,Sylveon ex,Surging Sparks,modern,Double Rare,270.0,2,2,160,1.3532545070416904,0.036101083032491044,0.30937713894592744,2.77,2.87,2,0
sv8-87,Dedenne,Surging Sparks,modern,Common,70.0,1,2,30,0.12221763272424921,0.08333333333333348,0.30937713894592744,0.12,0.13,0,1
sv8-88,Xerneas,Surging Sparks,modern,Uncommon,130.0,2,2,130,0.22314355131420976,-0.13793103448275856,0.30937713894592744,0.29,0.25,2,1
sv8-89,Oricorio,Surging Sparks,modern,Common,90.0,1,2,20,0.09531017980432487,-0.16666666666666663,0.30937713894592744,0.12,0.1,0,1
sv8-90,Sandygast,Surging Sparks,modern,Common,90.0,3,1,50,0.09531017980432487,0.0,0.30937713894592744,0.1,0.1,0,2
sv8-91,Palossand ex,Surging Sparks,modern,Double Rare,280.0,4,2,160,0.6418538861723948,0.36363636363636354,0.30937713894592744,0.66,0.9,2,0
sv8-92,Tapu Lele,Surging Sparks,modern,Rare,110.0,1,2,90,0.19062035960864973,0.04999999999999982,0.30937713894592744,0.2,0.21,0,1
sv8-93,Indeedee,Surging Sparks,modern,Uncommon,100.0,1,1,50,0.23901690047049992,-0.12903225806451601,0.30937713894592744,0.31,0.27,0,2
sv8-94,Flittle,Surging Sparks,modern,Common,40.0,1,1,10,0.12221763272424921,-0.07142857142857151,0.30937713894592744,0.14,0.13,0,2
sv8-95,Espathra,Surging Sparks,modern,Uncommon,120.0,1,2,60,0.16551443847757338,-0.10000000000000009,0.30937713894592744,0.2,0.18,0,1
sv8-96,Flutter Mane,Surging Sparks,modern,Uncommon,90.0,1,2,70,0.23111172096338664,-0.10344827586206884,0.30937713894592744,0.29,0.26,0,1
sv8-97,Gimmighoul,Surging Sparks,modern,Common,70.0,2,2,50,0.2546422183735807,0.07407407407407396,0.30937713894592744,0.27,0.29,0,1
sv8-98,Mankey,Surging Sparks,modern,Common,60.0,1,1,10,0.10436001532424277,-0.08333333333333326,0.30937713894592744,0.12,0.11,0,2
sv8-99,Primeape,Surging Sparks,modern,Common,110.0,2,2,70,0.13102826240640408,0.0769230769230771,0.30937713894592744,0.13,0.14,0,1
sv8-100,Annihilape,Surging Sparks,modern,Uncommon,140.0,2,2,130,0.27002713721306015,0.1923076923076923,0.30937713894592744,0.26,0.31,2,1
sv8-101,Paldean Tauros,Surging Sparks,modern,Uncommon,130.0,2,2,90,0.1988508587451652,0.0,0.30937713894592744,0.22,0.22,0,1
sv8-102,Phanpy,Surging Sparks,modern,Common,80.0,2,1,20,0.12221763272424921,-0.07142857142857151,0.30937713894592744,0.14,0.13,0,2
sv8-103,Donphan,Surging Sparks,modern,Common,150.0,4,2,120,0.09531017980432487,0.11111111111111116,0.30937713894592744,0.09,0.1,2,0
sv8-104,Trapinch,Surging Sparks,modern,Common,60.0,1,2,20,0.11332868530700317,-0.25,0.30937713894592744,0.16,0.12,0,1
sv8-105,Vibrava,Surging Sparks,modern,Common,90.0,1,2,50,0.11332868530700317,-0.07692307692307698,0.30937713894592744,0.13,0.12,0,1
sv8-106,Flygon ex,Surging Sparks,modern,Double Rare,310.0,1,2,130,0.7030975114131134,0.19999999999999996,0.30937713894592744,0.85,1.02,2,0
sv8-107,Gastrodon,Surging Sparks,modern,Rare,130.0,3,1,80,0.18232155679395465,0.05263157894736836,0.30937713894592744,0.19,0.2,0,0
sv8-108,Drilbur,Surging Sparks,modern,Common,70.0,2,2,10,0.08617769624105233,0.2857142857142856,0.30937713894592744,0.07,0.09,0,1
sv8-109,Excadrill,Surging Sparks,modern,Common,120.0,2,2,60,0.07696104113612832,0.1428571428571428,0.30937713894592744,0.07,0.08,0,1
sv8-110,Landorus,Surging Sparks,modern,Rare,130.0,2,2,130,0.19062035960864973,0.04999999999999982,0.30937713894592744,0.2,0.21,2,1
sv8-111,Passimian,Surging Sparks,modern,Uncommon,110.0,1,1,20,0.23111172096338664,0.08333333333333348,0.30937713894592744,0.24,0.26,0,2
sv8-112,Clobbopus,Surging Sparks,modern,Common,70.0,2,1,30,0.08617769624105233,-0.10000000000000009,0.30937713894592744,0.1,0.09,0,2
sv8-113,Grapploct,Surging Sparks,modern,Common,140.0,3,2,130,0.07696104113612832,-0.11111111111111105,0.30937713894592744,0.09,0.08,2,0
sv8-114,Glimmet,Surging Sparks,modern,Common,70.0,2,1,10,0.06765864847381481,0.0,0.30937713894592744,0.07,0.07,0,2
sv8-115,Glimmora,Surging Sparks,modern,Common,130.0,2,2,60,0.10436001532424277,0.0,0.30937713894592744,0.11,0.11,0,1
sv8-116,Koraidon,Surging Sparks,modern,Uncommon,130.0,2,2,110,0.3646431135879093,-0.16981132075471705,0.30937713894592744,0.53,0.44,0,1
sv8-117,Deino,Surging Sparks,modern,Common,70.0,1,2,20,0.20701416938432615,0.09523809523809534,0.30937713894592744,0.21,0.23,0,1
sv8-118,Zweilous,Surging Sparks,modern,Common,100.0,2,2,60,0.1397619423751587,0.0714285714285714,0.30937713894592744,0.14,0.15,0,1
sv8-119,Hydreigon ex,Surging Sparks,modern,Double Rare,330.0,3,2,200,1.1151415906193203,0.30573248407643305,0.30937713894592744,1.57,2.05,2,0
sv8-120,Shroodle,Surging Sparks,modern,Common,60.0,1,1,20,0.09531017980432487,0.11111111111111116,0.30937713894592744,0.09,0.1,0,2
sv8-121,Grafaiai,Surging Sparks,modern,Uncommon,100.0,1,2,40,0.2151113796169455,0.1428571428571428,0.30937713894592744,0.21,0.24,0,1
sv8-122,Alolan Diglett,Surging Sparks,modern,Common,50.0,1,1,30,0.09531017980432487,-0.09090909090909083,0.30937713894592744,0.11,0.1,0,2
sv8-123,Alolan Dugtrio,Surging Sparks,modern,Uncommon,110.0,2,1,120,0.19062035960864973,0.0,0.30937713894592744,0.21,0.21,0,0
sv8-124,Skarmory,Surging Sparks,modern,Common,110.0,1,1,50,0.10436001532424277,-0.08333333333333326,0.30937713894592744,0.12,0.11,0,2
sv8-125,Registeel,Surging Sparks,modern,Uncommon,130.0,3,1,60,0.19062035960864973,-0.125,0.30937713894592744,0.24,0.21,0,2
sv8-126,Bronzor,Surging Sparks,modern,Common,60.0,1,1,20,0.06765864847381481,-0.12499999999999989,0.30937713894592744,0.08,0.07,0,2
sv8-127,Bronzong,Surging Sparks,modern,Common,130.0,3,2,100,0.07696104113612832,-0.11111111111111105,0.30937713894592744,0.09,0.08,2,0
sv8-128,Klefki,Surging Sparks,modern,Common,70.0,1,2,20,0.12221763272424921,0.625,0.30937713894592744,0.08,0.13,0,1
sv8-129,Duraludon,Surging Sparks,modern,Common,130.0,2,2,130,0.09531017980432487,-0.16666666666666663,0.30937713894592744,0.12,0.1,2,1
sv8-130,Archaludon ex,Surging Sparks,modern,Double Rare,300.0,2,1,220,1.7298840655099674,0.19896640826873369,0.30937713894592744,3.87,4.64,2,0
sv8-131,Gholdengo,Surging Sparks,modern,Uncommon,130.0,2,2,100,0.23111172096338664,0.08333333333333348,0.30937713894592744,0.24,0.26,0,1
sv8-132,Iron Crown,Surging Sparks,modern,Rare,130.0,2,2,100,0.2851789422336624,-0.08333333333333326,0.30937713894592744,0.36,0.33,0,1
sv8-133,Alolan Exeggutor ex,Surging Sparks,modern,Double Rare,300.0,3,2,150,0.598836501088704,-0.07865168539325851,0.30937713894592744,0.89,0.82,2,0
sv8-134,Altaria,Surging Sparks,modern,Uncommon,120.0,1,2,100,0.22314355131420976,-0.16666666666666663,0.30937713894592744,0.3,0.25,0,1
sv8-135,Dialga,Surging Sparks,modern,Rare,130.0,2,2,160,0.1988508587451652,-0.08333333333333326,0.30937713894592744,0.24,0.22,2,1
sv8-136,Palkia,Surging Sparks,modern,Rare,130.0,2,1,40,0.18232155679395465,-0.2592592592592593,0.30937713894592744,0.27,0.2,0,2
sv8-137,Turtonator,Surging Sparks,modern,Uncommon,120.0,3,2,100,0.16551443847757338,-0.052631578947368474,0.30937713894592744,0.19,0.18,2,0
sv8-138,Applin,Surging Sparks,modern,Common,40.0,1,2,20,0.16551443847757338,0.5,0.30937713894592744,0.12,0.18,0,1
sv8-139,Flapple,Surging Sparks,modern,Uncommon,80.0,1,2,70,0.18232155679395465,-0.19999999999999996,0.30937713894592744,0.25,0.2,0,1
sv8-140,Appletun,Surging Sparks,modern,Uncommon,90.0,3,2,130,0.2151113796169455,0.0,0.30937713894592744,0.24,0.24,2,0
sv8-141,Eternatus,Surging Sparks,modern,Rare,150.0,2,2,230,0.23901690047049992,0.03846153846153855,0.30937713894592744,0.26,0.27,2,0
sv8-142,Tatsugiri ex,Surging Sparks,modern,Double Rare,160.0,1,2,100,0.5538851132264376,0.15625,0.30937713894592744,0.64,0.74,0,0
sv8-143,Eevee,Surging Sparks,modern,Common,50.0,1,1,30,0.8754687373538999,-0.3301435406698564,0.30937713894592744,2.09,1.4,0,2
sv8-144,Snorlax,Surging Sparks,modern,Common,150.0,3,2,100,0.4252677354043441,0.10416666666666674,0.30937713894592744,0.48,0.53,2,0
sv8-145,Slakoth,Surging Sparks,modern,Common,60.0,2,1,0,0.11332868530700317,-0.14285714285714302,0.30937713894592744,0.14,0.12,0,2
sv8-146,Vigoroth,Surging Sparks,modern,Common,90.0,2,1,50,0.16551443847757338,-0.18181818181818188,0.30937713894592744,0.22,0.18,0,2
sv8-147,Slaking ex,Surging Sparks,modern,Double Rare,340.0,4,1,280,0.4824261492442927,0.4761904761904763,0.30937713894592744,0.42,0.62,2,0
sv8-148,Swablu,Surging Sparks,modern,Common,50.0,1,1,10,0.10436001532424277,-0.2666666666666666,0.30937713894592744,0.15,0.11,0,2
sv8-149,Zangoose,Surging Sparks,modern,Common,90.0,1,1,10,0.12221763272424921,0.30000000000000004,0.30937713894592744,0.1,0.13,0,2
sv8-150,Kecleon,Surging Sparks,modern,Common,70.0,1,1,0,0.09531017980432487,-0.2857142857142857,0.30937713894592744,0.14,0.1,0,2
sv8-151,Bouffalant,Surging Sparks,modern,Common,130.0,2,2,150,0.15700374880966478,-0.15000000000000002,0.30937713894592744,0.2,0.17,2,1
sv8-152,Rufflet,Surging Sparks,modern,Common,70.0,1,1,30,0.09531017980432487,0.4285714285714286,0.30937713894592744,0.07,0.1,0,1
sv8-153,Braviary,Surging Sparks,modern,Uncommon,130.0,1,2,120,0.2151113796169455,-0.11111111111111116,0.30937713894592744,0.27,0.24,0,1
sv8-154,Helioptile,Surging Sparks,modern,Common,70.0,1,2,40,0.10436001532424277,0.22222222222222232,0.30937713894592744,0.09,0.11,0,1
sv8-155,Heliolisk,Surging Sparks,modern,Common,110.0,1,2,80,0.18232155679395465,-0.04761904761904756,0.30937713894592744,0.21,0.2,0,1
sv8-156,Oranguru,Surging Sparks,modern,Common,120.0,2,2,80,0.09531017980432487,0.0,0.30937713894592744,0.1,0.1,0,1
sv8-157,Tandemaus,Surging Sparks,modern,Common,40.0,1,1,10,0.12221763272424921,-0.1333333333333333,0.30937713894592744,0.15,0.13,0,2
sv8-158,Maushold,Surging Sparks,modern,Uncommon,80.0,1,2,30,0.262364264467491,0.0714285714285714,0.30937713894592744,0.28,0.3,0,1
sv8-159,Cyclizar ex,Surging Sparks,modern,Double Rare,210.0,1,2,180,0.5128236264286639,0.06349206349206349,0.30937713894592744,0.63,0.67,2,0
sv8-160,Flamigo ex,Surging Sparks,modern,Double Rare,200.0,1,2,200,0.43178241642553783,0.19999999999999996,0.30937713894592744,0.45,0.54,2,0
sv8-161,Terapagos,Surging Sparks,modern,Rare,120.0,2,2,100,0.22314355131420976,-0.19354838709677413,0.30937713894592744,0.31,0.25,0,1
sv8-192,Exeggcute,Surging Sparks,modern,Illustration Rare,30.0,1,1,0,2.7265447837383743,-0.11742892459826948,0.30937713894592744,16.18,14.28,0,2
sv8-193,Vivillon,Surging Sparks,modern,Illustration Rare,120.0,1,2,90,1.673351238177753,-0.042035398230088394,0.30937713894592744,4.52,4.33,0,1
sv8-194,Shiinotic,Surging Sparks,modern,Illustration Rare,110.0,2,1,60,1.724550719534605,0.27348066298342544,0.30937713894592744,3.62,4.61,0,2
sv8-195,Castform Sunny Form,Surging Sparks,modern,Illustration Rare,70.0,0,2,50,2.545531271604435,0.1308950914340712,0.30937713894592744,10.39,11.75,0,1
sv8-196,Larvesta,Surging Sparks,modern,Illustration Rare,70.0,2,2,20,1.5623463049002497,-0.028350515463917536,0.30937713894592744,3.88,3.77,0,1
sv8-197,Ceruledge,Surging Sparks,modern,Illustration Rare,140.0,2,2,160,3.6579046498145056,-0.03474706182933063,0.30937713894592744,39.14,37.78,2,0
sv8-198,Feebas,Surging Sparks,modern,Illustration Rare,30.0,1,1,0,2.8752581200861167,0.09561231172233153,0.30937713894592744,15.27,16.73,0,2
sv8-199,Spheal,Surging Sparks,modern,Illustration Rare,70.0,2,1,10,2.6108048166633746,-0.07754206291148502,0.30937713894592744,13.67,12.61,0,2
sv8-200,Bruxish,Surging Sparks,modern,Illustration Rare,110.0,1,1,50,1.5789787049493917,0.005221932114882533,0.30937713894592744,3.83,3.85,0,2
sv8-201,Cetitan,Surging Sparks,modern,Illustration Rare,180.0,3,1,150,1.55814461804655,-0.10287081339712911,0.30937713894592744,4.18,3.75,2,0
sv8-202,Stunfisk,Surging Sparks,modern,Illustration Rare,110.0,2,1,50,1.3376291891386096,0.029304029304029422,0.30937713894592744,2.73,2.81,0,2
sv8-203,Latios,Surging Sparks,modern,Illustration Rare,120.0,2,2,110,3.856087373097843,0.03257474341811695,0.30937713894592744,44.82,46.28,2,0
sv8-204,Mesprit,Surging Sparks,modern,Illustration Rare,70.0,1,2,160,2.859912550411456,-0.05996573386636206,0.30937713894592744,17.51,16.46,2,1
sv8-205,Phanpy,Surging Sparks,modern,Illustration Rare,80.0,2,1,20,2.522523513359307,0.06307977736549186,0.30937713894592744,10.78,11.46,0,2
sv8-206,Vibrava,Surging Sparks,modern,Illustration Rare,90.0,1,2,50,1.6134299337036377,0.04960835509138373,0.30937713894592744,3.83,4.02,0,1
sv8-207,Clobbopus,Surging Sparks,modern,Illustration Rare,70.0,2,1,30,2.244955980157409,-0.04954954954954971,0.30937713894592744,8.88,8.44,0,2
sv8-208,Alolan Dugtrio,Surging Sparks,modern,Illustration Rare,110.0,2,1,120,2.4849066497880004,0.11902339776195325,0.30937713894592744,9.83,11.0,2,2
sv8-209,Skarmory,Surging Sparks,modern,Illustration Rare,110.0,1,1,50,2.997231149677727,-0.007820646506777829,0.30937713894592744,19.18,19.03,0,2
sv8-210,Flapple,Surging Sparks,modern,Illustration Rare,80.0,1,2,70,1.776645831418007,0.10089686098654704,0.30937713894592744,4.46,4.91,0,1
sv8-211,Appletun,Surging Sparks,modern,Illustration Rare,90.0,3,2,130,2.1587147225743437,0.09272467902995718,0.30937713894592744,7.01,7.66,2,0
sv8-212,Slakoth,Surging Sparks,modern,Illustration Rare,60.0,2,1,0,2.825536896557877,0.04339250493096647,0.30937713894592744,15.21,15.87,0,2
sv8-213,Kecleon,Surging Sparks,modern,Illustration Rare,70.0,1,1,0,2.2375130962503307,0.07445442875481367,0.30937713894592744,7.79,8.37,0,2
sv8-214,Braviary,Surging Sparks,modern,Illustration Rare,130.0,1,2,120,2.6858045921548905,0.39205702647657836,0.30937713894592744,9.82,13.67,2,1
sv8-215,Durant ex,Surging Sparks,modern,Ultra Rare,190.0,2,1,120,0.8671004876833833,0.2545454545454544,0.30937713894592744,1.1,1.38,2,0
sv8-216,Scovillain ex,Surging Sparks,modern,Ultra Rare,260.0,2,1,10,0.9932517730102833,0.18055555555555558,0.30937713894592744,1.44,1.7,2,0
sv8-217,Milotic ex,Surging Sparks,modern,Ultra Rare,270.0,2,1,160,2.312535423847214,-0.19469026548672574,0.30937713894592744,11.3,9.1,2,0
sv8-218,Black Kyurem ex,Surging Sparks,modern,Ultra Rare,230.0,3,2,250,1.6524974018945473,0.25595238095238093,0.30937713894592744,3.36,4.22,2,0
sv8-219,Pikachu ex,Surging Sparks,modern,Ultra Rare,200.0,1,1,300,3.575710756008298,0.026611472501478328,0.30937713894592744,33.82,34.72,2,0
sv8-220,Latias ex,Surging Sparks,modern,Ultra Rare,210.0,2,1,200,2.124653884501384,0.2201986754966887,0.30937713894592744,6.04,7.37,2,0
sv8-221,Palossand ex,Surging Sparks,modern,Ultra Rare,280.0,4,2,160,1.1662709371419244,0.4832214765100671,0.30937713894592744,1.49,2.21,2,0
sv8-222,Flygon ex,Surging Sparks,modern,Ultra Rare,310.0,1,2,130,1.7715567619105355,0.06783369803063444,0.30937713894592744,4.57,4.88,2,0
sv8-223,Hydreigon ex,Surging Sparks,modern,Ultra Rare,330.0,3,2,200,2.0347056478384444,-0.12614980289093303,0.30937713894592744,7.61,6.65,2,0
sv8-224,Archaludon ex,Surging Sparks,modern,Ultra Rare,300.0,2,1,220,2.005525858729668,0.12020905923344949,0.30937713894592744,5.74,6.43,2,0
sv8-225,Alolan Exeggutor ex,Surging Sparks,modern,Ultra Rare,300.0,3,2,150,1.6193882432872684,0.0771276595744681,0.30937713894592744,3.76,4.05,2,0
sv8-226,Tatsugiri ex,Surging Sparks,modern,Ultra Rare,160.0,1,2,100,1.1118575154181303,-0.139240506329114,0.30937713894592744,2.37,2.04,0,0
sv8-227,Slaking ex,Surging Sparks,modern,Ultra Rare,340.0,4,1,280,0.9783261227936076,0.16901408450704225,0.30937713894592744,1.42,1.66,2,0
sv8-228,Cyclizar ex,Surging Sparks,modern,Ultra Rare,210.0,1,2,180,1.1878434223960523,-0.008695652173913104,0.30937713894592744,2.3,2.28,2,0
sv8-236,Durant ex,Surging Sparks,modern,Special Illustration Rare,190.0,2,1,120,3.581572601125427,-0.05158837903882696,0.30937713894592744,36.83,34.93,2,0
sv8-237,Milotic ex,Surging Sparks,modern,Special Illustration Rare,270.0,2,1,160,5.033439946749519,0.01558752997601931,0.30937713894592744,150.12,152.46,2,0
sv8-238,Pikachu ex,Surging Sparks,modern,Special Illustration Rare,200.0,1,1,300,6.132052235417629,0.010848278138409162,0.30937713894592744,454.45,459.38,2,0
sv8-239,Latias ex,Surging Sparks,modern,Special Illustration Rare,210.0,2,1,200,5.550670144446233,0.016773733047823036,0.30937713894592744,252.18,256.41,2,0
sv8-240,Hydreigon ex,Surging Sparks,modern,Special Illustration Rare,330.0,3,2,200,4.521679875489066,0.05605849582172695,0.30937713894592744,86.16,90.99,2,0
sv8-241,Archaludon ex,Surging Sparks,modern,Special Illustration Rare,300.0,2,1,220,3.5043554737647815,-0.09711726840190316,0.30937713894592744,35.73,32.26,2,0
sv8-242,Alolan Exeggutor ex,Surging Sparks,modern,Special Illustration Rare,300.0,3,2,150,4.148043294556035,0.0484603735487128,0.30937713894592744,59.43,62.31,2,0
sv8-247,Pikachu ex,Surging Sparks,modern,Hyper Rare,200.0,1,1,300,4.739788487712852,-0.056017979024471476,0.30937713894592744,120.14,113.41,2,0
sv8-248,Alolan Exeggutor ex,Surging Sparks,modern,Hyper Rare,300.0,3,2,150,2.960623096440423,0.030388294879009514,0.30937713894592744,17.77,18.31,2,0
sv8pt5-3,Pinsir,Prismatic Evolutions,modern,Common,120.0,2,1,60,0.11332868530700317,0.0,0.11772758384668036,0.12,0.12,0,2
sv8pt5-2,Exeggutor,Prismatic Evolutions,modern,Uncommon,140.0,3,2,130,0.16551443847757338,-0.10000000000000009,0.11772758384668036,0.2,0.18,2,0
sv8pt5-1,Exeggcute,Prismatic Evolutions,modern,Common,60.0,1,1,30,0.07696104113612832,-0.33333333333333326,0.11772758384668036,0.12,0.08,0,2
sv8pt5-6,Leafeon ex,Prismatic Evolutions,modern,Double Rare,270.0,2,2,230,1.8484548129046001,-0.13430420711974111,0.11772758384668036,6.18,5.35,2,0
sv8pt5-8,Whimsicott,Prismatic Evolutions,modern,Rare,100.0,1,1,40,0.11332868530700317,0.19999999999999996,0.11772758384668036,0.1,0.12,0,2
sv8pt5-9,Applin,Prismatic Evolutions,modern,Common,40.0,1,1,20,0.08617769624105233,0.0,0.11772758384668036,0.09,0.09,0,2
sv8pt5-4,Budew,Prismatic Evolutions,modern,Common,30.0,0,1,10,0.9321640810304452,-0.060975609756097504,0.11772758384668036,1.64,1.54,0,2
sv8pt5-5,Leafeon,Prismatic Evolutions,modern,Rare,120.0,1,2,70,0.262364264467491,0.034482758620689724,0.11772758384668036,0.29,0.3,0,1
sv8pt5-7,Cottonee,Prismatic Evolutions,modern,Common,60.0,1,1,10,0.11332868530700317,0.19999999999999996,0.11772758384668036,0.1,0.12,0,2
sv8pt5-13,Flareon,Prismatic Evolutions,modern,Rare,130.0,2,2,90,0.33647223662121295,0.11111111111111116,0.11772758384668036,0.36,0.4,0,1
sv8pt5-11,Hydrapple ex,Prismatic Evolutions,modern,Double Rare,330.0,3,1,30,0.7323678937132266,0.1368421052631581,0.11772758384668036,0.95,1.08,2,0
sv8pt5-14,Flareon ex,Prismatic Evolutions,modern,Double Rare,270.0,2,2,280,2.5922651681085,0.0528109028960817,0.11772758384668036,11.74,12.36,2,0
sv8pt5-10,Dipplin,Prismatic Evolutions,modern,Uncommon,80.0,2,1,20,0.17395330712343804,0.05555555555555558,0.11772758384668036,0.18,0.19,0,2
sv8pt5-12,Teal Mask Ogerpon ex,Prismatic Evolutions,modern,Double Rare,210.0,1,1,30,1.3056264580524357,-0.08503401360544216,0.11772758384668036,2.94,2.69,0,0
sv8pt5-22,Vaporeon,Prismatic Evolutions,modern,Rare,130.0,2,2,90,0.2776317365982795,-0.1351351351351351,0.11772758384668036,0.37,0.32,0,1
sv8pt5-23,Vaporeon ex,Prismatic Evolutions,modern,Double Rare,280.0,2,2,280,1.7817091333745536,-0.02564102564102566,0.11772758384668036,5.07,4.94,2,0
sv8pt5-25,Glaceon,Prismatic Evolutions,modern,Rare,120.0,1,2,70,0.3920420877760237,-0.040000000000000036,0.11772758384668036,0.5,0.48,0,1
sv8pt5-31,Iron Hands ex,Prismatic Evolutions,modern,Double Rare,230.0,4,2,160,1.1118575154181303,-0.023923444976076458,0.11772758384668036,2.09,2.04,2,0
sv8pt5-32,Iron Thorns ex,Prismatic Evolutions,modern,Double Rare,230.0,4,1,140,0.9707789171582248,-0.09392265193370175,0.11772758384668036,1.81,1.64,2,0
sv8pt5-33,Espeon,Prismatic Evolutions,modern,Rare,110.0,1,2,60,0.4700036292457356,0.4999999999999998,0.11772758384668036,0.4,0.6,0,1
sv8pt5-35,Duskull,Prismatic Evolutions,modern,Common,60.0,1,2,30,0.13102826240640408,-0.17647058823529405,0.11772758384668036,0.17,0.14,0,1
sv8pt5-15,Litleo,Prismatic Evolutions,modern,Common,70.0,1,2,50,0.07696104113612832,0.1428571428571428,0.11772758384668036,0.07,0.08,0,1
sv8pt5-21,Seaking,Prismatic Evolutions,modern,Uncommon,110.0,1,1,60,0.19062035960864973,-0.045454545454545525,0.11772758384668036,0.22,0.21,0,2
sv8pt5-30,Jolteon ex,Prismatic Evolutions,modern,Double Rare,260.0,0,2,280,2.1377104498038118,0.08092485549132955,0.11772758384668036,6.92,7.48,2,0
sv8pt5-18,Slowpoke,Prismatic Evolutions,modern,Common,70.0,2,2,30,0.15700374880966478,0.0,0.11772758384668036,0.17,0.17,0,1
sv8pt5-24,Suicune,Prismatic Evolutions,modern,Uncommon,120.0,1,2,100,0.15700374880966478,-0.05555555555555547,0.11772758384668036,0.18,0.17,0,1
sv8pt5-26,Glaceon ex,Prismatic Evolutions,modern,Double Rare,270.0,1,2,110,1.742219023667919,0.046666666666666634,0.11772758384668036,4.5,4.71,2,0
sv8pt5-28,Pikachu ex,Prismatic Evolutions,modern,Double Rare,190.0,1,2,220,1.0152306797290584,-0.03825136612021862,0.11772758384668036,1.83,1.76,2,0
sv8pt5-16,Pyroar,Prismatic Evolutions,modern,Uncommon,120.0,2,2,160,0.1397619423751587,0.0714285714285714,0.11772758384668036,0.14,0.15,2,1
sv8pt5-17,Hearthflame Mask Ogerpon ex,Prismatic Evolutions,modern,Double Rare,210.0,1,2,140,0.5068176023684519,0.2222222222222221,0.11772758384668036,0.54,0.66,2,0
sv8pt5-19,Slowking,Prismatic Evolutions,modern,Uncommon,130.0,2,1,70,0.19062035960864973,0.16666666666666674,0.11772758384668036,0.18,0.21,0,2
sv8pt5-20,Goldeen,Prismatic Evolutions,modern,Common,50.0,1,1,10,0.11332868530700317,0.19999999999999996,0.11772758384668036,0.1,0.12,0,2
sv8pt5-27,Wellspring Mask Ogerpon ex,Prismatic Evolutions,modern,Double Rare,210.0,1,2,100,0.5877866649021191,0.0,0.11772758384668036,0.8,0.8,2,0
sv8pt5-29,Jolteon,Prismatic Evolutions,modern,Rare,110.0,0,2,90,0.27002713721306015,-0.1842105263157895,0.11772758384668036,0.38,0.31,0,1
sv8pt5-34,Espeon ex,Prismatic Evolutions,modern,Double Rare,270.0,1,2,160,1.840549633397487,0.027131782945736482,0.11772758384668036,5.16,5.3,2,0
sv8pt5-36,Dusclops,Prismatic Evolutions,modern,Common,90.0,2,1,50,0.22314355131420976,0.0,0.11772758384668036,0.25,0.25,0,2
sv8pt5-38,Spritzee,Prismatic Evolutions,modern,Common,60.0,1,1,20,0.11332868530700317,-0.07692307692307698,0.11772758384668036,0.13,0.12,0,2
sv8pt5-45,Fezandipiti,Prismatic Evolutions,modern,Rare,120.0,1,1,30,0.17395330712343804,0.05555555555555558,0.11772758384668036,0.18,0.19,0,2
sv8pt5-46,Iron Boulder,Prismatic Evolutions,modern,Rare,140.0,3,1,170,0.23901690047049992,0.03846153846153855,0.11772758384668036,0.26,0.27,2,0
sv8pt5-39,Aromatisse,Prismatic Evolutions,modern,Common,120.0,1,1,60,0.12221763272424921,0.0,0.11772758384668036,0.13,0.13,0,2
sv8pt5-42,Scream Tail,Prismatic Evolutions,modern,Uncommon,90.0,1,2,30,0.17395330712343804,0.0,0.11772758384668036,0.19,0.19,0,1
sv8pt5-43,Flutter Mane,Prismatic Evolutions,modern,Rare,90.0,1,1,90,0.2468600779315258,0.40000000000000013,0.11772758384668036,0.2,0.28,0,1
sv8pt5-41,Sylveon ex,Prismatic Evolutions,modern,Double Rare,270.0,2,2,160,1.5454325824581878,-0.2098501070663812,0.11772758384668036,4.67,3.69,2,0
sv8pt5-37,Dusknoir,Prismatic Evolutions,modern,Rare,160.0,3,1,150,0.3920420877760237,0.09090909090909083,0.11772758384668036,0.44,0.48,2,0
sv8pt5-40,Sylveon,Prismatic Evolutions,modern,Rare,120.0,1,1,100,0.31481073984003355,-0.09756097560975607,0.11772758384668036,0.41,0.37,0,2
sv8pt5-44,Munkidori,Prismatic Evolutions,modern,Rare,110.0,1,1,60,0.262364264467491,-0.032258064516129115,0.11772758384668036,0.31,0.3,0,2
sv8pt5-49,Groudon,Prismatic Evolutions,modern,Rare,130.0,3,2,60,0.19062035960864973,0.04999999999999982,0.11772758384668036,0.2,0.21,0,1
sv8pt5-50,Riolu,Prismatic Evolutions,modern,Common,70.0,1,1,10,0.19062035960864973,0.23529411764705865,0.11772758384668036,0.17,0.21,0,2
sv8pt5-47,Larvitar,Prismatic Evolutions,modern,Common,70.0,1,1,10,0.11332868530700317,0.09090909090909083,0.11772758384668036,0.11,0.12,0,2
sv8pt5-48,Pupitar,Prismatic Evolutions,modern,Common,90.0,1,2,60,0.1484200051182733,0.06666666666666665,0.11772758384668036,0.15,0.16,0,1
sv8pt5-56,Sandy Shocks ex,Prismatic Evolutions,modern,Double Rare,220.0,2,1,200,0.5068176023684519,0.2941176470588236,0.11772758384668036,0.51,0.66,2,0
sv8pt5-59,Umbreon,Prismatic Evolutions,modern,Rare,110.0,1,2,140,0.7419373447293773,-0.08333333333333326,0.11772758384668036,1.2,1.1,0,1
sv8pt5-51,Lucario ex,Prismatic Evolutions,modern,Double Rare,260.0,2,2,100,0.7747271675523681,0.08333333333333326,0.11772758384668036,1.08,1.17,2,0
sv8pt5-52,Hippopotas,Prismatic Evolutions,modern,Common,90.0,3,1,70,0.10436001532424277,0.22222222222222232,0.11772758384668036,0.09,0.11,0,0
sv8pt5-57,Okidogi,Prismatic Evolutions,modern,Rare,130.0,2,1,70,0.16551443847757338,-0.10000000000000009,0.11772758384668036,0.2,0.18,0,2
sv8pt5-54,Bloodmoon Ursaluna,Prismatic Evolutions,modern,Rare,150.0,4,1,100,0.17395330712343804,0.05555555555555558,0.11772758384668036,0.18,0.19,2,0
sv8pt5-60,Umbreon ex,Prismatic Evolutions,modern,Double Rare,280.0,2,2,160,2.3896797998449792,-0.0966271649954421,0.11772758384668036,10.97,9.91,2,0
sv8pt5-61,Sneasel,Prismatic Evolutions,modern,Common,60.0,0,1,20,0.1484200051182733,-0.11111111111111105,0.11772758384668036,0.18,0.16,0,2
sv8pt5-53,Hippowdon,Prismatic Evolutions,modern,Common,150.0,3,2,140,0.13102826240640408,0.0,0.11772758384668036,0.14,0.14,2,0
sv8pt5-55,Great Tusk,Prismatic Evolutions,modern,Uncommon,140.0,3,2,160,0.16551443847757338,0.125,0.11772758384668036,0.16,0.18,2,1
sv8pt5-58,Cornerstone Mask Ogerpon ex,Prismatic Evolutions,modern,Double Rare,210.0,1,1,140,0.6523251860396903,-0.08910891089108908,0.11772758384668036,1.01,0.92,2,0
sv8pt5-62,Houndour,Prismatic Evolutions,modern,Common,70.0,1,1,20,0.1397619423751587,0.0,0.11772758384668036,0.15,0.15,0,2
sv8pt5-64,Tyranitar ex,Prismatic Evolutions,modern,Double Rare,340.0,3,2,150,0.76080582903376,0.05555555555555536,0.11772758384668036,1.08,1.14,2,0
sv8pt5-63,Houndoom,Prismatic Evolutions,modern,Common,120.0,1,2,100,0.17395330712343804,0.05555555555555558,0.11772758384668036,0.18,0.19,0,1
sv8pt5-65,Roaring Moon,Prismatic Evolutions,modern,Rare,140.0,2,2,120,0.2776317365982795,-0.030303030303030276,0.11772758384668036,0.33,0.32,2,1
sv8pt5-66,Bronzor,Prismatic Evolutions,modern,Common,70.0,1,1,20,0.06765864847381481,-0.12499999999999989,0.11772758384668036,0.08,0.07,0,2
sv8pt5-67,Bronzong,Prismatic Evolutions,modern,Uncommon,130.0,3,1,50,0.13102826240640408,0.0,0.11772758384668036,0.14,0.14,0,0
sv8pt5-68,Heatran,Prismatic Evolutions,modern,Uncommon,130.0,3,2,130,0.1988508587451652,0.04761904761904767,0.11772758384668036,0.21,0.22,2,0
sv8pt5-69,Duraludon,Prismatic Evolutions,modern,Common,130.0,2,2,80,0.23111172096338664,0.5294117647058822,0.11772758384668036,0.17,0.26,0,1
sv8pt5-70,Archaludon,Prismatic Evolutions,modern,Rare,180.0,2,1,160,0.1484200051182733,-0.05882352941176472,0.11772758384668036,0.17,0.16,2,0
sv8pt5-71,Dreepy,Prismatic Evolutions,modern,Common,70.0,1,2,40,0.16551443847757338,0.0588235294117645,0.11772758384668036,0.17,0.18,0,1
sv8pt5-72,Drakloak,Prismatic Evolutions,modern,Common,90.0,1,1,70,0.23901690047049992,-0.12903225806451601,0.11772758384668036,0.31,0.27,0,2
sv8pt5-73,Dragapult ex,Prismatic Evolutions,modern,Double Rare,320.0,1,2,200,1.7934247485471162,-0.04389312977099247,0.11772758384668036,5.24,5.01,2,0
sv8pt5-74,Eevee,Prismatic Evolutions,modern,Common,50.0,1,1,30,0.23901690047049992,-0.0357142857142857,0.11772758384668036,0.28,0.27,0,2
sv8pt5-75,Eevee ex,Prismatic Evolutions,modern,Double Rare,200.0,1,1,200,2.5726122302071057,-0.04272151898734189,0.11772758384668036,12.64,12.1,2,0
sv8pt5-76,Snorlax ex,Prismatic Evolutions,modern,Double Rare,260.0,4,2,120,1.1085626195212777,0.06842105263157894,0.11772758384668036,1.9,2.03,2,0
sv8pt5-78,Noctowl,Prismatic Evolutions,modern,Rare,100.0,1,1,60,0.20701416938432615,0.09523809523809534,0.11772758384668036,0.21,0.23,0,2
sv8pt5-79,Dunsparce,Prismatic Evolutions,modern,Common,60.0,0,2,30,0.10436001532424277,-0.3125,0.11772758384668036,0.16,0.11,0,1
sv8pt5-77,Hoothoot,Prismatic Evolutions,modern,Common,80.0,2,1,20,0.09531017980432487,-0.4117647058823529,0.11772758384668036,0.17,0.1,0,2
sv8pt5-81,Miltank,Prismatic Evolutions,modern,Common,130.0,2,2,100,0.15700374880966478,0.0,0.11772758384668036,0.17,0.17,0,1
sv8pt5-83,Buneary,Prismatic Evolutions,modern,Common,60.0,1,1,20,0.09531017980432487,-0.09090909090909083,0.11772758384668036,0.11,0.1,0,2
sv8pt5-80,Dudunsparce,Prismatic Evolutions,modern,Rare,140.0,3,1,90,0.16551443847757338,-0.18181818181818188,0.11772758384668036,0.22,0.18,0,2
sv8pt5-82,Lugia ex,Prismatic Evolutions,modern,Double Rare,220.0,2,1,140,1.0260415958332743,0.11874999999999991,0.11772758384668036,1.6,1.79,2,0
sv8pt5-84,Lopunny,Prismatic Evolutions,modern,Common,90.0,1,1,90,0.15700374880966478,0.0,0.11772758384668036,0.17,0.17,0,2
sv8pt5-85,Fan Rotom,Prismatic Evolutions,modern,Common,70.0,1,1,70,0.20701416938432615,0.1499999999999999,0.11772758384668036,0.2,0.23,0,2
sv8pt5-86,Regigigas,Prismatic Evolutions,modern,Uncommon,160.0,4,1,100,0.5068176023684519,0.1785714285714286,0.11772758384668036,0.56,0.66,2,0
sv8pt5-87,Shaymin,Prismatic Evolutions,modern,Uncommon,70.0,1,1,60,0.17395330712343804,0.0,0.11772758384668036,0.19,0.19,0,2
sv8pt5-89,Hawlucha,Prismatic Evolutions,modern,Uncommon,80.0,1,1,10,0.15700374880966478,0.0625,0.11772758384668036,0.16,0.17,0,2
sv8pt5-88,Furfrou,Prismatic Evolutions,modern,Common,100.0,1,1,80,0.17395330712343804,0.357142857142857,0.11772758384668036,0.14,0.19,0,1
sv8pt5-90,Noibat,Prismatic Evolutions,modern,Common,60.0,1,1,20,0.08617769624105233,-0.10000000000000009,0.11772758384668036,0.1,0.09,0,2
sv8pt5-91,Noivern ex,Prismatic Evolutions,modern,Double Rare,270.0,1,2,220,0.6418538861723948,0.607142857142857,0.11772758384668036,0.56,0.9,2,0
sv8pt5-92,Terapagos ex,Prismatic Evolutions,modern,Double Rare,230.0,2,2,180,1.205970806988609,-0.0370370370370372,0.11772758384668036,2.43,2.34,2,0
sv8pt5-144,Leafeon ex,Prismatic Evolutions,modern,Special Illustration Rare,270.0,2,2,230,5.897922802699617,0.018218510006166255,0.11772758384668036,356.78,363.28,2,0
sv8pt5-145,Teal Mask Ogerpon ex,Prismatic Evolutions,modern,Special Illustration Rare,210.0,1,1,30,3.6019589820832345,0.006773920406435208,0.11772758384668036,35.43,35.67,0,0
sv8pt5-147,Ceruledge ex,Prismatic Evolutions,modern,Special Illustration Rare,270.0,2,2,280,5.478511662325817,-0.004923436391705116,0.11772758384668036,239.67,238.49,2,0
sv8pt5-146,Flareon ex,Prismatic Evolutions,modern,Special Illustration Rare,270.0,2,2,280,5.933650035730166,0.03916211293260474,0.11772758384668036,362.34,376.53,2,0
sv8pt5-151,Palafin ex,Prismatic Evolutions,modern,Special Illustration Rare,340.0,2,1,250,4.540738325828703,0.05217785843920164,0.11772758384668036,88.16,92.76,2,0
sv8pt5-153,Jolteon ex,Prismatic Evolutions,modern,Special Illustration Rare,260.0,0,2,280,5.680854970012496,0.055559569395274844,0.11772758384668036,276.82,292.2,2,0
sv8pt5-148,Hearthflame Mask Ogerpon ex,Prismatic Evolutions,modern,Special Illustration Rare,210.0,1,2,140,3.382014562245381,0.026353790613718342,0.11772758384668036,27.7,28.43,2,0
sv8pt5-150,Glaceon ex,Prismatic Evolutions,modern,Special Illustration Rare,270.0,1,2,110,5.787541345756266,0.011162241154156982,0.11772758384668036,321.62,325.21,2,0
sv8pt5-152,Wellspring Mask Ogerpon ex,Prismatic Evolutions,modern,Special Illustration Rare,210.0,1,2,100,3.2816628129669656,0.07286432160804024,0.11772758384668036,23.88,25.62,2,0
sv8pt5-149,Vaporeon ex,Prismatic Evolutions,modern,Special Illustration Rare,280.0,2,2,280,5.741335130708785,0.048918918918918974,0.11772758384668036,296.0,310.48,2,0
sv8pt5-154,Iron Hands ex,Prismatic Evolutions,modern,Special Illustration Rare,230.0,4,2,160,4.325720798462787,0.1916320664324498,0.11772758384668036,62.62,74.62,2,0
sv8pt5-155,Espeon ex,Prismatic Evolutions,modern,Special Illustration Rare,270.0,1,2,160,6.062062795953518,0.02840813582114632,0.11772758384668036,416.43,428.26,2,0
sv8pt5-157,Iron Valiant ex,Prismatic Evolutions,modern,Special Illustration Rare,220.0,2,1,200,4.252629541187814,0.027584161352513625,0.11772758384668036,67.43,69.29,2,0
sv8pt5-156,Sylveon ex,Prismatic Evolutions,modern,Special Illustration Rare,270.0,2,2,160,6.164787403438236,-0.052778609198842696,0.11772758384668036,501.15,474.7,2,0
sv8pt5-158,Iron Crown ex,Prismatic Evolutions,modern,Special Illustration Rare,220.0,2,1,0,4.130837198581126,0.21899263388413304,0.11772758384668036,50.23,61.23,2,0
sv8pt5-159,Sandy Shocks ex,Prismatic Evolutions,modern,Special Illustration Rare,220.0,2,1,200,3.750209709265542,0.014411333659013259,0.11772758384668036,40.94,41.53,2,0
sv8pt5-160,Cornerstone Mask Ogerpon ex,Prismatic Evolutions,modern,Special Illustration Rare,210.0,1,1,140,3.3235961356386037,-0.030785947120608448,0.11772758384668036,27.61,26.76,2,0
sv8pt5-162,Roaring Moon ex,Prismatic Evolutions,modern,Special Illustration Rare,230.0,2,2,100,5.380358076884246,0.15407209612817097,0.11772758384668036,187.25,216.1,2,0
sv8pt5-161,Umbreon ex,Prismatic Evolutions,modern,Special Illustration Rare,280.0,2,2,160,7.374980050777436,-0.010106528270964255,0.11772758384668036,1610.84,1594.56,2,0
sv8pt5-163,Pecharunt ex,Prismatic Evolutions,modern,Special Illustration Rare,190.0,1,1,60,4.305010592025198,0.08316039134301811,0.11772758384668036,67.46,73.07,2,0
sv8pt5-164,Gholdengo ex,Prismatic Evolutions,modern,Special Illustration Rare,260.0,2,1,50,4.6196646321385435,0.32989144823934313,0.11772758384668036,75.54,100.46,2,0
sv8pt5-165,Dragapult ex,Prismatic Evolutions,modern,Special Illustration Rare,320.0,1,2,200,5.189785159724575,-0.016209957545349263,0.11772758384668036,181.37,178.43,2,0
sv8pt5-166,Raging Bolt ex,Prismatic Evolutions,modern,Special Illustration Rare,240.0,3,2,70,4.940284357999733,0.09462976105985321,0.11772758384668036,126.81,138.81,2,0
sv8pt5-167,Eevee ex,Prismatic Evolutions,modern,Special Illustration Rare,200.0,1,1,200,5.39974515917815,-0.046887841169600764,0.11772758384668036,231.19,220.35,2,0
sv8pt5-168,Bloodmoon Ursaluna ex,Prismatic Evolutions,modern,Special Illustration Rare,260.0,3,1,240,4.5880240271531205,0.05783866057838649,0.11772758384668036,91.98,97.3,2,0
sv8pt5-169,Terapagos ex,Prismatic Evolutions,modern,Special Illustration Rare,230.0,2,2,180,4.289637185380534,-0.008134565007583139,0.11772758384668036,72.53,71.94,2,0
sv8pt5-176,Iron Leaves ex,Prismatic Evolutions,modern,Hyper Rare,220.0,1,1,180,2.4874035299865875,-0.007200720072007227,0.11772758384668036,11.11,11.03,2,0
sv8pt5-177,Teal Mask Ogerpon ex,Prismatic Evolutions,modern,Hyper Rare,210.0,1,1,30,2.89591193827178,0.024565608148591878,0.11772758384668036,16.69,17.1,0,0
sv8pt5-178,Walking Wake ex,Prismatic Evolutions,modern,Hyper Rare,220.0,1,1,120,2.756205242989257,-0.024487094639311646,0.11772758384668036,15.11,14.74,2,0
sv8pt5-180,Terapagos ex,Prismatic Evolutions,modern,Hyper Rare,230.0,2,2,180,3.151025157960026,-0.02867072111207647,0.11772758384668036,23.02,22.36,2,0
sv8pt5-179,Pikachu ex,Prismatic Evolutions,modern,Hyper Rare,200.0,1,1,300,4.576976451617309,-0.011404500154114872,0.11772758384668036,97.33,96.22,2,0
svp-1,Sprigatito,Scarlet & Violet Black Star Promos,modern,Promo,70.0,1,1,10,1.713797927758343,-0.044117647058823484,2.16290212183436,4.76,4.55,0,2
svp-2,Fuecoco,Scarlet & Violet Black Star Promos,modern,Promo,80.0,2,1,30,1.4422019930581866,0.059016393442623105,2.16290212183436,3.05,3.23,0,2
svp-6,Pawmot,Scarlet & Violet Black Star Promos,modern,Promo,130.0,0,1,230,0.8285518175661483,0.2647058823529411,2.16290212183436,1.02,1.29,2,0
svp-10,Espathra,Scarlet & Violet Black Star Promos,modern,Promo,110.0,0,2,60,0.19062035960864973,0.04999999999999982,2.16290212183436,0.2,0.21,0,1
svp-7,Hawlucha,Scarlet & Violet Black Star Promos,modern,Promo,70.0,1,1,70,0.9858167945227653,0.07006369426751591,2.16290212183436,1.57,1.68,0,2
svp-13,Miraidon,Scarlet & Violet Black Star Promos,modern,Promo,120.0,1,2,90,1.814824742159051,0.14476614699331836,2.16290212183436,4.49,5.14,0,1
svp-8,Revavroom,Scarlet & Violet Black Star Promos,modern,Promo,140.0,2,1,90,0.883767540168595,0.0,2.16290212183436,1.42,1.42,0,0
svp-9,Spidops,Scarlet & Violet Black Star Promos,modern,Promo,120.0,2,2,100,0.2151113796169455,0.0,2.16290212183436,0.24,0.24,0,1
svp-11,Arcanine,Scarlet & Violet Black Star Promos,modern,Promo,130.0,3,2,120,0.5068176023684519,-0.02941176470588236,2.16290212183436,0.68,0.66,2,0
svp-3,Quaxly,Scarlet & Violet Black Star Promos,modern,Promo,70.0,1,1,20,0.9042181506398859,-0.09259259259259267,2.16290212183436,1.62,1.47,0,2
svp-5,Quaquaval,Scarlet & Violet Black Star Promos,modern,Promo,170.0,2,1,140,0.7030975114131134,-0.04672897196261683,2.16290212183436,1.07,1.02,2,0
svp-4,Mimikyu ex,Scarlet & Violet Black Star Promos,modern,Promo,190.0,1,2,30,0.5306282510621704,0.18644067796610164,2.16290212183436,0.59,0.7,0,0
svp-14,Koraidon,Scarlet & Violet Black Star Promos,modern,Promo,130.0,2,2,190,1.6544112780768316,0.15890410958904133,2.16290212183436,3.65,4.23,2,1
svp-12,Dondozo,Scarlet & Violet Black Star Promos,modern,Promo,150.0,4,2,100,0.17395330712343804,-0.13636363636363635,2.16290212183436,0.22,0.19,2,1
svp-15,Flaaffy,Scarlet & Violet Black Star Promos,modern,Promo,90.0,2,2,80,0.8754687373538999,0.02941176470588225,2.16290212183436,1.36,1.4,0,1
svp-17,Lucario ex,Scarlet & Violet Black Star Promos,modern,Promo,260.0,2,2,160,1.873339456220478,-0.026501766784452374,2.16290212183436,5.66,5.51,2,0
svp-16,Ampharos ex,Scarlet & Violet Black Star Promos,modern,Promo,330.0,2,2,140,1.631199404215613,0.2646153846153847,2.16290212183436,3.25,4.11,2,0
svp-18,Cyclizar ex,Scarlet & Violet Black Star Promos,modern,Promo,210.0,1,2,180,0.3435897043900769,-0.12765957446808507,2.16290212183436,0.47,0.41,2,0
svp-22,Pelipper,Scarlet & Violet Black Star Promos,modern,Promo,120.0,2,1,90,0.598836501088704,0.13888888888888884,2.16290212183436,0.72,0.82,0,2
svp-19,Baxcalibur,Scarlet & Violet Black Star Promos,modern,Promo,160.0,2,1,130,1.1662709371419244,0.14507772020725396,2.16290212183436,1.93,2.21,2,0
svp-20,Tinkaton,Scarlet & Violet Black Star Promos,modern,Promo,140.0,2,1,90,0.9400072584914712,0.3333333333333335,2.16290212183436,1.17,1.56,0,1
svp-21,Murkrow,Scarlet & Violet Black Star Promos,modern,Promo,60.0,1,2,20,0.7323678937132266,0.018867924528301883,2.16290212183436,1.06,1.08,0,1
svp-23,Smoliv,Scarlet & Violet Black Star Promos,modern,Promo,60.0,1,2,20,0.17395330712343804,-0.050000000000000044,2.16290212183436,0.2,0.19,0,1
svp-25,Tinkatink,Scarlet & Violet Black Star Promos,modern,Promo,70.0,2,1,10,0.262364264467491,0.36363636363636354,2.16290212183436,0.22,0.3,0,2
svp-27,Pikachu,Scarlet & Violet Black Star Promos,modern,Promo,60.0,1,1,30,2.201659174404085,-0.020706455542022106,2.16290212183436,8.21,8.04,0,2
svp-29,Koraidon ex,Scarlet & Violet Black Star Promos,modern,Promo,230.0,2,1,220,0.3293037471426004,0.026315789473684292,2.16290212183436,0.38,0.39,2,0
svp-24,Growlithe,Scarlet & Violet Black Star Promos,modern,Promo,90.0,3,2,70,0.2151113796169455,-0.040000000000000036,2.16290212183436,0.25,0.24,0,1
svp-26,Varoom,Scarlet & Violet Black Star Promos,modern,Promo,60.0,1,1,0,0.27002713721306015,-0.13888888888888884,2.16290212183436,0.36,0.31,0,2
svp-28,Miraidon ex,Scarlet & Violet Black Star Promos,modern,Promo,220.0,1,1,220,0.29266961396282,-0.02857142857142847,2.16290212183436,0.35,0.34,2,0
svp-30,Chien-Pao ex,Scarlet & Violet Black Star Promos,modern,Promo,220.0,2,1,60,1.673351238177753,0.030952380952380842,2.16290212183436,4.2,4.33,2,0
svp-31,Tinkaton ex,Scarlet & Violet Black Star Promos,modern,Promo,300.0,2,2,140,2.437115985951652,0.0235294117647058,2.16290212183436,10.2,10.44,2,0
svp-32,Annihilape ex,Scarlet & Violet Black Star Promos,modern,Promo,320.0,2,2,150,0.5364933705145685,-0.01388888888888895,2.16290212183436,0.72,0.71,2,0
svp-36,Palafin,Scarlet & Violet Black Star Promos,modern,Promo,150.0,2,2,210,0.8241754429663494,-0.04477611940298509,2.16290212183436,1.34,1.28,2,0
svp-37,Cleffa,Scarlet & Violet Black Star Promos,modern,Promo,30.0,0,1,0,1.5912739418064292,0.14662756598240478,2.16290212183436,3.41,3.91,0,2
svp-38,Togekiss,Scarlet & Violet Black Star Promos,modern,Promo,150.0,0,1,110,0.7929925155296614,-0.016260162601625994,2.16290212183436,1.23,1.21,0,2
svp-39,Mawile,Scarlet & Violet Black Star Promos,modern,Promo,90.0,1,1,90,0.9477893989335261,0.08965517241379328,2.16290212183436,1.45,1.58,0,2
svp-40,Pawmi,Scarlet & Violet Black Star Promos,modern,Promo,50.0,1,1,20,0.2151113796169455,0.33333333333333326,2.16290212183436,0.18,0.24,0,2
svp-41,Paldean Wooper,Scarlet & Violet Black Star Promos,modern,Promo,60.0,1,2,30,0.1988508587451652,-0.2142857142857143,2.16290212183436,0.28,0.22,0,1
svp-42,Houndstone,Scarlet & Violet Black Star Promos,modern,Promo,130.0,3,2,100,0.2776317365982795,-0.05882352941176472,2.16290212183436,0.34,0.32,2,0
svp-43,Eevee,Scarlet & Violet Black Star Promos,modern,Promo,60.0,1,2,30,0.9242589015233319,0.17829457364341073,2.16290212183436,1.29,1.52,0,1
svp-44,Charmander,Scarlet & Violet Black Star Promos,modern,Promo,60.0,1,1,30,3.2954664270299134,0.13791593695271454,2.16290212183436,22.84,25.99,0,2
svp-33,Meowscarada ex,Scarlet & Violet Black Star Promos,modern,Promo,310.0,2,1,100,0.5364933705145685,0.05970149253731338,2.16290212183436,0.67,0.71,2,0
svp-34,Skeledirge ex,Scarlet & Violet Black Star Promos,modern,Promo,340.0,3,2,270,0.3920420877760237,-0.22580645161290325,2.16290212183436,0.62,0.48,2,0
svp-46,Bulbasaur,Scarlet & Violet Black Star Promos,modern,Promo,70.0,2,1,50,0.5423242908253617,0.24137931034482762,2.16290212183436,0.58,0.72,0,2
svp-47,Charmander,Scarlet & Violet Black Star Promos,modern,Promo,70.0,1,1,40,0.6678293725756554,0.28378378378378377,2.16290212183436,0.74,0.95,0,2
svp-52,Mewtwo,Scarlet & Violet Black Star Promos,modern,Promo,130.0,2,2,130,2.855895328366192,-0.03189604252805667,2.16290212183436,16.93,16.39,2,0
svp-48,Squirtle,Scarlet & Violet Black Star Promos,modern,Promo,70.0,2,1,20,0.5766133643039938,0.1470588235294117,2.16290212183436,0.68,0.78,0,2
svp-53,Mew ex,Scarlet & Violet Black Star Promos,modern,Promo,180.0,0,1,0,3.441699324971485,-0.04454976303317537,2.16290212183436,31.65,30.24,0,0
svp-54,Greninja ex,Scarlet & Violet Black Star Promos,modern,Promo,300.0,1,2,120,1.8050046959780757,-0.0763636363636363,2.16290212183436,5.5,5.08,2,0
svp-101,Pikachu,Scarlet & Violet Black Star Promos,modern,Promo,70.0,1,1,30,2.554899021608035,0.04489436619718301,2.16290212183436,11.36,11.87,0,2
svp-35,Quaquaval ex,Scarlet & Violet Black Star Promos,modern,Promo,320.0,2,2,230,0.3987761199573678,0.02083333333333326,2.16290212183436,0.48,0.49,2,0
svp-50,Alakazam ex,Scarlet & Violet Black Star Promos,modern,Promo,310.0,1,2,120,0.5481214085096876,-0.07594936708860767,2.16290212183436,0.79,0.73,2,0
svp-55,Kangaskhan ex,Scarlet & Violet Black Star Promos,modern,Promo,230.0,2,2,100,2.050270164379556,0.03358778625954195,2.16290212183436,6.55,6.77,2,0
svp-49,Zapdos ex,Scarlet & Violet Black Star Promos,modern,Promo,200.0,2,1,120,0.5068176023684519,0.04761904761904767,2.16290212183436,0.63,0.66,2,0
svp-51,Snorlax,Scarlet & Violet Black Star Promos,modern,Promo,150.0,4,1,130,2.4060438013622756,-0.3250836120401338,2.16290212183436,14.95,10.09,2,0
svp-57,Chi-Yu,Scarlet & Violet Black Star Promos,modern,Promo,110.0,1,2,50,0.6259384308664953,-0.04395604395604402,2.16290212183436,0.91,0.87,0,1
svp-61,Pineco,Scarlet & Violet Black Star Promos,modern,Promo,70.0,2,1,30,0.2851789422336624,0.06451612903225823,2.16290212183436,0.31,0.33,0,2
svp-59,Xatu,Scarlet & Violet Black Star Promos,modern,Promo,100.0,1,1,80,0.9969486348916096,0.01183431952662728,2.16290212183436,1.69,1.71,0,2
svp-62,Sinistea,Scarlet & Violet Black Star Promos,modern,Promo,30.0,1,1,10,0.3220834991691133,-0.11627906976744184,2.16290212183436,0.43,0.38,0,2
svp-56,Charizard ex,Scarlet & Violet Black Star Promos,modern,Promo,330.0,2,1,180,1.8531680973566984,0.07385229540918159,2.16290212183436,5.01,5.38,2,0
svp-58,Iron Bundle,Scarlet & Violet Black Star Promos,modern,Promo,100.0,1,1,80,1.0647107369924282,0.0,2.16290212183436,1.9,1.9,0,2
svp-60,Aegislash,Scarlet & Violet Black Star Promos,modern,Promo,150.0,3,1,120,0.5822156198526637,-0.07058823529411762,2.16290212183436,0.85,0.79,2,0
svp-63,Cetitan,Scarlet & Violet Black Star Promos,modern,Promo,170.0,4,2,100,0.262364264467491,0.25,2.16290212183436,0.24,0.3,2,1
svp-70,Greavard,Scarlet & Violet Black Star Promos,modern,Promo,70.0,2,1,10,0.3784364357202451,0.022222222222222143,2.16290212183436,0.45,0.46,0,2
svp-65,Scream Tail,Scarlet & Violet Black Star Promos,modern,Promo,90.0,1,2,30,1.860974538249528,0.003696857670979492,2.16290212183436,5.41,5.43,0,1
svp-75,Mimikyu,Scarlet & Violet Black Star Promos,modern,Promo,70.0,1,1,0,1.8325814637483102,0.1217948717948718,2.16290212183436,4.68,5.25,0,2
svp-67,Roaring Moon ex,Scarlet & Violet Black Star Promos,modern,Promo,230.0,2,2,100,1.1216775615991057,-0.10775862068965514,2.16290212183436,2.32,2.07,2,0
svp-64,Arctibax,Scarlet & Violet Black Star Promos,modern,Promo,90.0,2,2,80,0.3293037471426004,0.25806451612903225,2.16290212183436,0.31,0.39,0,1
svp-68,Iron Valiant ex,Scarlet & Violet Black Star Promos,modern,Promo,220.0,2,1,200,0.5481214085096876,-0.06410256410256421,2.16290212183436,0.78,0.73,2,0
svp-66,Iron Bundle,Scarlet & Violet Black Star Promos,modern,Promo,100.0,1,1,80,1.5085119938441398,0.31343283582089554,2.16290212183436,2.68,3.52,0,2
svp-69,Fidough,Scarlet & Violet Black Star Promos,modern,Promo,50.0,1,1,20,0.3506568716131694,-0.1923076923076924,2.16290212183436,0.52,0.42,0,2
svp-71,Maschiff,Scarlet & Violet Black Star Promos,modern,Promo,60.0,1,1,10,0.3293037471426004,-0.15217391304347827,2.16290212183436,0.46,0.39,0,2
svp-85,Pikachu with Grey Felt Hat,Scarlet & Violet Black Star Promos,modern,Promo,60.0,1,1,0,5.807151007633235,0.027892273840146364,2.16290212183436,322.67,331.67,0,2
svp-102,Oddish,Scarlet & Violet Black Star Promos,modern,Promo,60.0,1,2,20,1.2149127443642704,-0.051999999999999935,2.16290212183436,2.5,2.37,0,1
svp-76,Sprigatito,Scarlet & Violet Black Star Promos,modern,Promo,60.0,1,2,10,1.3937663759585914,0.05208333333333326,2.16290212183436,2.88,3.03,0,1
svp-77,Floragato,Scarlet & Violet Black Star Promos,modern,Promo,90.0,1,2,50,0.712949807856125,0.13043478260869557,2.16290212183436,0.92,1.04,0,1
svp-78,Meowscarada ex,Scarlet & Violet Black Star Promos,modern,Promo,310.0,2,1,100,1.2149127443642704,0.0972222222222221,2.16290212183436,2.16,2.37,2,0
svp-79,Fuecoco,Scarlet & Violet Black Star Promos,modern,Promo,80.0,2,1,20,1.1410330045520618,0.039024390243902474,2.16290212183436,2.05,2.13,0,2
svp-80,Crocalor,Scarlet & Violet Black Star Promos,modern,Promo,110.0,3,2,70,0.6418538861723948,0.0714285714285714,2.16290212183436,0.84,0.9,2,1
svp-81,Skeledirge ex,Scarlet & Violet Black Star Promos,modern,Promo,340.0,3,2,270,1.1568811967920856,0.17204301075268824,2.16290212183436,1.86,2.18,2,0
svp-82,Quaxly,Scarlet & Violet Black Star Promos,modern,Promo,70.0,1,1,30,0.636576829071551,-0.07291666666666663,2.16290212183436,0.96,0.89,0,2
svp-83,Quaxwell,Scarlet & Violet Black Star Promos,modern,Promo,90.0,1,2,50,0.5423242908253617,0.028571428571428692,2.16290212183436,0.7,0.72,0,1
svp-84,Quaquaval ex,Scarlet & Violet Black Star Promos,modern,Promo,320.0,2,2,230,0.8586616190375187,0.0625,2.16290212183436,1.28,1.36,2,0
svp-86,Mabosstiff ex,Scarlet & Violet Black Star Promos,modern,Promo,260.0,3,2,100,0.4382549309311553,-0.11290322580645151,2.16290212183436,0.62,0.55,2,0
svp-87,Sprigatito ex,Scarlet & Violet Black Star Promos,modern,Promo,200.0,1,2,100,0.5068176023684519,0.13793103448275867,2.16290212183436,0.58,0.66,2,0
svp-88,Pikachu,Scarlet & Violet Black Star Promos,modern,Promo,70.0,1,2,30,2.6411978941143697,0.21435228331780043,2.16290212183436,10.73,13.03,0,1
svp-89,Feraligatr,Scarlet & Violet Black Star Promos,modern,Promo,180.0,3,1,160,2.330200260027019,-0.1327102803738318,2.16290212183436,10.7,9.28,2,0
svp-90,Metang,Scarlet & Violet Black Star Promos,modern,Promo,100.0,2,1,60,1.2119409739751128,0.0976744186046512,2.16290212183436,2.15,2.36,0,2
svp-91,Koraidon,Scarlet & Violet Black Star Promos,modern,Promo,140.0,2,2,130,0.8628899551470398,0.037878787878787845,2.16290212183436,1.32,1.37,2,0
svp-92,Miraidon,Scarlet & Violet Black Star Promos,modern,Promo,110.0,2,2,160,1.0750024230289759,0.05464480874316924,2.16290212183436,1.83,1.93,2,0
svp-96,Cyclizar,Scarlet & Violet Black Star Promos,modern,Promo,120.0,1,2,120,0.2546422183735807,0.03571428571428559,2.16290212183436,0.28,0.29,0,1
svp-95,Cleffa,Scarlet & Violet Black Star Promos,modern,Promo,30.0,0,1,0,0.3646431135879093,-0.08333333333333326,2.16290212183436,0.48,0.44,0,2
svp-93,Carvanha,Scarlet & Violet Black Star Promos,modern,Promo,50.0,1,1,20,0.2851789422336624,-0.05714285714285705,2.16290212183436,0.35,0.33,0,2
svp-94,Bellibolt,Scarlet & Violet Black Star Promos,modern,Promo,130.0,3,2,10,0.2546422183735807,-0.09375000000000011,2.16290212183436,0.32,0.29,0,1
svp-97,Flutter Mane,Scarlet & Violet Black Star Promos,modern,Promo,90.0,1,1,90,3.605226069116683,0.014455782312925214,2.16290212183436,35.28,35.79,0,2
svp-98,Iron Thorns,Scarlet & Violet Black Star Promos,modern,Promo,140.0,3,2,140,3.6995720836526793,0.007151979565772626,2.16290212183436,39.15,39.43,2,0
svp-72,Great Tusk ex,Scarlet & Violet Black Star Promos,modern,Promo,250.0,4,1,260,0.5653138090500605,0.08571428571428585,2.16290212183436,0.7,0.76,2,0
svp-73,Iron Treads ex,Scarlet & Violet Black Star Promos,modern,Promo,220.0,3,1,150,0.4637340162321401,0.1132075471698113,2.16290212183436,0.53,0.59,2,0
svp-74,Charizard ex,Scarlet & Violet Black Star Promos,modern,Promo,330.0,2,1,180,2.3988039507345884,-0.05118483412322283,2.16290212183436,10.55,10.01,2,0
svp-99,Shroodle,Scarlet & Violet Black Star Promos,modern,Promo,50.0,1,2,20,0.3646431135879093,0.1578947368421053,2.16290212183436,0.38,0.44,0,1
svp-100,Grafaiai ex,Scarlet & Violet Black Star Promos,modern,Promo,250.0,1,2,180,0.4700036292457356,-0.04761904761904767,2.16290212183436,0.63,0.6,2,0
svp-103,Houndoom ex,Scarlet & Violet Black Star Promos,modern,Promo,270.0,2,2,220,1.9558604799084813,-0.024115755627009516,2.16290212183436,6.22,6.07,2,0
svp-104,Melmetal ex,Scarlet & Violet Black Star Promos,modern,Promo,300.0,4,2,90,1.8946168546677629,0.04243542435424352,2.16290212183436,5.42,5.65,2,0
svp-115,Thwackey,Scarlet & Violet Black Star Promos,modern,Promo,100.0,2,1,50,0.7227059828014898,0.11578947368421066,2.16290212183436,0.95,1.06,0,2
svp-116,Infernape,Scarlet & Violet Black Star Promos,modern,Promo,140.0,1,1,200,0.9242589015233319,0.10948905109489049,2.16290212183436,1.37,1.52,2,0
svp-117,Froslass,Scarlet & Violet Black Star Promos,modern,Promo,90.0,1,1,60,0.9360933591703349,0.019736842105263275,2.16290212183436,1.52,1.55,0,2
svp-118,Tatsugiri,Scarlet & Violet Black Star Promos,modern,Promo,70.0,1,1,50,1.0715836162801904,0.19999999999999996,2.16290212183436,1.6,1.92,0,2
svp-119,Toxel,Scarlet & Violet Black Star Promos,modern,Promo,70.0,1,1,30,0.3001045924503381,-0.02777777777777779,2.16290212183436,0.36,0.35,0,2
svp-120,Pupitar,Scarlet & Violet Black Star Promos,modern,Promo,80.0,1,2,60,0.2776317365982795,0.032258064516129004,2.16290212183436,0.31,0.32,0,1
svp-121,Revavroom,Scarlet & Violet Black Star Promos,modern,Promo,140.0,3,2,70,0.31481073984003355,0.0,2.16290212183436,0.37,0.37,2,1
svp-122,Snorlax,Scarlet & Violet Black Star Promos,modern,Promo,160.0,3,1,120,0.8415671856782186,-0.03649635036496357,2.16290212183436,1.37,1.32,2,0
svp-123,Teal Mask Ogerpon,Scarlet & Violet Black Star Promos,modern,Promo,110.0,1,2,20,0.8919980393051105,0.04347826086956519,2.16290212183436,1.38,1.44,0,1
svp-125,Armarouge ex,Scarlet & Violet Black Star Promos,modern,Promo,260.0,2,1,40,0.5933268452777344,0.2857142857142858,2.16290212183436,0.63,0.81,2,0
svp-126,Palafin ex,Scarlet & Violet Black Star Promos,modern,Promo,340.0,2,1,250,0.5653138090500605,0.10144927536231885,2.16290212183436,0.69,0.76,2,0
svp-127,Walking Wake ex,Scarlet & Violet Black Star Promos,modern,Promo,220.0,1,1,120,0.5007752879124893,-0.044117647058823595,2.16290212183436,0.68,0.65,2,0
svp-128,Iron Leaves ex,Scarlet & Violet Black Star Promos,modern,Promo,220.0,1,1,180,0.4054651081081644,0.16279069767441867,2.16290212183436,0.43,0.5,2,0
svp-130,Kingambit,Scarlet & Violet Black Star Promos,modern,Promo,180.0,4,2,140,1.358409157630355,-0.12158054711246202,2.16290212183436,3.29,2.89,2,0
svp-131,Kingdra ex,Scarlet & Violet Black Star Promos,modern,Promo,310.0,1,2,50,3.2546289945740186,0.09977924944812377,2.16290212183436,22.65,24.91,2,0
svp-132,Greninja ex,Scarlet & Violet Black Star Promos,modern,Promo,300.0,1,2,120,3.58933532377755,-0.11510429756220153,2.16290212183436,39.79,35.21,2,0
svp-129,Pecharunt,Scarlet & Violet Black Star Promos,modern,Promo,80.0,1,1,10,0.7884573603642702,-0.16083916083916083,2.16290212183436,1.43,1.2,0,2
svp-135,Drifblim,Scarlet & Violet Black Star Promos,modern,Promo,130.0,2,1,50,0.9669838461896731,-0.06857142857142862,2.16290212183436,1.75,1.63,0,2
svp-134,Crabominable,Scarlet & Violet Black Star Promos,modern,Promo,160.0,3,1,250,0.959350221334602,-0.058479532163742576,2.16290212183436,1.71,1.61,2,0
svp-136,Bouffalant,Scarlet & Violet Black Star Promos,modern,Promo,100.0,2,1,130,1.4060969884160703,0.0547945205479452,2.16290212183436,2.92,3.08,0,0
svp-133,Ledian,Scarlet & Violet Black Star Promos,modern,Promo,90.0,0,1,70,1.095273387402595,0.06989247311827951,2.16290212183436,1.86,1.99,0,2
svp-137,Horsea,Scarlet & Violet Black Star Promos,modern,Promo,60.0,1,1,20,0.43178241642553783,-0.21739130434782594,2.16290212183436,0.69,0.54,0,2
svp-139,Latias,Scarlet & Violet Black Star Promos,modern,Promo,110.0,2,1,100,0.7323678937132266,0.2705882352941178,2.16290212183436,0.85,1.08,0,1
svp-142,Victini ex,Scarlet & Violet Black Star Promos,modern,Promo,190.0,1,2,220,2.454447442303292,-0.019354838709677358,2.16290212183436,10.85,10.64,2,0
svp-140,Tinkaton,Scarlet & Violet Black Star Promos,modern,Promo,140.0,2,2,220,0.636576829071551,0.3088235294117647,2.16290212183436,0.68,0.89,2,1
svp-138,Porygon2,Scarlet & Violet Black Star Promos,modern,Promo,90.0,1,1,50,0.5538851132264376,-0.013333333333333308,2.16290212183436,0.75,0.74,0,2
svp-141,Noctowl,Scarlet & Violet Black Star Promos,modern,Promo,100.0,1,1,60,1.7298840655099674,0.18367346938775508,2.16290212183436,3.92,4.64,0,2
svp-143,Miraidon ex,Scarlet & Violet Black Star Promos,modern,Promo,220.0,0,2,150,2.5855058483441162,-0.03537735849056611,2.16290212183436,12.72,12.27,2,0
svp-144,Gouging Fire ex,Scarlet & Violet Black Star Promos,modern,Promo,230.0,2,2,260,0.7884573603642702,0.04347826086956519,2.16290212183436,1.15,1.2,2,0
svp-145,Raging Bolt ex,Scarlet & Violet Black Star Promos,modern,Promo,240.0,3,2,70,1.7439688053917064,0.15970515970515953,2.16290212183436,4.07,4.72,2,0
svp-146,Iron Crown ex,Scarlet & Violet Black Star Promos,modern,Promo,220.0,2,1,0,0.6418538861723948,-0.05263157894736836,2.16290212183436,0.95,0.9,0,0
svp-147,Iron Boulder ex,Scarlet & Violet Black Star Promos,modern,Promo,240.0,3,2,200,0.6097655716208943,0.10526315789473673,2.16290212183436,0.76,0.84,2,0
svp-149,Pecharunt,Scarlet & Violet Black Star Promos,modern,Promo,80.0,1,1,10,0.2468600779315258,0.0769230769230771,2.16290212183436,0.26,0.28,0,2
svp-160,Squawkabilly ex,Scarlet & Violet Black Star Promos,modern,Promo,160.0,1,1,20,0.7561219797213337,-0.08870967741935487,2.16290212183436,1.24,1.13,0,0
svp-161,Charizard ex,Scarlet & Violet Black Star Promos,modern,Promo,330.0,2,2,330,1.747459210331475,0.07972665148063784,2.16290212183436,4.39,4.74,2,0
svp-162,Houndstone ex,Scarlet & Violet Black Star Promos,modern,Promo,260.0,3,1,100,0.6830968447064438,0.11363636363636354,2.16290212183436,0.88,0.98,2,0
base1-1,Alakazam,Base,vintage,Rare Holo,80.0,3,1,30,4.214938458520516,0.009689629068887262,26.140999315537304,66.05,66.69,1,2
base1-2,Blastoise,Base,vintage,Rare Holo,100.0,3,1,40,5.139087140977479,0.00593260560037967,26.140999315537304,168.56,169.56,1,2
base1-3,Chansey,Base,vintage,Rare Holo,120.0,1,2,80,3.6689318163042404,0.0076476793248945185,26.140999315537304,37.92,38.21,1,2
base1-4,Charizard,Base,vintage,Rare Holo,120.0,3,1,100,5.990539119031481,-0.1071116586403853,26.140999315537304,446.45,398.63,1,2
base1-5,Clefairy,Base,vintage,Rare Holo,40.0,1,2,0,3.3541057741283047,-0.0018070112034694885,26.140999315537304,27.67,27.62,1,2
base1-6,Gyarados,Base,vintage,Rare Holo,100.0,3,2,50,3.6656108271745818,0.0723739791607998,26.140999315537304,35.51,38.08,1,2
base1-7,Hitmonchan,Base,vintage,Rare Holo,70.0,2,2,40,3.0544727685765913,-0.007854688267059373,26.140999315537304,20.37,20.21,1,2
base1-9,Magneton,Base,vintage,Rare Holo,60.0,1,2,80,3.2011191032789417,-0.008000000000000007,26.140999315537304,23.75,23.56,1,2
base1-10,Mewtwo,Base,vintage,Rare Holo,60.0,3,2,10,3.6990772790903823,-0.018430884184308938,26.140999315537304,40.15,39.41,1,2
base1-11,Nidoking,Base,vintage,Rare Holo,90.0,3,2,30,3.509154523167248,0.010598503740648413,26.140999315537304,32.08,32.42,1,2
base1-12,Ninetales,Base,vintage,Rare Holo,80.0,1,2,80,3.106826321059578,-0.030426884650317843,26.140999315537304,22.02,21.35,1,2
base1-13,Poliwrath,Base,vintage,Rare Holo,90.0,3,2,40,3.4147715016892732,-0.009430784776018886,26.140999315537304,29.69,29.41,1,2
base1-14,Raichu,Base,vintage,Rare Holo,80.0,1,2,60,3.810211739281461,-0.004508566275924331,26.140999315537304,44.36,44.16,1,2
base1-15,Venusaur,Base,vintage,Rare Holo,100.0,2,1,60,4.843241757886537,0.006878899376099756,26.140999315537304,125.02,125.88,1,2
base1-16,Zapdos,Base,vintage,Rare Holo,90.0,3,2,100,3.696351468952637,-0.010823055625471922,26.140999315537304,39.73,39.3,1,2
base1-17,Beedrill,Base,vintage,Rare,80.0,0,2,40,1.501852701754163,0.029498525073746285,26.140999315537304,3.39,3.49,1,2
base1-18,Dragonair,Base,vintage,Rare,80.0,2,2,30,2.702032128776647,0.010901162790697638,26.140999315537304,13.76,13.91,1,2
base1-19,Dugtrio,Base,vintage,Rare,70.0,2,2,70,1.888583653863595,0.04275092936802971,26.140999315537304,5.38,5.61,1,2
base1-20,Electabuzz,Base,vintage,Rare,70.0,2,2,30,2.299580583973747,0.006734006734006703,26.140999315537304,8.91,8.97,1,2
base1-21,Electrode,Base,vintage,Rare,80.0,1,1,50,1.9629077254238845,0.02170283806343898,26.140999315537304,5.99,6.12,1,2
base1-22,Pidgeotto,Base,vintage,Rare,60.0,1,2,20,2.4042387467205457,0.005994005994006013,26.140999315537304,10.01,10.07,1,2
base1-23,Arcanine,Base,vintage,Uncommon,100.0,3,2,80,1.3056264580524357,-0.011029411764705954,26.140999315537304,2.72,2.69,1,2
base1-24,Charmeleon,Base,vintage,Uncommon,80.0,1,2,50,0.8754687373538999,0.18644067796610164,26.140999315537304,1.18,1.4,1,2
base1-25,Dewgong,Base,vintage,Uncommon,80.0,3,2,50,1.0508216248317612,-0.0653266331658291,26.140999315537304,1.99,1.86,1,2
base1-26,Dratini,Base,vintage,Uncommon,40.0,1,1,10,0.8919980393051105,0.014084507042253502,26.140999315537304,1.42,1.44,1,2
base1-27,Farfetch'd,Base,vintage,Uncommon,50.0,1,2,30,0.712949807856125,0.05050505050505061,26.140999315537304,0.99,1.04,1,2
base1-28,Growlithe,Base,vintage,Uncommon,60.0,1,1,20,0.7701082216960736,0.38095238095238093,26.140999315537304,0.84,1.16,1,2
base1-29,Haunter,Base,vintage,Uncommon,60.0,1,2,50,0.7030975114131134,-0.05555555555555558,26.140999315537304,1.08,1.02,1,2
base1-30,Ivysaur,Base,vintage,Uncommon,60.0,1,2,30,1.1216775615991057,-0.07174887892376691,26.140999315537304,2.23,2.07,1,2
base1-31,Jynx,Base,vintage,Uncommon,70.0,2,2,20,0.688134638736401,-0.12389380530973448,26.140999315537304,1.13,0.99,1,2
base1-32,Kadabra,Base,vintage,Uncommon,60.0,3,2,50,0.9969486348916096,0.3571428571428572,26.140999315537304,1.26,1.71,1,2
base1-33,Kakuna,Base,vintage,Uncommon,80.0,2,2,20,0.7654678421395714,0.10576923076923062,26.140999315537304,1.04,1.15,1,2
base1-34,Machoke,Base,vintage,Uncommon,80.0,3,2,60,0.6678293725756554,0.07954545454545459,26.140999315537304,0.88,0.95,1,2
base1-35,Magikarp,Base,vintage,Uncommon,30.0,1,2,10,1.0116009116784799,-0.09326424870466321,26.140999315537304,1.93,1.75,1,2
base1-36,Magmar,Base,vintage,Uncommon,50.0,2,2,50,1.1908875647772805,-0.01716738197424894,26.140999315537304,2.33,2.29,1,2
base1-37,Nidorino,Base,vintage,Uncommon,60.0,1,2,50,1.1184149159642893,0.04040404040404044,26.140999315537304,1.98,2.06,1,2
base1-38,Poliwhirl,Base,vintage,Uncommon,60.0,1,2,30,0.8197798314933114,-0.08633093525179847,26.140999315537304,1.39,1.27,1,2
base1-39,Porygon,Base,vintage,Uncommon,30.0,1,2,0,1.0188473201992472,0.0,26.140999315537304,1.77,1.77,1,2
base1-40,Raticate,Base,vintage,Uncommon,60.0,1,2,20,1.0750024230289759,0.03208556149732611,26.140999315537304,1.87,1.93,1,2
base1-41,Seel,Base,vintage,Uncommon,60.0,1,1,10,0.6575200029167941,0.05681818181818188,26.140999315537304,0.88,0.93,1,2
base1-42,Wartortle,Base,vintage,Uncommon,70.0,1,2,40,1.3137236682850553,-0.03886925795052998,26.140999315537304,2.83,2.72,1,2
base1-43,Abra,Base,vintage,Common,30.0,0,1,10,0.712949807856125,0.11827956989247301,26.140999315537304,0.93,1.04,1,2
base1-44,Bulbasaur,Base,vintage,Common,40.0,1,1,20,0.7514160886839212,-0.42268041237113396,26.140999315537304,1.94,1.12,1,2
base1-45,Caterpie,Base,vintage,Common,40.0,1,1,10,0.708035793053696,0.17045454545454541,26.140999315537304,0.88,1.03,1,2
base1-46,Charmander,Base,vintage,Common,50.0,1,2,30,1.085189268335969,0.5076923076923077,26.140999315537304,1.3,1.96,1,2
base1-47,Diglett,Base,vintage,Common,30.0,0,2,30,0.5068176023684519,0.2222222222222221,26.140999315537304,0.54,0.66,1,2
base1-48,Doduo,Base,vintage,Common,50.0,0,1,10,0.7654678421395714,0.19791666666666652,26.140999315537304,0.96,1.15,1,2
base1-49,Drowzee,Base,vintage,Common,50.0,1,2,10,0.5306282510621704,0.16666666666666674,26.140999315537304,0.6,0.7,1,2
base1-50,Gastly,Base,vintage,Common,30.0,0,2,0,0.6043159668533294,-0.21698113207547176,26.140999315537304,1.06,0.83,1,2
base1-51,Koffing,Base,vintage,Common,50.0,1,1,10,0.49469624183610705,0.3333333333333335,26.140999315537304,0.48,0.64,1,2
base1-52,Machop,Base,vintage,Common,50.0,1,1,20,0.4574248470388754,0.487179487179487,26.140999315537304,0.39,0.58,1,2
base1-53,Magnemite,Base,vintage,Common,40.0,1,2,40,0.48858001481867097,0.18867924528301883,26.140999315537304,0.53,0.63,1,2
base1-54,Metapod,Base,vintage,Common,70.0,2,2,20,0.5187937934151675,0.09677419354838723,26.140999315537304,0.62,0.68,1,2
base1-55,Nidoran ♂,Base,vintage,Common,40.0,1,1,30,0.5068176023684519,0.10000000000000009,26.140999315537304,0.6,0.66,1,2
base1-56,Onix,Base,vintage,Common,90.0,3,2,10,0.4510756193602166,0.036363636363636154,26.140999315537304,0.55,0.57,1,2
base1-57,Pidgey,Base,vintage,Common,40.0,1,1,10,0.7030975114131134,0.0736842105263158,26.140999315537304,0.95,1.02,1,2
base1-58,Pikachu,Base,vintage,Common,40.0,1,2,30,1.2612978709452054,-0.24251497005988032,26.140999315537304,3.34,2.53,1,2
base1-59,Poliwag,Base,vintage,Common,40.0,1,1,10,0.5423242908253617,0.07462686567164178,26.140999315537304,0.67,0.72,1,2
base1-60,Ponyta,Base,vintage,Common,40.0,1,2,30,0.43178241642553783,0.2558139534883721,26.140999315537304,0.43,0.54,1,2
base1-61,Rattata,Base,vintage,Common,30.0,0,1,20,0.6780335427498971,0.19753086419753085,26.140999315537304,0.81,0.97,1,2
base1-62,Sandshrew,Base,vintage,Common,40.0,1,1,10,0.5709795465857378,0.13235294117647056,26.140999315537304,0.68,0.77,1,2
base1-63,Squirtle,Base,vintage,Common,40.0,1,2,10,1.3402504226184837,-0.0035335689045937757,26.140999315537304,2.83,2.82,1,2
base1-64,Starmie,Base,vintage,Common,60.0,1,2,20,0.5068176023684519,0.06451612903225823,26.140999315537304,0.62,0.66,1,2
base1-65,Staryu,Base,vintage,Common,40.0,1,1,20,0.44468582126144574,0.1200000000000001,26.140999315537304,0.5,0.56,1,2
base1-66,Tangela,Base,vintage,Common,50.0,2,2,20,0.708035793053696,0.04040404040404044,26.140999315537304,0.99,1.03,1,2
base1-67,Voltorb,Base,vintage,Common,40.0,1,1,10,0.9439058989071284,0.05369127516778538,26.140999315537304,1.49,1.57,1,2
base1-68,Vulpix,Base,vintage,Common,50.0,1,1,10,0.5877866649021191,0.012658227848101333,26.140999315537304,0.79,0.8,1,2
base1-69,Weedle,Base,vintage,Common,40.0,1,1,10,0.4824261492442927,0.24,26.140999315537304,0.5,0.62,1,2
base4-1,Alakazam,Base Set 2,vintage,Rare Holo,80.0,3,1,30,3.6357423557008075,-0.0008116883116883189,25.01574264202601,36.96,36.93,1,2
base4-2,Blastoise,Base Set 2,vintage,Rare Holo,100.0,3,1,40,4.609660091260944,0.01458885941644561,25.01574264202601,98.02,99.45,1,2
base4-3,Chansey,Base Set 2,vintage,Rare Holo,120.0,1,2,80,2.668616131856803,0.04517133956386288,25.01574264202601,12.84,13.42,1,2
base4-4,Charizard,Base Set 2,vintage,Rare Holo,120.0,3,1,100,5.598347882180681,-0.14971233482961355,25.01574264202601,316.34,268.98,1,2
base4-5,Clefable,Base Set 2,vintage,Rare Holo,70.0,2,2,0,2.7120422223717475,0.011510791366906581,25.01574264202601,13.9,14.06,1,2
base4-6,Clefairy,Base Set 2,vintage,Rare Holo,40.0,1,2,0,2.4997952622817508,0.013599274705349051,25.01574264202601,11.03,11.18,1,2
base4-7,Gyarados,Base Set 2,vintage,Rare Holo,100.0,3,2,50,3.3645333972905638,0.03714710252600306,25.01574264202601,26.92,27.92,1,2
base4-8,Hitmonchan,Base Set 2,vintage,Rare Holo,70.0,2,2,40,2.9317269435780786,0.03315881326352521,25.01574264202601,17.19,17.76,1,2
base4-9,Magneton,Base Set 2,vintage,Rare Holo,60.0,1,2,80,2.673458756332591,0.0800640512409927,25.01574264202601,12.49,13.49,1,2
base4-10,Mewtwo,Base Set 2,vintage,Rare Holo,60.0,3,2,10,3.6658666798048634,0.07175014068655039,25.01574264202601,35.54,38.09,1,2
base4-11,Nidoking,Base Set 2,vintage,Rare Holo,90.0,3,2,30,3.385067999732272,0.04583791712504581,25.01574264202601,27.27,28.52,1,2
base4-12,Nidoqueen,Base Set 2,vintage,Rare Holo,90.0,3,2,50,3.0731561705187946,0.0029197080291969435,25.01574264202601,20.55,20.61,1,2
base4-13,Ninetales,Base Set 2,vintage,Rare Holo,80.0,1,2,80,3.210440346047099,-0.01937345424567194,25.01574264202601,24.26,23.79,1,2
base4-14,Pidgeot,Base Set 2,vintage,Rare Holo,80.0,0,2,30,3.2887749522478678,0.04198627371820751,25.01574264202601,24.77,25.81,1,2
base4-15,Poliwrath,Base Set 2,vintage,Rare Holo,90.0,3,2,40,2.5128460184772416,0.017953321364452268,25.01574264202601,11.14,11.34,1,2
base4-16,Raichu,Base Set 2,vintage,Rare Holo,80.0,1,2,60,3.3379025312898416,-0.01594202898550734,25.01574264202601,27.6,27.16,1,2
base4-17,Scyther,Base Set 2,vintage,Rare Holo,70.0,0,2,30,3.12982600803469,0.019580419580419672,25.01574264202601,21.45,21.87,1,2
base4-18,Venusaur,Base Set 2,vintage,Rare Holo,100.0,2,1,60,4.326910252115215,0.0068733153638813604,25.01574264202601,74.2,74.71,1,2
base4-19,Wigglytuff,Base Set 2,vintage,Rare Holo,80.0,2,2,10,2.50715725872282,-0.007922535211267623,25.01574264202601,11.36,11.27,1,2
base4-20,Zapdos,Base Set 2,vintage,Rare Holo,90.0,3,2,100,3.1497400860333387,-0.042042042042042094,25.01574264202601,23.31,22.33,1,2
base4-21,Beedrill,Base Set 2,vintage,Rare,80.0,0,2,40,0.9631743177730056,0.0,25.01574264202601,1.62,1.62,1,2
base4-22,Dragonair,Base Set 2,vintage,Rare,80.0,2,2,30,2.1644717908644115,0.03074866310160429,25.01574264202601,7.48,7.71,1,2
base4-23,Dugtrio,Base Set 2,vintage,Rare,70.0,2,2,70,1.3532545070416904,0.06691449814126393,25.01574264202601,2.69,2.87,1,2
base4-24,Electabuzz,Base Set 2,vintage,Rare,70.0,2,2,30,1.425515074273172,0.104895104895105,25.01574264202601,2.86,3.16,1,2
base4-25,Electrode,Base Set 2,vintage,Rare,80.0,1,1,50,1.4182774069729414,-0.05438066465256808,25.01574264202601,3.31,3.13,1,2
base4-26,Kangaskhan,Base Set 2,vintage,Rare,90.0,3,2,20,1.33500106673234,0.11111111111111094,25.01574264202601,2.52,2.8,1,2
base4-27,Mr. Mime,Base Set 2,vintage,Rare,40.0,1,1,10,1.7595805708638197,0.07606263982102912,25.01574264202601,4.47,4.81,1,2
base4-28,Pidgeotto,Base Set 2,vintage,Rare,60.0,1,2,20,1.7047480922384253,0.013513513513513375,25.01574264202601,4.44,4.5,1,2
base4-29,Pinsir,Base Set 2,vintage,Rare,60.0,1,2,50,1.4793292270870801,0.02108433734939763,25.01574264202601,3.32,3.39,1,2
base4-30,Snorlax,Base Set 2,vintage,Rare,90.0,4,1,30,2.128231705849268,0.1144578313253013,25.01574264202601,6.64,7.4,1,2
base4-31,Venomoth,Base Set 2,vintage,Rare,70.0,0,1,10,1.3887912413184778,0.023809523809523725,25.01574264202601,2.94,3.01,1,2
base4-32,Victreebel,Base Set 2,vintage,Rare,80.0,2,2,20,1.3887912413184778,0.04513888888888884,25.01574264202601,2.88,3.01,1,2
base4-33,Arcanine,Base Set 2,vintage,Uncommon,100.0,3,2,80,1.0152306797290584,0.011494252873563315,25.01574264202601,1.74,1.76,1,2
base4-34,Butterfree,Base Set 2,vintage,Uncommon,70.0,0,2,40,0.9282193027394289,0.09285714285714297,25.01574264202601,1.4,1.53,1,2
base4-35,Charmeleon,Base Set 2,vintage,Uncommon,80.0,1,2,50,1.0367368849500223,0.08982035928143728,25.01574264202601,1.67,1.82,1,2
base4-36,Dewgong,Base Set 2,vintage,Uncommon,80.0,3,2,50,0.712949807856125,0.061224489795918435,25.01574264202601,0.98,1.04,1,2
base4-37,Dodrio,Base Set 2,vintage,Uncommon,70.0,0,1,10,0.9042181506398859,-0.05161290322580647,25.01574264202601,1.55,1.47,1,2
base4-38,Dratini,Base Set 2,vintage,Uncommon,40.0,1,1,10,0.6205764877251099,0.03614457831325302,25.01574264202601,0.83,0.86,1,2
base4-39,Exeggutor,Base Set 2,vintage,Uncommon,80.0,3,2,20,0.8285518175661483,0.03200000000000003,25.01574264202601,1.25,1.29,1,2
base4-40,Farfetch'd,Base Set 2,vintage,Uncommon,50.0,1,2,30,0.412109650826833,-0.019230769230769273,25.01574264202601,0.52,0.51,1,2
base4-41,Fearow,Base Set 2,vintage,Uncommon,70.0,0,2,40,0.6626879730752367,0.021739130434782483,25.01574264202601,0.92,0.94,1,2
base4-42,Growlithe,Base Set 2,vintage,Uncommon,60.0,1,1,20,0.7701082216960736,-0.008547008547008517,25.01574264202601,1.17,1.16,1,2
base4-43,Haunter,Base Set 2,vintage,Uncommon,60.0,1,2,50,0.5306282510621704,0.07692307692307687,25.01574264202601,0.65,0.7,1,2
base4-44,Ivysaur,Base Set 2,vintage,Uncommon,60.0,1,2,30,1.3532545070416904,0.010563380281690238,25.01574264202601,2.84,2.87,1,2
base4-45,Jynx,Base Set 2,vintage,Uncommon,70.0,2,2,20,0.4252677354043441,0.08163265306122458,25.01574264202601,0.49,0.53,1,2
base4-46,Kadabra,Base Set 2,vintage,Uncommon,60.0,3,2,50,0.8064758658669484,0.04201680672268915,25.01574264202601,1.19,1.24,1,2
base4-47,Kakuna,Base Set 2,vintage,Uncommon,80.0,2,2,20,0.6205764877251099,0.04878048780487809,25.01574264202601,0.82,0.86,1,2
base4-48,Lickitung,Base Set 2,vintage,Uncommon,90.0,3,2,10,0.9360933591703349,0.054421768707483054,25.01574264202601,1.47,1.55,1,2
base4-49,Machoke,Base Set 2,vintage,Uncommon,80.0,3,2,60,0.3784364357202451,0.022222222222222143,25.01574264202601,0.45,0.46,1,2
base4-50,Magikarp,Base Set 2,vintage,Uncommon,30.0,1,2,10,0.6043159668533294,0.024691358024691246,25.01574264202601,0.81,0.83,1,2
base4-51,Magmar,Base Set 2,vintage,Uncommon,50.0,2,2,50,0.7419373447293773,0.04761904761904767,25.01574264202601,1.05,1.1,1,2
base4-52,Marowak,Base Set 2,vintage,Uncommon,60.0,1,2,30,0.9477893989335261,0.03947368421052633,25.01574264202601,1.52,1.58,1,2
base4-53,Nidorina,Base Set 2,vintage,Uncommon,70.0,1,2,30,0.5306282510621704,0.06060606060606055,25.01574264202601,0.66,0.7,1,2
base4-54,Nidorino,Base Set 2,vintage,Uncommon,60.0,1,2,50,0.9400072584914712,-0.012658227848101222,25.01574264202601,1.58,1.56,1,2
base4-55,Parasect,Base Set 2,vintage,Uncommon,60.0,1,2,30,0.6097655716208943,-0.10638297872340419,25.01574264202601,0.94,0.84,1,2
base4-56,Persian,Base Set 2,vintage,Uncommon,70.0,0,2,30,0.9321640810304452,0.026666666666666616,25.01574264202601,1.5,1.54,1,2
base4-57,Poliwhirl,Base Set 2,vintage,Uncommon,60.0,1,2,30,0.6418538861723948,0.034482758620689724,25.01574264202601,0.87,0.9,1,2
base4-58,Raticate,Base Set 2,vintage,Uncommon,60.0,1,2,20,0.6418538861723948,0.0,25.01574264202601,0.9,0.9,1,2
base4-59,Rhydon,Base Set 2,vintage,Uncommon,100.0,3,2,50,0.9360933591703349,0.019736842105263275,25.01574264202601,1.52,1.55,1,2
base4-60,Seaking,Base Set 2,vintage,Uncommon,70.0,1,2,30,0.49469624183610705,0.0847457627118644,25.01574264202601,0.59,0.64,1,2
base4-61,Seel,Base Set 2,vintage,Uncommon,60.0,1,1,10,0.6729444732424258,0.18518518518518512,25.01574264202601,0.81,0.96,1,2
base4-62,Tauros,Base Set 2,vintage,Uncommon,60.0,2,2,20,1.2892326482767593,0.06048387096774199,25.01574264202601,2.48,2.63,1,2
base4-63,Wartortle,Base Set 2,vintage,Uncommon,70.0,1,2,40,1.007957920399979,-0.022471910112359605,25.01574264202601,1.78,1.74,1,2
base4-64,Weepinbell,Base Set 2,vintage,Uncommon,70.0,1,2,30,0.4762341789963716,0.07017543859649122,25.01574264202601,0.57,0.61,1,2
base4-65,Abra,Base Set 2,vintage,Common,30.0,0,1,10,0.37156355643248307,0.04651162790697683,25.01574264202601,0.43,0.45,1,2
base4-66,Bellsprout,Base Set 2,vintage,Common,40.0,1,2,10,0.3220834991691133,0.11764705882352944,25.01574264202601,0.34,0.38,1,2
base4-67,Bulbasaur,Base Set 2,vintage,Common,40.0,1,1,20,1.0438040521731147,-0.03157894736842093,25.01574264202601,1.9,1.84,1,2
base4-68,Caterpie,Base Set 2,vintage,Common,40.0,1,1,10,0.35767444427181594,0.10256410256410242,25.01574264202601,0.39,0.43,1,2
base4-69,Charmander,Base Set 2,vintage,Common,50.0,1,2,30,0.7030975114131134,-0.04672897196261683,25.01574264202601,1.07,1.02,1,2
base4-70,Cubone,Base Set 2,vintage,Common,40.0,1,2,10,0.598836501088704,0.09333333333333327,25.01574264202601,0.75,0.82,1,2
base4-71,Diglett,Base Set 2,vintage,Common,30.0,0,2,30,0.3920420877760237,0.06666666666666665,25.01574264202601,0.45,0.48,1,2
base4-72,Doduo,Base Set 2,vintage,Common,50.0,0,1,10,0.2776317365982795,0.06666666666666665,25.01574264202601,0.3,0.32,1,2
base4-73,Drowzee,Base Set 2,vintage,Common,50.0,1,2,10,0.3435897043900769,0.0,25.01574264202601,0.41,0.41,1,2
base4-74,Exeggcute,Base Set 2,vintage,Common,50.0,1,2,20,0.44468582126144574,0.1200000000000001,25.01574264202601,0.5,0.56,1,2
base4-75,Gastly,Base Set 2,vintage,Common,30.0,0,2,0,0.3646431135879093,0.07317073170731714,25.01574264202601,0.41,0.44,1,2
base4-76,Goldeen,Base Set 2,vintage,Common,40.0,0,1,10,0.29266961396282,0.09677419354838723,25.01574264202601,0.31,0.34,1,2
base4-77,Jigglypuff,Base Set 2,vintage,Common,60.0,1,2,20,0.4510756193602166,0.0,25.01574264202601,0.57,0.57,1,2
base4-78,Machop,Base Set 2,vintage,Common,50.0,1,1,20,0.2776317365982795,0.1428571428571428,25.01574264202601,0.28,0.32,1,2
base4-79,Magnemite,Base Set 2,vintage,Common,40.0,1,2,40,0.29266961396282,0.0625,25.01574264202601,0.32,0.34,1,2
base4-80,Meowth,Base Set 2,vintage,Common,50.0,1,1,10,0.4824261492442927,0.16981132075471694,25.01574264202601,0.53,0.62,1,2
base4-81,Metapod,Base Set 2,vintage,Common,70.0,2,2,20,0.31481073984003355,0.05714285714285716,25.01574264202601,0.35,0.37,1,2
base4-82,Nidoran ♀,Base Set 2,vintage,Common,60.0,1,2,10,0.33647223662121295,0.08108108108108114,25.01574264202601,0.37,0.4,1,2
base4-83,Nidoran ♂,Base Set 2,vintage,Common,40.0,1,1,30,0.3506568716131694,0.1351351351351351,25.01574264202601,0.37,0.42,1,2
base4-84,Onix,Base Set 2,vintage,Common,90.0,3,2,10,0.5877866649021191,0.19402985074626855,25.01574264202601,0.67,0.8,1,2
base4-85,Paras,Base Set 2,vintage,Common,40.0,1,2,20,0.4637340162321401,0.07272727272727253,25.01574264202601,0.55,0.59,1,2
base4-86,Pidgey,Base Set 2,vintage,Common,40.0,1,1,10,0.5306282510621704,0.14754098360655732,25.01574264202601,0.61,0.7,1,2
base4-87,Pikachu,Base Set 2,vintage,Common,40.0,1,2,30,0.883767540168595,-0.10691823899371078,25.01574264202601,1.59,1.42,1,2
base4-88,Poliwag,Base Set 2,vintage,Common,40.0,1,1,10,0.2776317365982795,0.0,25.01574264202601,0.32,0.32,1,2
base4-89,Rattata,Base Set 2,vintage,Common,30.0,0,1,20,0.3220834991691133,0.027027027027026973,25.01574264202601,0.37,0.38,1,2
base4-90,Rhyhorn,Base Set 2,vintage,Common,70.0,3,2,30,0.3920420877760237,0.09090909090909083,25.01574264202601,0.44,0.48,1,2
base4-91,Sandshrew,Base Set 2,vintage,Common,40.0,1,1,10,0.3506568716131694,0.024390243902439046,25.01574264202601,0.41,0.42,1,2
base4-92,Spearow,Base Set 2,vintage,Common,50.0,0,2,10,0.3293037471426004,0.0,25.01574264202601,0.39,0.39,1,2
base4-93,Squirtle,Base Set 2,vintage,Common,40.0,1,2,10,0.6626879730752367,-0.010526315789473717,25.01574264202601,0.95,0.94,1,2
base4-94,Starmie,Base Set 2,vintage,Common,60.0,1,2,20,0.4252677354043441,0.06000000000000005,25.01574264202601,0.5,0.53,1,2
base4-95,Staryu,Base Set 2,vintage,Common,40.0,1,1,20,0.29266961396282,0.09677419354838723,25.01574264202601,0.31,0.34,1,2
base4-96,Tangela,Base Set 2,vintage,Common,50.0,2,2,20,0.3435897043900769,0.13888888888888884,25.01574264202601,0.36,0.41,1,2
base4-97,Venonat,Base Set 2,vintage,Common,40.0,1,2,10,0.29266961396282,0.09677419354838723,25.01574264202601,0.31,0.34,1,2
base4-98,Voltorb,Base Set 2,vintage,Common,40.0,1,1,10,0.4054651081081644,0.06382978723404253,25.01574264202601,0.47,0.5,1,2
base4-99,Vulpix,Base Set 2,vintage,Common,50.0,1,1,10,0.6523251860396903,0.1499999999999999,25.01574264202601,0.8,0.92,1,2
base4-100,Weedle,Base Set 2,vintage,Common,40.0,1,1,10,0.3435897043900769,0.13888888888888884,25.01574264202601,0.36,0.41,1,2
base6-1,Alakazam,Legendary Collection,vintage,Rare Holo,80.0,3,1,30,4.86553244778491,0.001945676706358368,22.770704996577688,128.49,128.74,1,2
base6-2,Articuno,Legendary Collection,vintage,Rare Holo,70.0,2,2,50,5.25227342804663,0.0,22.770704996577688,190.0,190.0,1,2
base6-3,Charizard,Legendary Collection,vintage,Rare Holo,120.0,3,1,100,7.090076835776092,0.0,22.770704996577688,1199.0,1199.0,1,2
base6-4,Dark Blastoise,Legendary Collection,vintage,Rare Holo,70.0,2,2,40,5.78339432029125,-0.035413253909158504,22.770704996577688,335.75,323.86,1,2
base6-5,Dark Dragonite,Legendary Collection,vintage,Rare Holo,70.0,2,1,70,4.555559685434757,0.0,22.770704996577688,94.16,94.16,1,2
base6-6,Dark Persian,Legendary Collection,vintage,Rare Holo,60.0,0,2,10,3.550191934340043,-0.0005910165484634966,22.770704996577688,33.84,33.82,1,2
base6-7,Dark Raichu,Legendary Collection,vintage,Rare Holo,70.0,1,1,30,5.095895138047079,0.0,22.770704996577688,162.35,162.35,1,2
base6-8,Dark Slowbro,Legendary Collection,vintage,Rare Holo,60.0,2,1,40,4.6150215020384655,0.0,22.770704996577688,99.99,99.99,1,2
base6-9,Dark Vaporeon,Legendary Collection,vintage,Rare Holo,60.0,1,2,30,5.037147388636367,0.0,22.770704996577688,153.03,153.03,1,2
base6-10,Flareon,Legendary Collection,vintage,Rare Holo,70.0,1,2,60,5.3855953746550975,0.0,22.770704996577688,217.24,217.24,1,2
base6-11,Gengar,Legendary Collection,vintage,Rare Holo,80.0,1,1,30,5.06600692740901,0.0,22.770704996577688,157.54,157.54,1,2
base6-12,Gyarados,Legendary Collection,vintage,Rare Holo,100.0,3,2,50,5.1310814471721224,0.0,22.770704996577688,168.2,168.2,1,2
base6-13,Hitmonlee,Legendary Collection,vintage,Rare Holo,60.0,1,2,50,4.46579316951945,0.0,22.770704996577688,85.99,85.99,1,2
base6-14,Jolteon,Legendary Collection,vintage,Rare Holo,70.0,1,2,20,5.3518107389880365,0.0,22.770704996577688,209.99,209.99,1,2
base6-15,Machamp,Legendary Collection,vintage,Rare Holo,100.0,3,1,60,5.156177599386914,0.0,22.770704996577688,172.5,172.5,1,2
base6-16,Muk,Legendary Collection,vintage,Rare Holo,70.0,2,1,30,3.877431560658527,0.0,22.770704996577688,47.3,47.3,1,2
base6-17,Ninetales,Legendary Collection,vintage,Rare Holo,80.0,1,2,80,4.796781789689138,0.0,22.770704996577688,120.12,120.12,1,2
base6-18,Venusaur,Legendary Collection,vintage,Rare Holo,100.0,2,1,60,5.707110264748875,0.0,22.770704996577688,300.0,300.0,1,2
base6-19,Zapdos,Legendary Collection,vintage,Rare Holo,90.0,3,2,100,5.30325515557766,0.0,22.770704996577688,199.99,199.99,1,2
base6-20,Beedrill,Legendary Collection,vintage,Rare,80.0,0,2,40,4.598447640227264,0.063027027027027,22.770704996577688,92.5,98.33,1,2
base6-21,Butterfree,Legendary Collection,vintage,Rare,70.0,0,2,40,4.0249944840873075,0.0,22.770704996577688,54.98,54.98,1,2
base6-22,Electrode,Legendary Collection,vintage,Rare,90.0,1,2,20,4.1893516658004355,0.0,22.770704996577688,64.98,64.98,1,2
base6-23,Exeggutor,Legendary Collection,vintage,Rare,80.0,3,2,20,3.8383764652598478,0.0,22.770704996577688,45.45,45.45,1,2
base6-24,Golem,Legendary Collection,vintage,Rare,80.0,4,2,100,4.023385473281607,-0.0014553392759686368,22.770704996577688,54.97,54.89,1,2
base6-25,Hypno,Legendary Collection,vintage,Rare,90.0,2,2,30,3.9781852076818147,0.033109972408356336,22.770704996577688,50.74,52.42,1,2
base6-26,Jynx,Legendary Collection,vintage,Rare,70.0,2,2,20,3.814410176561146,0.0,22.770704996577688,44.35,44.35,1,2
base6-27,Kabutops,Legendary Collection,vintage,Rare,60.0,1,2,40,4.208268308540415,0.0,22.770704996577688,66.24,66.24,1,2
base6-28,Magneton,Legendary Collection,vintage,Rare,80.0,2,2,100,4.107754249132018,-0.003166666666666651,22.770704996577688,60.0,59.81,1,2
base6-29,Mewtwo,Legendary Collection,vintage,Rare,60.0,2,2,0,5.86220971125072,0.0,22.770704996577688,350.5,350.5,1,2
base6-30,Moltres,Legendary Collection,vintage,Rare,70.0,2,2,80,4.948759890378168,0.0,22.770704996577688,140.0,140.0,1,2
base6-31,Nidoking,Legendary Collection,vintage,Rare,90.0,3,2,30,4.6441985729555695,0.0,22.770704996577688,102.98,102.98,1,2
base6-32,Nidoqueen,Legendary Collection,vintage,Rare,90.0,3,2,50,3.9941558349666684,-0.014063656550703185,22.770704996577688,54.04,53.28,1,2
base6-33,Pidgeot,Legendary Collection,vintage,Rare,80.0,0,2,30,4.219507705176107,0.0,22.770704996577688,67.0,67.0,1,2
base6-34,Pidgeotto,Legendary Collection,vintage,Rare,60.0,1,2,20,3.612808017162641,0.0,22.770704996577688,36.07,36.07,1,2
base6-35,Rhydon,Legendary Collection,vintage,Rare,100.0,3,2,50,3.8282065193350356,-0.4376797099637455,22.770704996577688,79.99,44.98,1,2
base6-36,Arcanine,Legendary Collection,vintage,Uncommon,100.0,3,2,80,5.301013728095779,0.09211318482841646,22.770704996577688,182.71,199.54,1,2
base6-37,Charmeleon,Legendary Collection,vintage,Uncommon,80.0,1,2,50,4.61512051684126,0.0,22.770704996577688,100.0,100.0,1,2
base6-38,Dark Dragonair,Legendary Collection,vintage,Uncommon,60.0,2,1,20,4.9940993254561565,0.0,22.770704996577688,146.54,146.54,1,2
base6-39,Dark Wartortle,Legendary Collection,vintage,Uncommon,60.0,1,2,10,4.50236196600641,0.0,22.770704996577688,89.23,89.23,1,2
base6-40,Dewgong,Legendary Collection,vintage,Uncommon,80.0,3,2,50,3.7534960971999087,0.0,22.770704996577688,41.67,41.67,1,2
base6-41,Dodrio,Legendary Collection,vintage,Uncommon,70.0,0,1,10,3.7436043538031827,0.06479091378420243,22.770704996577688,38.74,41.25,1,2
base6-42,Fearow,Legendary Collection,vintage,Uncommon,70.0,0,2,40,3.7042605561522386,0.0,22.770704996577688,39.62,39.62,1,2
base6-43,Golduck,Legendary Collection,vintage,Uncommon,70.0,1,2,20,3.8607297110405954,-0.22461230615307648,22.770704996577688,59.97,46.5,1,2
base6-44,Graveler,Legendary Collection,vintage,Uncommon,60.0,2,2,40,3.6712245188752153,0.0,22.770704996577688,38.3,38.3,1,2
base6-45,Growlithe,Legendary Collection,vintage,Uncommon,60.0,1,1,20,4.486386649998124,0.0597465298732649,22.770704996577688,82.85,87.8,1,2
base6-46,Haunter,Legendary Collection,vintage,Uncommon,50.0,0,1,10,5.30325515557766,0.0,22.770704996577688,199.99,199.99,1,2
base6-47,Ivysaur,Legendary Collection,vintage,Uncommon,60.0,1,2,30,4.263383854543109,0.0,22.770704996577688,70.05,70.05,1,2
base6-48,Kabuto,Legendary Collection,vintage,Uncommon,30.0,1,1,10,3.4803165861147547,0.0,22.770704996577688,31.47,31.47,1,2
base6-49,Kadabra,Legendary Collection,vintage,Uncommon,60.0,3,2,50,4.00514898341763,0.0,22.770704996577688,53.88,53.88,1,2
base6-50,Kakuna,Legendary Collection,vintage,Uncommon,80.0,2,2,20,3.661251286996462,0.0,22.770704996577688,37.91,37.91,1,2
base6-51,Machoke,Legendary Collection,vintage,Uncommon,80.0,3,2,60,3.76861442213279,0.034465900757761014,22.770704996577688,40.91,42.32,1,2
base6-52,Magikarp,Legendary Collection,vintage,Uncommon,30.0,1,2,10,5.017279836814924,0.0,22.770704996577688,150.0,150.0,1,2
base6-53,Meowth,Legendary Collection,vintage,Uncommon,50.0,1,1,10,4.170996913743183,0.0,22.770704996577688,63.78,63.78,1,2
base6-54,Metapod,Legendary Collection,vintage,Uncommon,70.0,2,2,20,3.3562000157314196,0.0,22.770704996577688,27.68,27.68,1,2
base6-55,Nidorina,Legendary Collection,vintage,Uncommon,70.0,1,2,30,3.74879794432518,0.0,22.770704996577688,41.47,41.47,1,2
base6-56,Nidorino,Legendary Collection,vintage,Uncommon,60.0,1,2,50,4.092509546276371,0.0,22.770704996577688,58.89,58.89,1,2
base6-57,Omanyte,Legendary Collection,vintage,Uncommon,40.0,1,1,10,3.8284239815518326,0.0,22.770704996577688,44.99,44.99,1,2
base6-58,Omastar,Legendary Collection,vintage,Uncommon,70.0,1,2,30,3.879706403951603,0.0,22.770704996577688,47.41,47.41,1,2
base6-59,Primeape,Legendary Collection,vintage,Uncommon,70.0,1,2,50,3.9316295350670645,0.0,22.770704996577688,49.99,49.99,1,2
base6-60,Rapidash,Legendary Collection,vintage,Uncommon,70.0,0,2,30,4.214495163352562,0.0,22.770704996577688,66.66,66.66,1,2
base6-61,Raticate,Legendary Collection,vintage,Uncommon,60.0,1,2,20,3.644143560272545,0.0,22.770704996577688,37.25,37.25,1,2
base6-62,Sandslash,Legendary Collection,vintage,Uncommon,70.0,1,2,20,3.88936831486334,0.0,22.770704996577688,47.88,47.88,1,2
base6-63,Seadra,Legendary Collection,vintage,Uncommon,60.0,1,2,20,3.742420221041966,0.0,22.770704996577688,41.2,41.2,1,2
base6-64,Snorlax,Legendary Collection,vintage,Uncommon,90.0,4,1,30,5.357576350422958,0.016703571772407777,22.770704996577688,207.74,211.21,1,2
base6-65,Tauros,Legendary Collection,vintage,Uncommon,60.0,2,2,20,3.492560387676128,0.0,22.770704996577688,31.87,31.87,1,2
base6-66,Tentacruel,Legendary Collection,vintage,Uncommon,60.0,0,2,10,4.073971772414164,0.0,22.770704996577688,57.79,57.79,1,2
base6-67,Abra,Legendary Collection,vintage,Common,30.0,0,1,10,4.138999202762532,0.0,22.770704996577688,61.74,61.74,1,2
base6-68,Bulbasaur,Legendary Collection,vintage,Common,40.0,1,1,20,5.30325515557766,0.0,22.770704996577688,199.99,199.99,1,2
base6-69,Caterpie,Legendary Collection,vintage,Common,40.0,1,1,10,3.828641396489095,0.0,22.770704996577688,45.0,45.0,1,2
base6-70,Charmander,Legendary Collection,vintage,Common,50.0,1,2,30,5.59838492127545,0.0,22.770704996577688,268.99,268.99,1,2
base6-71,Doduo,Legendary Collection,vintage,Common,50.0,0,1,10,3.8225358389266098,0.0,22.770704996577688,44.72,44.72,1,2
base6-72,Dratini,Legendary Collection,vintage,Common,40.0,1,1,10,4.709440107163888,0.0,22.770704996577688,109.99,109.99,1,2
base6-73,Drowzee,Legendary Collection,vintage,Common,50.0,1,1,10,4.011506283913096,0.0,22.770704996577688,54.23,54.23,1,2
base6-74,Eevee,Legendary Collection,vintage,Common,50.0,1,2,10,5.58052196499145,0.0,22.770704996577688,264.21,264.21,1,2
base6-75,Exeggcute,Legendary Collection,vintage,Common,50.0,1,2,20,3.7981821890043865,0.0,22.770704996577688,43.62,43.62,1,2
base6-76,Gastly,Legendary Collection,vintage,Common,50.0,0,2,10,4.3945726038424,0.14267352185089988,22.770704996577688,70.02,80.01,1,2
base6-77,Geodude,Legendary Collection,vintage,Common,50.0,1,1,10,3.7293013686128518,0.0,22.770704996577688,40.65,40.65,1,2
base6-78,Grimer,Legendary Collection,vintage,Common,50.0,1,2,10,3.779862101825807,1.0,22.770704996577688,0.52,42.81,1,1
base6-79,Machop,Legendary Collection,vintage,Common,50.0,1,2,30,3.7560707036542595,0.023768684146042718,22.770704996577688,40.81,41.78,1,2
base6-80,Magnemite,Legendary Collection,vintage,Common,40.0,1,2,40,4.204543354520176,0.0,22.770704996577688,65.99,65.99,1,2
base6-81,Mankey,Legendary Collection,vintage,Common,40.0,0,2,20,3.784189633918261,0.0,22.770704996577688,43.0,43.0,1,2
base6-82,Nidoran ♀,Legendary Collection,vintage,Common,60.0,1,2,10,3.940804806853598,0.05059337913803863,22.770704996577688,48.03,50.46,1,2
base6-83,Nidoran ♂,Legendary Collection,vintage,Common,40.0,1,1,30,0.4574248470388754,-0.9843158464034614,22.770704996577688,36.98,0.58,1,2
base6-84,Onix,Legendary Collection,vintage,Common,90.0,3,2,10,3.9642358768750805,0.0,22.770704996577688,51.68,51.68,1,2
base6-85,Pidgey,Legendary Collection,vintage,Common,40.0,1,1,10,3.3666059368925363,-0.011656658424584854,22.770704996577688,28.31,27.98,1,2
base6-86,Pikachu,Legendary Collection,vintage,Common,50.0,1,1,20,5.7557105675165605,-0.030650869364517552,22.770704996577688,324.95,314.99,1,2
base6-87,Ponyta,Legendary Collection,vintage,Common,40.0,1,2,30,4.067144642295446,0.0,22.770704996577688,57.39,57.39,1,2
base6-88,Psyduck,Legendary Collection,vintage,Common,50.0,1,2,20,4.709079649378603,0.0,22.770704996577688,109.95,109.95,1,2
base6-89,Rattata,Legendary Collection,vintage,Common,30.0,0,1,20,3.9316295350670645,0.0,22.770704996577688,49.99,49.99,1,2
base6-90,Rhyhorn,Legendary Collection,vintage,Common,70.0,3,2,30,3.9318256327243257,0.0,22.770704996577688,50.0,50.0,1,2
base6-91,Sandshrew,Legendary Collection,vintage,Common,40.0,1,1,10,3.068052935133617,0.0,22.770704996577688,20.5,20.5,1,2
base6-92,Seel,Legendary Collection,vintage,Common,60.0,1,1,10,3.6299253112702656,0.0,22.770704996577688,36.71,36.71,1,2
base6-93,Slowpoke,Legendary Collection,vintage,Common,50.0,1,2,0,4.196600262926448,0.0,22.770704996577688,65.46,65.46,1,2
base6-94,Spearow,Legendary Collection,vintage,Common,50.0,0,2,10,3.7407600759909254,0.003170731707317076,22.770704996577688,41.0,41.13,1,2
base6-95,Squirtle,Legendary Collection,vintage,Common,40.0,1,2,10,5.288670989496231,0.0,22.770704996577688,197.08,197.08,1,2
base6-96,Tentacool,Legendary Collection,vintage,Common,30.0,0,1,10,3.5298837226234783,0.0,22.770704996577688,33.12,33.12,1,2
base6-97,Voltorb,Legendary Collection,vintage,Common,40.0,1,1,10,3.835141961092188,0.0,22.770704996577688,45.3,45.3,1,2
base6-98,Vulpix,Legendary Collection,vintage,Common,50.0,1,1,10,4.61512051684126,0.0,22.770704996577688,100.0,100.0,1,2
base6-99,Weedle,Legendary Collection,vintage,Common,40.0,1,1,10,3.5313480661272005,0.0,22.770704996577688,33.17,33.17,1,2
basep-2,Electabuzz,Wizards Black Star Promos,vintage,Promo,60.0,2,2,10,1.7011051009599243,0.004484304932735439,25.66735112936345,4.46,4.48,1,2
basep-3,Mewtwo,Wizards Black Star Promos,vintage,Promo,70.0,2,2,40,2.9616582932202395,0.01382743362831862,25.66735112936345,18.08,18.33,1,2
basep-4,Pikachu,Wizards Black Star Promos,vintage,Promo,50.0,1,2,50,2.7180005319553784,-0.007017543859649145,25.66735112936345,14.25,14.15,1,2
basep-5,Dragonite,Wizards Black Star Promos,vintage,Promo,90.0,2,1,60,3.248434627109745,0.20849609375,25.66735112936345,20.48,24.75,1,2
basep-6,Arcanine,Wizards Black Star Promos,vintage,Promo,70.0,1,2,40,2.463853240590168,0.0065543071161049404,25.66735112936345,10.68,10.75,1,2
basep-7,Jigglypuff,Wizards Black Star Promos,vintage,Promo,50.0,1,2,40,2.2731562823032334,-0.0091012514220703,25.66735112936345,8.79,8.71,1,2
basep-8,Mew,Wizards Black Star Promos,vintage,Promo,50.0,1,2,10,1.536867219599265,0.06413994169096204,25.66735112936345,3.43,3.65,1,2
basep-9,Mew,Wizards Black Star Promos,vintage,Promo,50.0,1,2,10,3.7223142302001735,0.009504752376188197,25.66735112936345,39.98,40.36,1,2
basep-10,Meowth,Wizards Black Star Promos,vintage,Promo,50.0,1,1,0,2.9439125248241944,-0.04663487016428203,25.66735112936345,18.87,17.99,1,2
basep-11,Eevee,Wizards Black Star Promos,vintage,Promo,30.0,0,1,20,3.177637076851603,0.09320019020446968,25.66735112936345,21.03,22.99,1,2
basep-12,Mewtwo,Wizards Black Star Promos,vintage,Promo,60.0,2,2,0,3.750209709265542,0.024925962487660325,25.66735112936345,40.52,41.53,1,2
basep-13,Venusaur,Wizards Black Star Promos,vintage,Promo,100.0,2,1,40,4.691531351636135,0.0,25.66735112936345,108.02,108.02,1,2
basep-14,Mewtwo,Wizards Black Star Promos,vintage,Promo,70.0,2,2,40,2.498151876538021,0.012704174228675091,25.66735112936345,11.02,11.16,1,2
basep-15,Cool Porygon,Wizards Black Star Promos,vintage,Promo,50.0,1,2,20,3.6490985841020915,0.0,25.66735112936345,37.44,37.44,1,2
basep-17,Dark Persian,Wizards Black Star Promos,vintage,Promo,60.0,0,2,10,3.7452597875500437,0.004619499149039585,25.66735112936345,41.13,41.32,1,2
basep-18,Team Rocket's Meowth,Wizards Black Star Promos,vintage,Promo,40.0,1,1,0,2.2731562823032334,-0.0011467889908256534,25.66735112936345,8.72,8.71,1,2
basep-19,Sabrina's Abra,Wizards Black Star Promos,vintage,Promo,40.0,0,2,40,3.3105430133940246,0.0,25.66735112936345,26.4,26.4,1,2
basep-20,Psyduck,Wizards Black Star Promos,vintage,Promo,50.0,1,2,10,2.664446563620078,0.08265802269043765,25.66735112936345,12.34,13.36,1,2
basep-21,Moltres,Wizards Black Star Promos,vintage,Promo,70.0,1,1,60,1.8373699804801074,0.1330472103004292,25.66735112936345,4.66,5.28,1,2
basep-22,Articuno,Wizards Black Star Promos,vintage,Promo,70.0,1,1,20,1.944480556245719,0.050877192982456076,25.66735112936345,5.7,5.99,1,2
basep-23,Zapdos,Wizards Black Star Promos,vintage,Promo,70.0,1,1,30,2.132982308607866,0.029045643153526868,25.66735112936345,7.23,7.44,1,2
basep-24,_____'s Pikachu,Wizards Black Star Promos,vintage,Promo,50.0,1,1,30,4.801805477421505,0.040058580289455525,25.66735112936345,116.08,120.73,1,2
basep-25,Flying Pikachu,Wizards Black Star Promos,vintage,Promo,40.0,1,2,30,3.4522073025699003,0.0,25.66735112936345,30.57,30.57,1,2
basep-26,Pikachu,Wizards Black Star Promos,vintage,Promo,40.0,1,2,40,3.3775875160230218,0.0,25.66735112936345,28.3,28.3,1,2
basep-27,Pikachu,Wizards Black Star Promos,vintage,Promo,30.0,0,2,20,2.254444717666111,0.003529411764705781,25.66735112936345,8.5,8.53,1,2
basep-28,Surfing Pikachu,Wizards Black Star Promos,vintage,Promo,50.0,1,1,30,2.528125768907977,0.1270772238514173,25.66735112936345,10.23,11.53,1,2
basep-29,Marill,Wizards Black Star Promos,vintage,Promo,50.0,1,1,20,1.244154593958768,0.04219409282700415,25.66735112936345,2.37,2.47,1,2
basep-30,Togepi,Wizards Black Star Promos,vintage,Promo,30.0,1,2,0,1.80005827204275,0.06540084388185652,25.66735112936345,4.74,5.05,1,2
basep-31,Cleffa,Wizards Black Star Promos,vintage,Promo,30.0,0,1,0,1.824549292051046,0.0379241516966069,25.66735112936345,5.01,5.2,1,2
basep-33,Scizor,Wizards Black Star Promos,vintage,Promo,70.0,2,2,30,1.7561322915849038,-0.012371134020618513,25.66735112936345,4.85,4.79,1,2
basep-34,Entei,Wizards Black Star Promos,vintage,Promo,80.0,1,1,50,2.1983350716202463,0.017789072426937613,25.66735112936345,7.87,8.01,1,2
basep-35,Pichu,Wizards Black Star Promos,vintage,Promo,30.0,0,1,0,3.343568268825519,-0.006545454545454521,25.66735112936345,27.5,27.32,1,2
basep-36,Igglybuff,Wizards Black Star Promos,vintage,Promo,30.0,0,1,0,1.7439688053917064,0.07272727272727253,25.66735112936345,4.4,4.72,1,2
basep-37,Hitmontop,Wizards Black Star Promos,vintage,Promo,60.0,1,2,30,1.3506671834767394,0.04761904761904767,25.66735112936345,2.73,2.86,1,2
basep-38,Unown [J],Wizards Black Star Promos,vintage,Promo,40.0,1,1,10,2.745345985845907,0.06117989803350321,25.66735112936345,13.73,14.57,1,2
basep-39,Misdreavus,Wizards Black Star Promos,vintage,Promo,50.0,1,2,10,1.1314021114911006,0.03960396039603964,25.66735112936345,2.02,2.1,1,2
basep-43,Machamp,Wizards Black Star Promos,vintage,Promo,90.0,3,2,50,2.9407479652212314,0.04062681369704002,25.66735112936345,17.23,17.93,1,2
basep-44,Magmar,Wizards Black Star Promos,vintage,Promo,60.0,2,2,40,2.4458192610799534,-0.01310861423220977,25.66735112936345,10.68,10.54,1,2
basep-45,Scyther,Wizards Black Star Promos,vintage,Promo,60.0,1,1,40,2.8881470628740535,-0.06194690265486713,25.66735112936345,18.08,16.96,1,2
basep-46,Electabuzz,Wizards Black Star Promos,vintage,Promo,60.0,1,2,10,2.644044871126298,-0.05835734870317011,25.66735112936345,13.88,13.07,1,2
basep-47,Mew,Wizards Black Star Promos,vintage,Promo,40.0,1,1,10,3.949126093379648,-0.0048885412592882815,25.66735112936345,51.14,50.89,1,2
basep-48,Articuno,Wizards Black Star Promos,vintage,Promo,80.0,2,1,30,3.457892725338701,0.0022816166883963263,25.66735112936345,30.68,30.75,1,2
basep-49,Snorlax,Wizards Black Star Promos,vintage,Promo,90.0,4,1,30,4.626246511590008,0.0,25.66735112936345,101.13,101.13,1,2
basep-50,Celebi,Wizards Black Star Promos,vintage,Promo,50.0,1,1,20,3.4065165431397553,-0.009510869565217406,25.66735112936345,29.44,29.16,1,2
basep-51,Rapidash,Wizards Black Star Promos,vintage,Promo,60.0,0,2,30,2.9396908826703663,-0.004446914952751402,25.66735112936345,17.99,17.91,1,2
basep-52,Ho-oh,Wizards Black Star Promos,vintage,Promo,80.0,2,1,60,3.005187432324746,0.0,25.66735112936345,19.19,19.19,1,2
basep-53,Suicune,Wizards Black Star Promos,vintage,Promo,70.0,1,1,30,3.456632088550256,0.01086240947992101,25.66735112936345,30.38,30.71,1,2
